Handle,Title,Body (HTML),Vendor,Product Category,Type,Tags,Published,Option1 Name,Option1 Value,Option1 Linked To,Option2 Name,Option2 Value,Option2 Linked To,Option3 Name,Option3 Value,Option3 Linked To,Variant SKU,Variant Grams,Variant Inventory Tracker,Variant Inventory Policy,Variant Fulfillment Service,Variant Price,Variant Compare At Price,Variant Requires Shipping,Variant Taxable,Unit Price Total Measure,Unit Price Total Measure Unit,Unit Price Base Measure,Unit Price Base Measure Unit,Variant Barcode,Image Src,Image Position,Image Alt Text,Gift Card,SEO Title,SEO Description,Color Variants (product.metafields.custom.color_variants),Product Information (product.metafields.custom.product_information),Board game mechanics (product.metafields.shopify.board-game-mechanics),Color (product.metafields.shopify.color-pattern),Dexterity skills (product.metafields.shopify.dexterity-skills),Game features (product.metafields.shopify.game-features),Gameplay skills (product.metafields.shopify.gameplay-skills),Recommended age group (product.metafields.shopify.recommended-age-group),Stationery binding type (product.metafields.shopify.stationery-binding-type),Toy/Game material (product.metafields.shopify.toy-game-material),Complementary products (product.metafields.shopify--discovery--product_recommendation.complementary_products),Related products (product.metafields.shopify--discovery--product_recommendation.related_products),Related products settings (product.metafields.shopify--discovery--product_recommendation.related_products_display),Search product boosts (product.metafields.shopify--discovery--product_search_boost.queries),Variant Image,Variant Weight Unit,Variant Tax Code,Cost per item,Status
fantastic-wood-pistachio,"Fantastic, Wood Pistachio","<p>Discover ""Fantastic"", a rechargeable portable fan designed for your desk or coffee table with a beautiful wooden frame. This fan operates in absolute silence and features three levels of wind speed, offering customizable cooling. With a 360-degree rotation capability, you can direct the breeze precisely where you need it. Experience a refreshing escape on hot summer days like never before. The box includes a USB C cable.</p>",Printworks,Portable Fan,Portable Fan,"medium-bag, SS26, YGroup_Fan",true,Title,Default Title,,,,,,,,PW00824,500,shopify,deny,manual,79,,true,true,,,,,,https://cdn.shopify.com/s/files/1/0724/3038/7509/files/Printworks_fan_wood-pistachio.jpg?v=1767356783,1,,false,,,,"Vendor: Printworks
Type: Portable Fan
Weight: 500g",,,,,,,,,,,,,,kg,,,active
fantastic-wood-pistachio,,,,,,,,,,,,,,,,,,,,,,,,,,,,,,,https://cdn.shopify.com/s/files/1/0724/3038/7509/files/Printworks_fan_wood-pistachio-2.jpg?v=1767356783,2,,,,,,,,,,,,,,,,,,,,,,,
fantastic-wood-pistachio,,,,,,,,,,,,,,,,,,,,,,,,,,,,,,,https://cdn.shopify.com/s/files/1/0724/3038/7509/files/Printworks_fan_wood-pistachio-3.jpg?v=1767356784,3,,,,,,,,,,,,,,,,,,,,,,,
fantastic-wood-petroleum,"Fantastic, Wood Petroleum","<p>Discover ""Fantastic"", a rechargeable portable fan designed for your desk or coffee table with a beautiful wooden frame. This fan operates in absolute silence and features three levels of wind speed, offering customizable cooling. With a 360-degree rotation capability, you can direct the breeze precisely where you need it. Experience a refreshing escape on hot summer days like never before. The box includes a USB C cable.</p>",Printworks,Portable Fan,Portable Fan,"medium-bag, SS26, YGroup_Fan",true,Title,Default Title,,,,,,,,PW00823,500,shopify,deny,manual,79,,true,true,,,,,,https://cdn.shopify.com/s/files/1/0724/3038/7509/files/Printworks_fan_wood-petroleum.jpg?v=1767356560,1,,false,,,,"Vendor: Printworks
Type: Portable Fan
Weight: 500g",,,,,,,,,,,,,,kg,,,active
fantastic-wood-petroleum,,,,,,,,,,,,,,,,,,,,,,,,,,,,,,,https://cdn.shopify.com/s/files/1/0724/3038/7509/files/Printworks_fan_wood-petroleum-2.jpg?v=1767356560,2,,,,,,,,,,,,,,,,,,,,,,,
fantastic-wood-petroleum,,,,,,,,,,,,,,,,,,,,,,,,,,,,,,,https://cdn.shopify.com/s/files/1/0724/3038/7509/files/Printworks_fan_wood-petroleum-3.jpg?v=1767356560,3,,,,,,,,,,,,,,,,,,,,,,,
fantastic-wood-dusty-pink,"Fantastic, Wood Dusty Pink","<p>Discover ""Fantastic"", a rechargeable portable fan designed for your desk or coffee table with a beautiful wooden frame. This fan operates in absolute silence and features three levels of wind speed, offering customizable cooling. With a 360-degree rotation capability, you can direct the breeze precisely where you need it. Experience a refreshing escape on hot summer days like never before. The box includes a USB C cable.</p>",Printworks,Portable Fan,Portable Fan,"medium-bag, SS26, YGroup_Fan",true,Title,Default Title,,,,,,,,PW00822,500,shopify,deny,manual,79,,true,true,,,,,,https://cdn.shopify.com/s/files/1/0724/3038/7509/files/Printworks_fan_wood-dusty-pink.jpg?v=1767350146,1,,false,,,,"Vendor: Printworks
Type: Portable Fan
Weight: 500g",,,,,,,,,,,,,,kg,,,active
fantastic-wood-dusty-pink,,,,,,,,,,,,,,,,,,,,,,,,,,,,,,,https://cdn.shopify.com/s/files/1/0724/3038/7509/files/Printworks_fan_wood-dusty-pink-2.jpg?v=1767350147,2,,,,,,,,,,,,,,,,,,,,,,,
fantastic-wood-dusty-pink,,,,,,,,,,,,,,,,,,,,,,,,,,,,,,,https://cdn.shopify.com/s/files/1/0724/3038/7509/files/Printworks_fan_wood-dusty-pink-3.jpg?v=1767350146,3,,,,,,,,,,,,,,,,,,,,,,,
be-my-guest-white-anthracite,"Be My Guest, White/Anthracite","<p>Discover our ""Be My Guest"" Book in white, presented in an anthracite slipcase for an elegant contrast. Designed with a classic cloth cover and smooth, high-quality pages, it’s made to be cherished for years to come. With 100 pages, it’s a timeless addition to your coffee table or bookshelf.</p>",Printworks,Guest Book,Guest Book,"medium-bag, SS26, YGroup_GuestBook",true,Title,Default Title,,,,,,,,PW00781,990,shopify,deny,manual,35,,true,true,,,,,,https://cdn.shopify.com/s/files/1/0724/3038/7509/files/Printworks_guest-book_grey_5b430029-63a3-4ef7-89f4-72bbdf08aac0.jpg?v=1767886697,1,,false,,,,"Vendor: Printworks
Type: Guest Book
Weight: 990g",,,,,,,,,,,,,,kg,,,active
be-my-guest-white-anthracite,,,,,,,,,,,,,,,,,,,,,,,,,,,,,,,https://cdn.shopify.com/s/files/1/0724/3038/7509/files/Printworks_mood_guest-book_grey.jpg?v=1767886696,2,,,,,,,,,,,,,,,,,,,,,,,
be-my-guest-white-anthracite,,,,,,,,,,,,,,,,,,,,,,,,,,,,,,,https://cdn.shopify.com/s/files/1/0724/3038/7509/files/Printworks_guest-book_grey-3.jpg?v=1767886696,3,,,,,,,,,,,,,,,,,,,,,,,
be-my-guest-white-anthracite,,,,,,,,,,,,,,,,,,,,,,,,,,,,,,,https://cdn.shopify.com/s/files/1/0724/3038/7509/files/Printworks_guest-book_grey-4.jpg?v=1767886696,4,,,,,,,,,,,,,,,,,,,,,,,
be-my-guest-white-anthracite,,,,,,,,,,,,,,,,,,,,,,,,,,,,,,,https://cdn.shopify.com/s/files/1/0724/3038/7509/files/Printworks_guest-book_grey-2.jpg?v=1767886696,5,,,,,,,,,,,,,,,,,,,,,,,
be-my-guest-pink-rust,"Be My Guest, Pink/Rust","<p>Discover our ""Be My Guest"" Book in pink, presented in a rust slipcase - a beautiful way to preserve memories from special occasions and gatherings. With its elegant cloth cover and high-quality pages, there’s plenty of space for heartfelt notes and well wishes. Containing 100 pages, it’s a timeless keepsake to display on your coffee table or shelf.</p>",Printworks,Guest Book,Guest Book,"medium-bag, SS26, YGroup_GuestBook",true,Title,Default Title,,,,,,,,PW00782,990,shopify,deny,manual,35,,true,true,,,,,,https://cdn.shopify.com/s/files/1/0724/3038/7509/files/Printworks_guest-book_rust_b31ad343-70cd-42ae-9e06-6464116c06f6.jpg?v=1767885854,1,,false,,,,"Vendor: Printworks
Type: Guest Book
Weight: 990g",,,,,,,,,,,,,,kg,,,active
be-my-guest-pink-rust,,,,,,,,,,,,,,,,,,,,,,,,,,,,,,,https://cdn.shopify.com/s/files/1/0724/3038/7509/files/Printworks_mood_guest-book_rust.jpg?v=1770822090,2,,,,,,,,,,,,,,,,,,,,,,,
be-my-guest-pink-rust,,,,,,,,,,,,,,,,,,,,,,,,,,,,,,,https://cdn.shopify.com/s/files/1/0724/3038/7509/files/Printworks_guest-book_rust-3.jpg?v=1770822090,3,,,,,,,,,,,,,,,,,,,,,,,
be-my-guest-pink-rust,,,,,,,,,,,,,,,,,,,,,,,,,,,,,,,https://cdn.shopify.com/s/files/1/0724/3038/7509/files/Printworks_guest-book_rust-4.jpg?v=1770822090,4,,,,,,,,,,,,,,,,,,,,,,,
be-my-guest-pink-rust,,,,,,,,,,,,,,,,,,,,,,,,,,,,,,,https://cdn.shopify.com/s/files/1/0724/3038/7509/files/Printworks_guest-book_rust-2.jpg?v=1770822090,5,,,,,,,,,,,,,,,,,,,,,,,
be-my-guest-light-blue-dark-blue,"Be My Guest, Light Blue/Dark Blue","<p>Discover our ""Be My Guest"" Book in light blue, presented in a dark blue slipcase that beautifully frames the design. Featuring a refined cloth cover and generous writing space, it invites guests to share words and memories you’ll treasure for years to come. With 100 pages, it’s both a meaningful keepsake and a stylish detail for your home.</p>",Printworks,Guest Book,Guest Book,"medium-bag, SS26, YGroup_GuestBook",true,Title,Default Title,,,,,,,,PW00779,990,shopify,deny,manual,35,,true,true,,,,,,https://cdn.shopify.com/s/files/1/0724/3038/7509/files/Printworks_guest-book_blue.jpg?v=1767885567,1,,false,,,,"Vendor: Printworks
Type: Guest Book
Weight: 990g",,,,,,,,,,,,,,kg,,,active
be-my-guest-light-blue-dark-blue,,,,,,,,,,,,,,,,,,,,,,,,,,,,,,,https://cdn.shopify.com/s/files/1/0724/3038/7509/files/Printworks_mood_guest-book_blue.jpg?v=1767885567,2,,,,,,,,,,,,,,,,,,,,,,,
be-my-guest-light-blue-dark-blue,,,,,,,,,,,,,,,,,,,,,,,,,,,,,,,https://cdn.shopify.com/s/files/1/0724/3038/7509/files/Printworks_guest-book_blue-3.jpg?v=1767885566,3,,,,,,,,,,,,,,,,,,,,,,,
be-my-guest-light-blue-dark-blue,,,,,,,,,,,,,,,,,,,,,,,,,,,,,,,https://cdn.shopify.com/s/files/1/0724/3038/7509/files/Printworks_guest-book_blue-4.jpg?v=1767885566,4,,,,,,,,,,,,,,,,,,,,,,,
be-my-guest-light-blue-dark-blue,,,,,,,,,,,,,,,,,,,,,,,,,,,,,,,https://cdn.shopify.com/s/files/1/0724/3038/7509/files/Printworks_guest-book_blue-2.jpg?v=1767885566,5,,,,,,,,,,,,,,,,,,,,,,,
be-my-guest-beige-yellow,"Be My Guest, Beige/Yellow","<p>Discover our ""Be My Guest"" Book in beige, presented in a yellow slipcase - a beautiful way to preserve memories from special occasions and gatherings. With its elegant cloth cover and high-quality pages, there’s plenty of space for heartfelt notes and well wishes. Containing 100 pages, it’s a timeless keepsake to display on your coffee table or shelf.</p>",Printworks,Guest Book,Guest Book,"medium-bag, SS26, YGroup_GuestBook",true,Title,Default Title,,,,,,,,PW00780,990,shopify,deny,manual,35,,true,true,,,,,,https://cdn.shopify.com/s/files/1/0724/3038/7509/files/Printworks_guest-book_yellow.jpg?v=1767883911,1,,false,,,,"Vendor: Printworks
Type: Guest Book
Weight: 990g",,,,,,,,,,,,,,kg,,,active
be-my-guest-beige-yellow,,,,,,,,,,,,,,,,,,,,,,,,,,,,,,,https://cdn.shopify.com/s/files/1/0724/3038/7509/files/Printworks_mood_guest-book_yellow.jpg?v=1770822126,2,,,,,,,,,,,,,,,,,,,,,,,
be-my-guest-beige-yellow,,,,,,,,,,,,,,,,,,,,,,,,,,,,,,,https://cdn.shopify.com/s/files/1/0724/3038/7509/files/Printworks_guest-book_yellow-3.jpg?v=1770822126,3,,,,,,,,,,,,,,,,,,,,,,,
be-my-guest-beige-yellow,,,,,,,,,,,,,,,,,,,,,,,,,,,,,,,https://cdn.shopify.com/s/files/1/0724/3038/7509/files/Printworks_guest-book_yellow-4.jpg?v=1770822126,4,,,,,,,,,,,,,,,,,,,,,,,
be-my-guest-beige-yellow,,,,,,,,,,,,,,,,,,,,,,,,,,,,,,,https://cdn.shopify.com/s/files/1/0724/3038/7509/files/Printworks_guest-book_yellow-2.jpg?v=1770822126,5,,,,,,,,,,,,,,,,,,,,,,,
wine-tools-large,"Wine Tools, Premium","<p>Elevate your wine experience with our complete wine kit - a sophisticated toolbox in an elegant, book-like box designed for both connoisseurs and casual enthusiasts. This large edition includes six essential tools for opening, serving, and preserving your wine. A timeless addition to your home bar or a perfect gift for any wine lover. All tools are dishwasher safe. <br><br>Included in this set: <br>• Corkscrew - Effortlessly uncork your favorite bottles with timeless precision and style<br>• Wine Aerator - Enhance every pour - allowing the wine to breathe and reveal its full bouquet<br>• Wine Stopper - Seal your wine elegantly to preserve its aroma and freshness for days<br>• Cork Remover - Gently extract stubborn or broken corks with ease and confidence<br>• Wine Preserver - Keep every drop perfectly fresh by removing air and prolonging flavor<br>• Wine Thermometer - Serve your wine at its ideal temperature for the perfect tasting experience</p>",Printworks,The Essentials,The Essentials,"medium-bag, SS26",true,Title,Default Title,,,,,,,,PW00784,970,shopify,deny,manual,89,,true,true,,,,,,https://cdn.shopify.com/s/files/1/0724/3038/7509/files/Printworks_essentials_largewine.jpg?v=1767966220,1,,false,,,,"Vendor: Printworks
Type: The Essentials
Weight: 970g",,,,,,,,,,,,,,kg,,,active
wine-tools-large,,,,,,,,,,,,,,,,,,,,,,,,,,,,,,,https://cdn.shopify.com/s/files/1/0724/3038/7509/files/Printworks_essentials_largewine-3.jpg?v=1767966220,2,,,,,,,,,,,,,,,,,,,,,,,
wine-tools-large,,,,,,,,,,,,,,,,,,,,,,,,,,,,,,,https://cdn.shopify.com/s/files/1/0724/3038/7509/files/Printworks_mood_Large-Wine_1.jpg?v=1767966220,3,,,,,,,,,,,,,,,,,,,,,,,
wine-tools-large,,,,,,,,,,,,,,,,,,,,,,,,,,,,,,,https://cdn.shopify.com/s/files/1/0724/3038/7509/files/Printworks_essentials_largewine-2.jpg?v=1771837772,4,,,,,,,,,,,,,,,,,,,,,,,
wine-tools-large,,,,,,,,,,,,,,,,,,,,,,,,,,,,,,,https://cdn.shopify.com/s/files/1/0724/3038/7509/files/Printworks_essentials_largewine_4.jpg?v=1771837772,5,,,,,,,,,,,,,,,,,,,,,,,
oyster-caviar-tools,Oyster & Caviar Tools,"<p>Indulge in life’s finest moments with our Oyster &amp; Caviar Kit - an elegant set celebrating the art of slow dining and refined taste. Presented in a luxurious, book-like box, it contains essential tools for serving and enjoying oysters and caviar at their best. Crafted from stainless steel, wood, and ceramic, each piece combines functionality with timeless design. The perfect gift for true gourmets and hosts who appreciate the little luxuries in life. <br><br>Included in this set: <br>• Oyster Knife with wooden block for safe opening <br>• Caviar Spoons in ceramic to preserve delicate flavor <br>• Oyster Forks for serving <br>• Caviar Key for opening tins with ease</p>",Printworks,The Essentials,The Essentials,"medium-bag, SS26",true,Title,Default Title,,,,,,,,PW00785,770,shopify,deny,manual,75,,true,true,,,,,,https://cdn.shopify.com/s/files/1/0724/3038/7509/files/Printworks_essentials_oysters.jpg?v=1767965902,1,,false,,,,"Vendor: Printworks
Type: The Essentials
Weight: 770g",,,,,,,,,,,,,,kg,,,active
oyster-caviar-tools,,,,,,,,,,,,,,,,,,,,,,,,,,,,,,,https://cdn.shopify.com/s/files/1/0724/3038/7509/files/Printworks_essentials_oysters_3.jpg?v=1767965902,2,,,,,,,,,,,,,,,,,,,,,,,
oyster-caviar-tools,,,,,,,,,,,,,,,,,,,,,,,,,,,,,,,https://cdn.shopify.com/s/files/1/0724/3038/7509/files/Printworks_mood_Oyster-Caviar_1.jpg?v=1767965902,3,,,,,,,,,,,,,,,,,,,,,,,
oyster-caviar-tools,,,,,,,,,,,,,,,,,,,,,,,,,,,,,,,https://cdn.shopify.com/s/files/1/0724/3038/7509/files/Printworks_mood_Oyster-Caviar_2.jpg?v=1767965902,4,,,,,,,,,,,,,,,,,,,,,,,
oyster-caviar-tools,,,,,,,,,,,,,,,,,,,,,,,,,,,,,,,https://cdn.shopify.com/s/files/1/0724/3038/7509/files/Printworks_essentials_oysters_2.jpg?v=1767965902,5,,,,,,,,,,,,,,,,,,,,,,,
oyster-caviar-tools,,,,,,,,,,,,,,,,,,,,,,,,,,,,,,,https://cdn.shopify.com/s/files/1/0724/3038/7509/files/Printworks_essentials_oysters_4.jpg?v=1767965343,6,,,,,,,,,,,,,,,,,,,,,,,
cheese-tools-large,"Cheese Tools, Premium","<p>Discover the ultimate set for every cheese lover - a refined toolbox presented in an elegant, book-like box. This larger edition includes four stainless steel tools crafted for all your favorite varieties, from soft and creamy Brie to aged and firm Parmesan. A beautiful and functional centerpiece for any cheese board, and the perfect gift for the bon vivant and anyone who appreciates thoughtful design. All tools are dishwasher safe. <br><br>Included in this set: <br>• Cheese Knife for soft and semi-soft cheeses <br>• Pronged Knife for slicing and serving <br>• Cleaver for hard cheeses like Parmesan <br>• Cheese Plane for smooth, even slices</p>",Printworks,The Essentials,The Essentials,"medium-bag, SS26",true,Title,Default Title,,,,,,,,PW00783,1035,shopify,deny,manual,89,,true,true,,,,,,https://cdn.shopify.com/s/files/1/0724/3038/7509/files/Printworks_essentials_largecheese.jpg?v=1767966163,1,,false,,,,"Vendor: Printworks
Type: The Essentials
Weight: 1035g",,,,,,,,,,,,,,kg,,,active
cheese-tools-large,,,,,,,,,,,,,,,,,,,,,,,,,,,,,,,https://cdn.shopify.com/s/files/1/0724/3038/7509/files/Printworks_essentials_largecheese-3.jpg?v=1767966163,2,,,,,,,,,,,,,,,,,,,,,,,
cheese-tools-large,,,,,,,,,,,,,,,,,,,,,,,,,,,,,,,https://cdn.shopify.com/s/files/1/0724/3038/7509/files/Printworks_mood_Large-Cheese_1.jpg?v=1767966163,3,,,,,,,,,,,,,,,,,,,,,,,
cheese-tools-large,,,,,,,,,,,,,,,,,,,,,,,,,,,,,,,https://cdn.shopify.com/s/files/1/0724/3038/7509/files/Printworks_essentials_largecheese-2.jpg?v=1771837692,4,,,,,,,,,,,,,,,,,,,,,,,
cheese-tools-large,,,,,,,,,,,,,,,,,,,,,,,,,,,,,,,https://cdn.shopify.com/s/files/1/0724/3038/7509/files/Printworks_essentials_largecheese_4.jpg?v=1771837692,5,,,,,,,,,,,,,,,,,,,,,,,
life,Life,"<p>Discover our ‘Life’ Photo Album in soft beige with minimalist white lettering. A timeless design that reminds us it’s the smallest moments that shape the biggest memories. <br><br>This landscape-format album holds 30 pages of premium white photo paper measuring 21x28 cm <span>(60 pages if used double-sided), ready for your memories. Easily attach your photos with our </span><a href=""https://printworksmarket.com/products/photo-album-photo-stickers"">stickers</a><span> or </span><a href=""https://printworksmarket.com/collections/photo-album-accessories/products/photo-album-photo-corners"">corners.</a><br><br>A refined piece to collect your favourite memories, perfectly placed on your coffee table.</p>",Printworks,Photo Album,Photo Album,"medium-bag, SS26, YGroup_PhotoAlbums",true,Title,Default Title,,,,,,,,PW00800,1200,shopify,deny,manual,55,,true,true,,,,,,https://cdn.shopify.com/s/files/1/0724/3038/7509/files/Printworks_photo-album_landscape_life.jpg?v=1767875865,1,,false,,,,"Vendor: Printworks
Type: Photo Album
Weight: 1200g",,,,,,,,,,,,,,kg,,,active
life,,,,,,,,,,,,,,,,,,,,,,,,,,,,,,,https://cdn.shopify.com/s/files/1/0724/3038/7509/files/Printworks_mood_photo-album_landscape-life.jpg?v=1767875865,2,,,,,,,,,,,,,,,,,,,,,,,
life,,,,,,,,,,,,,,,,,,,,,,,,,,,,,,,https://cdn.shopify.com/s/files/1/0724/3038/7509/files/Printworks_photo-album_landscape-life-3.jpg?v=1767875865,3,,,,,,,,,,,,,,,,,,,,,,,
life,,,,,,,,,,,,,,,,,,,,,,,,,,,,,,,https://cdn.shopify.com/s/files/1/0724/3038/7509/files/Printworks_photo-album_landscape-life-2.jpg?v=1767875865,4,,,,,,,,,,,,,,,,,,,,,,,
the-new-look,The New Look,"<p><span lang=""EN-US"">Jewelry Boxes, a refined collection designed to elevate everyday storage. With refined cloth covers, soft sponge padding, and thoughtful compartments, they blend function with statement-worthy design. Available in distinct colors, expressions, and statements, each piece is created to reflect your personal style and find its place on display.</span><br><br>Modern and striking, The New Look stands out in deep blue linen with bold black typography. Inside, a contrasting light blue velvet interior offers generous space for your full jewelry collection - from statement pieces to everyday favorites. A contemporary classic that merges sleek design with refined functionality, perfect for the style-conscious collector.</p>",Printworks,Jewelry Box,Jewelry Box,"small-bag, SS26, YGroup_JewelryBox",true,Title,Default Title,,,,,,,,PW00811,450,shopify,deny,manual,59,,true,true,,,,,,https://cdn.shopify.com/s/files/1/0724/3038/7509/files/Printworks_jewelrybox_the-new-look_4.jpg?v=1767111964,1,,false,,,,"Vendor: Printworks
Type: Jewelry Box
Weight: 450g",,,,,,,,,,,,,,kg,,,active
the-new-look,,,,,,,,,,,,,,,,,,,,,,,,,,,,,,,https://cdn.shopify.com/s/files/1/0724/3038/7509/files/Printworks_jewelrybox_the-new-look_2.jpg?v=1767111965,2,,,,,,,,,,,,,,,,,,,,,,,
the-new-look,,,,,,,,,,,,,,,,,,,,,,,,,,,,,,,https://cdn.shopify.com/s/files/1/0724/3038/7509/files/Printworks_mood_jewelrybox_the-new-look_2.jpg?v=1767111965,3,,,,,,,,,,,,,,,,,,,,,,,
the-new-look,,,,,,,,,,,,,,,,,,,,,,,,,,,,,,,https://cdn.shopify.com/s/files/1/0724/3038/7509/files/Printworks_jewelrybox_the-new-look_3.jpg?v=1767111964,4,,,,,,,,,,,,,,,,,,,,,,,
the-new-look,,,,,,,,,,,,,,,,,,,,,,,,,,,,,,,https://cdn.shopify.com/s/files/1/0724/3038/7509/files/Printworks_mood_jewelrybox_the-new-look_1.jpg?v=1767111965,5,,,,,,,,,,,,,,,,,,,,,,,
the-new-look,,,,,,,,,,,,,,,,,,,,,,,,,,,,,,,https://cdn.shopify.com/s/files/1/0724/3038/7509/files/Printworks_jewelrybox_the-new-look_1.jpg?v=1767111965,6,,,,,,,,,,,,,,,,,,,,,,,
the-bijoux-library,The Bijoux Library,"<p><meta charset=""utf-8""><span lang=""EN-US"">Jewelry Boxes, a refined collection designed to elevate everyday storage. With refined cloth covers, soft sponge padding, and thoughtful compartments, they blend function with statement-worthy design. Available in distinct colors, expressions, and statements, each piece is created to reflect your personal style and find its place on display.</span><br><br>Discover The Bijoux Library, a jewelry box that celebrates the art of adornment. With its soft beige linen exterior and elegant script typography, it opens like a treasured book to reveal a velvet interior in warm tones. Designed with thoughtful compartments for rings, earrings, and necklaces, it’s a refined home for your most precious stories and jewels.</p>",Printworks,Jewelry Box,Jewelry Box,"small-bag, SS26, YGroup_JewelryBox",true,Title,Default Title,,,,,,,,PW00807,310,shopify,deny,manual,49,,true,true,,,,,,https://cdn.shopify.com/s/files/1/0724/3038/7509/files/Printworks_jewelrybox_the-bijoux-library_4.jpg?v=1767111777,1,,false,,,,"Vendor: Printworks
Type: Jewelry Box
Weight: 310g",,,,,,,,,,,,,,kg,,,active
the-bijoux-library,,,,,,,,,,,,,,,,,,,,,,,,,,,,,,,https://cdn.shopify.com/s/files/1/0724/3038/7509/files/Printworks_jewelrybox_the-bijoux-library_2.jpg?v=1767111777,2,,,,,,,,,,,,,,,,,,,,,,,
the-bijoux-library,,,,,,,,,,,,,,,,,,,,,,,,,,,,,,,https://cdn.shopify.com/s/files/1/0724/3038/7509/files/Printworks_mood_jewelrybox_the-bijoux-library_1.jpg?v=1767111777,3,,,,,,,,,,,,,,,,,,,,,,,
the-bijoux-library,,,,,,,,,,,,,,,,,,,,,,,,,,,,,,,https://cdn.shopify.com/s/files/1/0724/3038/7509/files/Printworks_jewelrybox_the-bijoux-library_3.jpg?v=1767111777,4,,,,,,,,,,,,,,,,,,,,,,,
the-bijoux-library,,,,,,,,,,,,,,,,,,,,,,,,,,,,,,,https://cdn.shopify.com/s/files/1/0724/3038/7509/files/Printworks_jewelrybox_the-bijoux-library_1.jpg?v=1767111777,5,,,,,,,,,,,,,,,,,,,,,,,
sassy,Sassy,"<p><meta charset=""utf-8""><span lang=""EN-US"">Jewelry Boxes, a refined collection designed to elevate everyday storage. With refined cloth covers, soft sponge padding, and thoughtful compartments, they blend function with statement-worthy design. Available in distinct colors, expressions, and statements, each piece is created to reflect your personal style and find its place on display.</span><br><br>Meet Sassy - bold, playful, and unapologetically glamorous. The blue linen cover with vibrant pink lettering opens to a soft blush interior, offering compartments for your favorite accessories. A statement piece that captures confidence and personality, perfect for those who like their storage as stylish as their jewelry.</p>",Printworks,Jewelry Box,Jewelry Box,"small-bag, SS26, YGroup_JewelryBox",true,Title,Default Title,,,,,,,,PW00808,310,shopify,deny,manual,49,,true,true,,,,,,https://cdn.shopify.com/s/files/1/0724/3038/7509/files/Printworks_jewelrybox_sassy_4.jpg?v=1767111601,1,,false,,,,"Vendor: Printworks
Type: Jewelry Box
Weight: 310g",,,,,,,,,,,,,,kg,,,active
sassy,,,,,,,,,,,,,,,,,,,,,,,,,,,,,,,https://cdn.shopify.com/s/files/1/0724/3038/7509/files/Printworks_jewelrybox_sassy_2.jpg?v=1767111601,2,,,,,,,,,,,,,,,,,,,,,,,
sassy,,,,,,,,,,,,,,,,,,,,,,,,,,,,,,,https://cdn.shopify.com/s/files/1/0724/3038/7509/files/Printworks_mood_jewelrybox_sassy_1.jpg?v=1767111602,3,,,,,,,,,,,,,,,,,,,,,,,
sassy,,,,,,,,,,,,,,,,,,,,,,,,,,,,,,,https://cdn.shopify.com/s/files/1/0724/3038/7509/files/Printworks_jewelrybox_sassy_3.jpg?v=1771838043,4,,,,,,,,,,,,,,,,,,,,,,,
sassy,,,,,,,,,,,,,,,,,,,,,,,,,,,,,,,https://cdn.shopify.com/s/files/1/0724/3038/7509/files/Printworks_mood_jewelrybox_sassy_2.jpg?v=1771838043,5,,,,,,,,,,,,,,,,,,,,,,,
sassy,,,,,,,,,,,,,,,,,,,,,,,,,,,,,,,https://cdn.shopify.com/s/files/1/0724/3038/7509/files/Printworks_jewelrybox_sassy_1.jpg?v=1771838043,6,,,,,,,,,,,,,,,,,,,,,,,
la-maison-bijoux,La Maison Bijoux,"<p><meta charset=""utf-8""><span lang=""EN-US"">Jewelry Boxes, a refined collection designed to elevate everyday storage. With refined cloth covers, soft sponge padding, and thoughtful compartments, they blend function with statement-worthy design. Available in distinct colors, expressions, and statements, each piece is created to reflect your personal style and find its place on display.</span><br><br>Step into La Maison Bijoux - a jewelry box that feels like a Parisian atelier. Wrapped in warm beige linen with refined white typography, it opens to reveal a soft cream velvet interior with dedicated compartments for rings, necklaces, and cherished keepsakes. A timeless piece that blends elegance and function, made to elevate both your jewelry and your space.</p>",Printworks,Jewelry Box,Jewelry Box,"small-bag, SS26, YGroup_JewelryBox",true,Title,Default Title,,,,,,,,PW00809,310,shopify,deny,manual,49,,true,true,,,,,,https://cdn.shopify.com/s/files/1/0724/3038/7509/files/Printworks_jewelrybox_la-maison-bijoux_4.jpg?v=1767111400,1,,false,,,,"Vendor: Printworks
Type: Jewelry Box
Weight: 310g",,,,,,,,,,,,,,kg,,,active
la-maison-bijoux,,,,,,,,,,,,,,,,,,,,,,,,,,,,,,,https://cdn.shopify.com/s/files/1/0724/3038/7509/files/Printworks_jewelrybox_la-maison-bijoux_2.jpg?v=1767111400,2,,,,,,,,,,,,,,,,,,,,,,,
la-maison-bijoux,,,,,,,,,,,,,,,,,,,,,,,,,,,,,,,https://cdn.shopify.com/s/files/1/0724/3038/7509/files/Printworks_mood_jewelrybox_la-maison-bijoux_2.jpg?v=1767111400,3,,,,,,,,,,,,,,,,,,,,,,,
la-maison-bijoux,,,,,,,,,,,,,,,,,,,,,,,,,,,,,,,https://cdn.shopify.com/s/files/1/0724/3038/7509/files/Printworks_jewelrybox_la-maison-bijoux_3.jpg?v=1767111399,4,,,,,,,,,,,,,,,,,,,,,,,
la-maison-bijoux,,,,,,,,,,,,,,,,,,,,,,,,,,,,,,,https://cdn.shopify.com/s/files/1/0724/3038/7509/files/Printworks_mood_jewelrybox_la-maison-bijoux_1.jpg?v=1767111400,5,,,,,,,,,,,,,,,,,,,,,,,
la-maison-bijoux,,,,,,,,,,,,,,,,,,,,,,,,,,,,,,,https://cdn.shopify.com/s/files/1/0724/3038/7509/files/Printworks_jewelrybox_la-maison-bijoux_1.jpg?v=1767111400,6,,,,,,,,,,,,,,,,,,,,,,,
glow,Glow,"<p><meta charset=""utf-8""><span lang=""EN-US"">Jewelry Boxes, a refined collection designed to elevate everyday storage. With refined cloth covers, soft sponge padding, and thoughtful compartments, they blend function with statement-worthy design. Available in distinct colors, expressions, and statements, each piece is created to reflect your personal style and find its place on display.</span><br><br>Add a radiant touch to your routine with our Glow Jewelry Box. Its soft light grey linen exterior opens to reveal a vivid fuchsia velvet interior - a striking contrast that captures modern femininity. With carefully designed compartments for your most-loved pieces, this small box blends elegance and personality, bringing both color and character to your space.</p>",Printworks,Jewelry Box,Jewelry Box,"small-bag, SS26, YGroup_JewelryBox",true,Title,Default Title,,,,,,,,PW00805,195,shopify,deny,manual,39,,true,true,,,,,,https://cdn.shopify.com/s/files/1/0724/3038/7509/files/Printworks_jewelrybox_glow_4.jpg?v=1767111097,1,,false,,,,"Vendor: Printworks
Type: Jewelry Box
Weight: 195g",,,,,,,,,,,,,,kg,,,active
glow,,,,,,,,,,,,,,,,,,,,,,,,,,,,,,,https://cdn.shopify.com/s/files/1/0724/3038/7509/files/Printworks_jewelrybox_glow_2.jpg?v=1767111098,2,,,,,,,,,,,,,,,,,,,,,,,
glow,,,,,,,,,,,,,,,,,,,,,,,,,,,,,,,https://cdn.shopify.com/s/files/1/0724/3038/7509/files/Printworks_mood_jewelrybox_glow_1.jpg?v=1767111098,3,,,,,,,,,,,,,,,,,,,,,,,
glow,,,,,,,,,,,,,,,,,,,,,,,,,,,,,,,https://cdn.shopify.com/s/files/1/0724/3038/7509/files/Printworks_jewelrybox_glow_3.jpg?v=1771837976,4,,,,,,,,,,,,,,,,,,,,,,,
glow,,,,,,,,,,,,,,,,,,,,,,,,,,,,,,,https://cdn.shopify.com/s/files/1/0724/3038/7509/files/Printworks_jewelrybox_glow_1.jpg?v=1771837976,5,,,,,,,,,,,,,,,,,,,,,,,
gilded,Gilded,"<p><meta charset=""utf-8""><span lang=""EN-US"">Jewelry Boxes, a refined collection designed to elevate everyday storage. With refined cloth covers, soft sponge padding, and thoughtful compartments, they blend function with statement-worthy design. Available in distinct colors, expressions, and statements, each piece is created to reflect your personal style and find its place on display.</span><br><br>Meet Gilded - where understated elegance meets thoughtful design. This large jewelry box, dressed in warm taupe linen with golden typography, opens to reveal a spacious velvet interior with dedicated sections for rings, necklaces, and keepsakes. A refined home for your jewelry collection - graceful enough to display, practical enough to treasure every day.</p>",Printworks,Jewelry Box,Jewelry Box,"small-bag, SS26, YGroup_JewelryBox",true,Title,Default Title,,,,,,,,PW00812,450,shopify,deny,manual,59,,true,true,,,,,,https://cdn.shopify.com/s/files/1/0724/3038/7509/files/Printworks_jewelrybox_gilded_4.jpg?v=1767110876,1,,false,,,,"Vendor: Printworks
Type: Jewelry Box
Weight: 450g",,,,,,,,,,,,,,kg,,,active
gilded,,,,,,,,,,,,,,,,,,,,,,,,,,,,,,,https://cdn.shopify.com/s/files/1/0724/3038/7509/files/Printworks_jewelrybox_gilded_2.jpg?v=1767110876,2,,,,,,,,,,,,,,,,,,,,,,,
gilded,,,,,,,,,,,,,,,,,,,,,,,,,,,,,,,https://cdn.shopify.com/s/files/1/0724/3038/7509/files/Printworks_mood_jewelrybox_gilded_1.jpg?v=1767110875,3,,,,,,,,,,,,,,,,,,,,,,,
gilded,,,,,,,,,,,,,,,,,,,,,,,,,,,,,,,https://cdn.shopify.com/s/files/1/0724/3038/7509/files/Printworks_jewelrybox_gilded_3.jpg?v=1767110876,4,,,,,,,,,,,,,,,,,,,,,,,
gilded,,,,,,,,,,,,,,,,,,,,,,,,,,,,,,,https://cdn.shopify.com/s/files/1/0724/3038/7509/files/Printworks_jewelrybox_gilded_1.jpg?v=1767110876,5,,,,,,,,,,,,,,,,,,,,,,,
a-girls-best-friend-turquoise,"A Girls Best Friend, Turquoise","<p><meta charset=""utf-8""><span lang=""EN-US"">Jewelry Boxes, a refined collection designed to elevate everyday storage. With refined cloth covers, soft sponge padding, and thoughtful compartments, they blend function with statement-worthy design. Available in distinct colors, expressions, and statements, each piece is created to reflect your personal style and find its place on display.</span><br><br>Our A Girl’s Best Friend Jewelry Box in vibrant turquoise brings a playful twist to timeless elegance. Compact yet functional, it features soft velvet-lined compartments for your everyday favorites - from delicate rings to statement earrings. A stylish companion at home or on the go, perfect for anyone who loves a touch of color and sophistication.</p>",Printworks,Jewelry Box,Jewelry Box,"small-bag, SS26, YGroup_JewelryBox",true,Title,Default Title,,,,,,,,PW00806,195,shopify,deny,manual,39,,true,true,,,,,,https://cdn.shopify.com/s/files/1/0724/3038/7509/files/Printworks_jewelrybox_a-girls-best-friends-turkos_4.jpg?v=1767110655,1,,false,,,,"Vendor: Printworks
Type: Jewelry Box
Weight: 195g",,,,,,,,,,,,,,kg,,,active
a-girls-best-friend-turquoise,,,,,,,,,,,,,,,,,,,,,,,,,,,,,,,https://cdn.shopify.com/s/files/1/0724/3038/7509/files/Printworks_jewelrybox_a-girls-best-friends-turkos_2.jpg?v=1767110655,2,,,,,,,,,,,,,,,,,,,,,,,
a-girls-best-friend-turquoise,,,,,,,,,,,,,,,,,,,,,,,,,,,,,,,https://cdn.shopify.com/s/files/1/0724/3038/7509/files/Printworks_mood_jewelrybox_a-girls-best-friends-turkos_1.jpg?v=1767110655,3,,,,,,,,,,,,,,,,,,,,,,,
a-girls-best-friend-turquoise,,,,,,,,,,,,,,,,,,,,,,,,,,,,,,,https://cdn.shopify.com/s/files/1/0724/3038/7509/files/Printworks_jewelrybox_a-girls-best-friends-turkos_3.jpg?v=1771837912,4,,,,,,,,,,,,,,,,,,,,,,,
a-girls-best-friend-turquoise,,,,,,,,,,,,,,,,,,,,,,,,,,,,,,,https://cdn.shopify.com/s/files/1/0724/3038/7509/files/Printworks_jewelrybox_a-girls-best-friends-turkos_1.jpg?v=1771837912,5,,,,,,,,,,,,,,,,,,,,,,,
a-girls-best-friend-beige,"A Girls Best Friend, Beige","<p><meta charset=""utf-8""><span lang=""EN-US"">Jewelry Boxes, a refined collection designed to elevate everyday storage. With refined cloth covers, soft sponge padding, and thoughtful compartments, they blend function with statement-worthy design. Available in distinct colors, expressions, and statements, each piece is created to reflect your personal style and find its place on display.</span><br><br>Discover our A Girl’s Best Friend Jewelry Box in elegant beige - a timeless piece designed to hold your most cherished treasures. The box opens like a book, revealing a soft velvet interior with multiple compartments to organize rings, earrings, necklaces, and bracelets. Perfect for your vanity or nightstand, it keeps your jewelry beautifully displayed while adding a refined touch to your decor.</p>",Printworks,Jewelry Box,Jewelry Box,"small-bag, SS26, YGroup_JewelryBox",true,Title,Default Title,,,,,,,,PW00810,310,shopify,deny,manual,49,,true,true,,,,,,https://cdn.shopify.com/s/files/1/0724/3038/7509/files/Printworks_jewelrybox_a-girls-best-friends-beige_4.jpg?v=1767110319,1,,false,,,,"Vendor: Printworks
Type: Jewelry Box
Weight: 310g",,,,,,,,,,,,,,kg,,,active
a-girls-best-friend-beige,,,,,,,,,,,,,,,,,,,,,,,,,,,,,,,https://cdn.shopify.com/s/files/1/0724/3038/7509/files/Printworks_jewelrybox_a-girls-best-friends-beige_2.jpg?v=1767110320,2,,,,,,,,,,,,,,,,,,,,,,,
a-girls-best-friend-beige,,,,,,,,,,,,,,,,,,,,,,,,,,,,,,,https://cdn.shopify.com/s/files/1/0724/3038/7509/files/Printworks_mood_jewelrybox_a-girls-best-friends-beige_1.jpg?v=1767110319,3,,,,,,,,,,,,,,,,,,,,,,,
a-girls-best-friend-beige,,,,,,,,,,,,,,,,,,,,,,,,,,,,,,,https://cdn.shopify.com/s/files/1/0724/3038/7509/files/Printworks_jewelrybox_a-girls-best-friends-beige_3.jpg?v=1767110319,4,,,,,,,,,,,,,,,,,,,,,,,
a-girls-best-friend-beige,,,,,,,,,,,,,,,,,,,,,,,,,,,,,,,https://cdn.shopify.com/s/files/1/0724/3038/7509/files/Printworks_jewelrybox_a-girls-best-friends-beige_1.jpg?v=1767110319,5,,,,,,,,,,,,,,,,,,,,,,,
live-laugh-love,"Live, Laugh, Love","<p>Discover our ‘Live, Laugh, Love’ Photo Album in calming blue with bold gold and white typography. Designed to celebrate the moments that make life brighter.<br><br>This landscape-format album holds 30 pages of premium white photo paper measuring 21x28 cm <meta charset=""utf-8"">(60 pages if used double-sided), ready for your memories. Easily attach your photos with our <a href=""https://printworksmarket.com/products/photo-album-photo-stickers"">stickers</a> or <a href=""https://printworksmarket.com/collections/photo-album-accessories/products/photo-album-photo-corners"">corners.</a><br><br>A joyful piece to preserve your happiest memories, perfectly placed on your coffee table to bring warmth and colour to your home.</p>",Printworks,Photo Album,Photo Album,"medium-bag, SS26, YGroup_PhotoAlbums",true,Title,Default Title,,,,,,,,PW00799,1200,shopify,deny,manual,55,,true,true,,,,,,https://cdn.shopify.com/s/files/1/0724/3038/7509/files/Printworks_photo-album_live-laugh-love.jpg?v=1767876653,1,,false,,,,"Vendor: Printworks
Type: Photo Album
Weight: 1200g",,,,,,,,,,,,,,kg,,,active
live-laugh-love,,,,,,,,,,,,,,,,,,,,,,,,,,,,,,,https://cdn.shopify.com/s/files/1/0724/3038/7509/files/Printworks_mood_photo-album_live-laugh-love.jpg?v=1767876653,2,,,,,,,,,,,,,,,,,,,,,,,
live-laugh-love,,,,,,,,,,,,,,,,,,,,,,,,,,,,,,,https://cdn.shopify.com/s/files/1/0724/3038/7509/files/Printworks_photo-album_live-laugh-love-3.jpg?v=1767876652,3,,,,,,,,,,,,,,,,,,,,,,,
live-laugh-love,,,,,,,,,,,,,,,,,,,,,,,,,,,,,,,https://cdn.shopify.com/s/files/1/0724/3038/7509/files/Printworks_photo-album_live-laugh-love-2.jpg?v=1767876653,4,,,,,,,,,,,,,,,,,,,,,,,
a-beautiful-life,A Beautiful Life,"<p>Discover our ‘A Beautiful Life’ Photo Album in vibrant pink with elegant gold typography. Designed to capture the people, places, and moments you cherish the most. <br><br>This landscape-format album holds 30 pages of premium white photo paper measuring 28x21 cm (60 pages if used double-sided), ready for your memories. Easily attach your photos with our <a href=""https://printworksmarket.com/products/photo-album-photo-stickers"">stickers</a> or <a href=""https://printworksmarket.com/collections/photo-album-accessories/products/photo-album-photo-corners"">corners.</a><br><br>A striking piece to preserve your memories, perfectly placed on your coffee table as part of your home decor.</p>",Printworks,Photo Album,Photo Album,"medium-bag, SS26, YGroup_PhotoAlbums",true,Title,Default Title,,,,,,,,PW00798,1200,shopify,deny,manual,55,,true,true,,,,,,https://cdn.shopify.com/s/files/1/0724/3038/7509/files/Printworks_photo-album_a-beautiful-life.jpg?v=1767875007,1,,false,,,,"Vendor: Printworks
Type: Photo Album
Weight: 1200g",,,,,,,,,,,,,,kg,,,active
a-beautiful-life,,,,,,,,,,,,,,,,,,,,,,,,,,,,,,,https://cdn.shopify.com/s/files/1/0724/3038/7509/files/Printworks_mood_photo-album_a-beautiful-life.jpg?v=1770822180,2,,,,,,,,,,,,,,,,,,,,,,,
a-beautiful-life,,,,,,,,,,,,,,,,,,,,,,,,,,,,,,,https://cdn.shopify.com/s/files/1/0724/3038/7509/files/Printworks_photo-album_a-beautiful-life-3.jpg?v=1770822180,3,,,,,,,,,,,,,,,,,,,,,,,
a-beautiful-life,,,,,,,,,,,,,,,,,,,,,,,,,,,,,,,https://cdn.shopify.com/s/files/1/0724/3038/7509/files/Printworks_photo-album_a-beautiful-life-2.jpg?v=1770822180,4,,,,,,,,,,,,,,,,,,,,,,,
voyage,"Voyage, Embroidered","<p><span lang=""EN-US""><meta charset=""utf-8"">Voyage is part of our Embroidered Collection, a beautifully crafted collection where textured fabric covers and detailed stitching come together in a refined expression of memory keeping. <meta charset=""utf-8"">Wrapped in an embroidered cloth cover inspired by the spirit of travel and exploration, Voyage captures the romance of new destinations and unforgettable journeys in every detail.</span><br><br><meta charset=""utf-8"">The photo album includes 30 pages of high-quality white photo paper in the size 28x21 cm (60 pages if used double-sided), ready for your memories. The album can hold up to 40 pages, and extra <a href=""https://printworksmarket.com/products/photo-paper-large-white-10-pack"">photo paper</a> (large) is available if you need more space.<br><br><meta charset=""utf-8""><a href=""https://printworksmarket.com/products/photo-album-photo-stickers"">Stickers</a> are included with our embroidered photo albums. <br></p>
<p>A stylish way to preserve your adventures, perfectly placed on your coffee table to inspire new ones.</p>",Printworks,Photo Album,Photo Album,"medium-bag, SS26, YGroup_EmbroideredPhotoAlbum",true,Title,Default Title,,,,,,,,PW00795,1350,shopify,deny,manual,85,,true,true,,,,,,https://cdn.shopify.com/s/files/1/0724/3038/7509/files/Printworks_photo-album_brodyr_voyage.jpg?v=1767874089,1,,false,,,,"Vendor: Printworks
Type: Photo Album
Weight: 1350g",,,,,,,,,,,,,,kg,,,active
voyage,,,,,,,,,,,,,,,,,,,,,,,,,,,,,,,https://cdn.shopify.com/s/files/1/0724/3038/7509/files/Printworks_mood_photo-album_brodyr_voyage.jpg?v=1767874089,2,,,,,,,,,,,,,,,,,,,,,,,
voyage,,,,,,,,,,,,,,,,,,,,,,,,,,,,,,,https://cdn.shopify.com/s/files/1/0724/3038/7509/files/Printworks_photo-album_brodyr_voyage-3.jpg?v=1767874088,3,,,,,,,,,,,,,,,,,,,,,,,
voyage,,,,,,,,,,,,,,,,,,,,,,,,,,,,,,,https://cdn.shopify.com/s/files/1/0724/3038/7509/files/Printworks_photo-album_brodyr_voyage-4.jpg?v=1770899369,4,,,,,,,,,,,,,,,,,,,,,,,
voyage,,,,,,,,,,,,,,,,,,,,,,,,,,,,,,,https://cdn.shopify.com/s/files/1/0724/3038/7509/files/Printworks_mood_photo-album_brodyr_voyage_2.jpg?v=1770899369,5,,,,,,,,,,,,,,,,,,,,,,,
voyage,,,,,,,,,,,,,,,,,,,,,,,,,,,,,,,https://cdn.shopify.com/s/files/1/0724/3038/7509/files/Printworks_photo-album_brodyr_voyage-2.jpg?v=1770899369,6,,,,,,,,,,,,,,,,,,,,,,,
tiny-stories,"Tiny Stories, Embroidered","<p data-start=""99"" data-end=""293"">Tiny Stories is part of our Embroidered Collection, <meta charset=""utf-8""><span lang=""EN-US"">a beautifully crafted collection where textured fabric covers and detailed stitching come together in a refined expression of memory keeping. </span>Wrapped in a colourful embroidered cloth cover inspired by the joy and wonder of childhood, Tiny Stories captures life’s smallest moments and sweetest milestones in every detail.</p>
<p data-start=""99"" data-end=""293"">The photo album includes 30 pages of high-quality white photo paper in the size 28x21 cm (60 pages if used double-sided), ready for your memories. The album can hold up to 40 pages, and extra <a href=""https://printworksmarket.com/products/photo-paper-large-white-10-pack"">photo paper</a> (large) is available if you need more space.<br><br><meta charset=""utf-8""><a href=""https://printworksmarket.com/products/photo-album-photo-stickers"">Stickers</a> are included with our embroidered photo albums.<br></p>
<p>Complement your Baby Album with our <a href=""https://printworksmarket.com/products/baby-album-insert-paper?pr_prod_strat=pinned&amp;pr_rec_id=595e66f1f&amp;pr_rec_pid=8252426256693&amp;pr_ref_pid=8175008579893&amp;pr_seq=uniform"">Baby Album Insert Papers</a> to document your child's key milestones, ensuring you have memories to remember and cherish for a lifetime.<br><br><meta charset=""utf-8"">A playful yet elegant album to celebrate the early years, perfectly placed on your coffee table to brighten every day.<br></p>",Printworks,Baby Photo Album,Baby Photo Album,"medium-bag, SS26, YGroup_EmbroideredPhotoAlbum",true,Title,Default Title,,,,,,,,PW00793,1350,shopify,deny,manual,85,,true,true,,,,,,https://cdn.shopify.com/s/files/1/0724/3038/7509/files/Printworks_photo-album_brodyr_tiny-stories.jpg?v=1767873195,1,,false,,,,"Vendor: Printworks
Type: Baby Photo Album
Weight: 1350g",,,,,,,,,,,,,,kg,,,active
tiny-stories,,,,,,,,,,,,,,,,,,,,,,,,,,,,,,,https://cdn.shopify.com/s/files/1/0724/3038/7509/files/Printworks_mood_photo-album_brodyr_tiny-stories.jpg?v=1767873195,2,,,,,,,,,,,,,,,,,,,,,,,
tiny-stories,,,,,,,,,,,,,,,,,,,,,,,,,,,,,,,https://cdn.shopify.com/s/files/1/0724/3038/7509/files/Printworks_photo-album_brodyr_tiny-stories-3.jpg?v=1767873197,3,,,,,,,,,,,,,,,,,,,,,,,
tiny-stories,,,,,,,,,,,,,,,,,,,,,,,,,,,,,,,https://cdn.shopify.com/s/files/1/0724/3038/7509/files/Printworks_photo-album_brodyr_tiny-stories-4.jpg?v=1767873197,4,,,,,,,,,,,,,,,,,,,,,,,
tiny-stories,,,,,,,,,,,,,,,,,,,,,,,,,,,,,,,https://cdn.shopify.com/s/files/1/0724/3038/7509/files/Printworks_photo-album_brodyr_tiny-stories-2.jpg?v=1767873196,5,,,,,,,,,,,,,,,,,,,,,,,
little-miracle,"Little Miracle, Embroidered","<p data-start=""68"" data-end=""264"">Little Miracle is part of our Embroidered Collection, <meta charset=""utf-8""><span lang=""EN-US"">a beautifully crafted collection where textured fabric covers and detailed stitching come together in a refined expression of memory keeping. </span>Wrapped in a soft cloth cover with delicate embroidery of stars and clouds, Little Miracle captures life’s most precious early moments in every detail.</p>
<p data-start=""68"" data-end=""264""><meta charset=""utf-8"">The photo album includes 30 pages of high-quality white photo paper in the size 28x21 cm (60 pages if used double-sided), ready for your memories. The album can hold up to 40 pages, and extra <a href=""https://printworksmarket.com/products/photo-paper-large-white-10-pack"">photo paper</a> (large) is available if you need more space.<br><br><meta charset=""utf-8""><a href=""https://printworksmarket.com/products/photo-album-photo-stickers"">Stickers</a> are included with our embroidered photo albums.<br></p>
<p>Complement your Baby Album with our <a href=""https://printworksmarket.com/products/baby-album-insert-paper?pr_prod_strat=pinned&amp;pr_rec_id=595e66f1f&amp;pr_rec_pid=8252426256693&amp;pr_ref_pid=8175008579893&amp;pr_seq=uniform"">Baby Album Insert Papers</a> to document your child's key milestones, ensuring you have memories to remember and cherish for a lifetime.<br><br>A tender keepsake for your baby’s earliest memories, perfectly placed on your coffee table to relive those precious first moments.</p>",Printworks,Baby Photo Album,Baby Photo Album,"medium-bag, SS26, YGroup_EmbroideredPhotoAlbum",true,Title,Default Title,,,,,,,,PW00797,1350,shopify,deny,manual,85,,true,true,,,,,,https://cdn.shopify.com/s/files/1/0724/3038/7509/files/Printworks_photo-album_brodyr_little-miracle.jpg?v=1767870506,1,,false,,,,"Vendor: Printworks
Type: Baby Photo Album
Weight: 1350g",,,,,,,,,,,,,,kg,,,active
little-miracle,,,,,,,,,,,,,,,,,,,,,,,,,,,,,,,https://cdn.shopify.com/s/files/1/0724/3038/7509/files/Printworks_mood_photo-album_brodyr_little-miracle.jpg?v=1767870507,2,,,,,,,,,,,,,,,,,,,,,,,
little-miracle,,,,,,,,,,,,,,,,,,,,,,,,,,,,,,,https://cdn.shopify.com/s/files/1/0724/3038/7509/files/Printworks_photo-album_brodyr_little-miracle-3.jpg?v=1767870506,3,,,,,,,,,,,,,,,,,,,,,,,
little-miracle,,,,,,,,,,,,,,,,,,,,,,,,,,,,,,,https://cdn.shopify.com/s/files/1/0724/3038/7509/files/Printworks_photo-album_brodyr_little-miracle-4.jpg?v=1770898818,4,,,,,,,,,,,,,,,,,,,,,,,
little-miracle,,,,,,,,,,,,,,,,,,,,,,,,,,,,,,,https://cdn.shopify.com/s/files/1/0724/3038/7509/files/Printworks_photo-album_brodyr_little-miracle-2.jpg?v=1770898818,5,,,,,,,,,,,,,,,,,,,,,,,
happily-ever-after,"Happily Ever After, Embroidered","<p data-start=""78"" data-end=""278"">Happily Ever After is part of our Embroidered Collection, <meta charset=""utf-8""><span lang=""EN-US"">a beautifully crafted collection where textured fabric covers and detailed stitching come together in a refined expression of memory keeping. </span>Wrapped in a delicately embroidered cloth cover with timeless floral details, Happily Ever After captures the romance of life’s most meaningful promises and celebrations in every detail.</p>
<p data-start=""78"" data-end=""278""><meta charset=""utf-8"">The photo album includes 30 pages of high-quality white photo paper in the size 28x21 cm (60 pages if used double-sided), ready for your memories. The album can hold up to 40 pages, and extra <a href=""https://printworksmarket.com/products/photo-paper-large-white-10-pack"">photo paper</a> (large) is available if you need more space.<br><br><meta charset=""utf-8""><a href=""https://printworksmarket.com/products/photo-album-photo-stickers"">Stickers</a> are included with our embroidered photo albums.<br><br>A graceful keepsake to treasure your most meaningful memories, perfectly placed on your coffee table as a reminder of love and celebration.</p>",Printworks,Wedding Photo Album,Wedding Photo Album,"medium-bag, SS26, YGroup_EmbroideredPhotoAlbum",true,Title,Default Title,,,,,,,,PW00796,1350,shopify,deny,manual,85,,true,true,,,,,,https://cdn.shopify.com/s/files/1/0724/3038/7509/files/Printworks_photo-album_brodyr_happily-ever-after.jpg?v=1767625840,1,,false,,,,"Vendor: Printworks
Type: Wedding Photo Album
Weight: 1350g",,,,,,,,,,,,,,kg,,,active
happily-ever-after,,,,,,,,,,,,,,,,,,,,,,,,,,,,,,,https://cdn.shopify.com/s/files/1/0724/3038/7509/files/Printworks_mood_photo-album_brodyr_happily-ever-after.jpg?v=1767625841,2,,,,,,,,,,,,,,,,,,,,,,,
happily-ever-after,,,,,,,,,,,,,,,,,,,,,,,,,,,,,,,https://cdn.shopify.com/s/files/1/0724/3038/7509/files/Printworks_photo-album_brodyr_happily-ever-after-3.jpg?v=1767625840,3,,,,,,,,,,,,,,,,,,,,,,,
happily-ever-after,,,,,,,,,,,,,,,,,,,,,,,,,,,,,,,https://cdn.shopify.com/s/files/1/0724/3038/7509/files/Printworks_photo-album_brodyr_happily-ever-after-4.jpg?v=1770898948,4,,,,,,,,,,,,,,,,,,,,,,,
happily-ever-after,,,,,,,,,,,,,,,,,,,,,,,,,,,,,,,https://cdn.shopify.com/s/files/1/0724/3038/7509/files/Happily_Ever_After.png?v=1774959688,5,,,,,,,,,,,,,,,,,,,,,,,
happily-ever-after,,,,,,,,,,,,,,,,,,,,,,,,,,,,,,,https://cdn.shopify.com/s/files/1/0724/3038/7509/files/Printworks_mood_photo-album_brodyr_happily-ever-after-2.jpg?v=1774959688,6,,,,,,,,,,,,,,,,,,,,,,,
happily-ever-after,,,,,,,,,,,,,,,,,,,,,,,,,,,,,,,https://cdn.shopify.com/s/files/1/0724/3038/7509/files/Printworks_mood_photo-album_brodyr_happily-ever-after-3.jpg?v=1774959646,7,,,,,,,,,,,,,,,,,,,,,,,
happily-ever-after,,,,,,,,,,,,,,,,,,,,,,,,,,,,,,,https://cdn.shopify.com/s/files/1/0724/3038/7509/files/Printworks_photo-album_brodyr_happily-ever-after-2.jpg?v=1774959598,8,,,,,,,,,,,,,,,,,,,,,,,
dolce-vita,"Dolce Vita, Embroidered","<p><span lang=""EN-US"">Dolce Vita is part of our Embroidered Collection, a beautifully crafted collection where textured fabric covers and detailed stitching come together in a refined expression of memory keeping. <meta charset=""utf-8"">Wrapped in a sky-blue cloth cover with embroidery inspired by sun-drenched days and carefree adventures, Dolce Vita captures the essence of summer in every detail.</span><br><br><meta charset=""utf-8"">The photo album includes 30 pages of high-quality white photo paper in the size 28x21 cm (60 pages if used double-sided), ready for your memories. The album can hold up to 40 pages, and extra <a href=""https://printworksmarket.com/products/photo-paper-large-white-10-pack"">photo paper</a> (large) is available if you need more space. <br><br><meta charset=""utf-8""><a href=""https://printworksmarket.com/products/photo-album-photo-stickers"">Stickers</a> are included with our embroidered photo albums.<br><br>A beautiful way to revisit your favourite summer memories, perfectly placed on your coffee table for an elegant touch.</p>",Printworks,Photo Album,Photo Album,"medium-bag, SS26, YGroup_EmbroideredPhotoAlbum",true,Title,Default Title,,,,,,,,PW00794,1350,shopify,deny,manual,85,,true,true,,,,,,https://cdn.shopify.com/s/files/1/0724/3038/7509/files/Printworks_photo-album_brodyr_la-dolce-vita.jpg?v=1767624466,1,,false,,,,"Vendor: Printworks
Type: Photo Album
Weight: 1350g",,,,,,,,,,,,,,kg,,,active
dolce-vita,,,,,,,,,,,,,,,,,,,,,,,,,,,,,,,https://cdn.shopify.com/s/files/1/0724/3038/7509/files/Printworks_mood_photo-album_brodyr_la-dolce-vita.jpg?v=1767624465,2,,,,,,,,,,,,,,,,,,,,,,,
dolce-vita,,,,,,,,,,,,,,,,,,,,,,,,,,,,,,,https://cdn.shopify.com/s/files/1/0724/3038/7509/files/Printworks_photo-album_brodyr_la-dolce-vita-3.jpg?v=1767624465,3,,,,,,,,,,,,,,,,,,,,,,,
dolce-vita,,,,,,,,,,,,,,,,,,,,,,,,,,,,,,,https://cdn.shopify.com/s/files/1/0724/3038/7509/files/Printworks_photo-album_brodyr_la-dolce-vita-4.jpg?v=1767624468,4,,,,,,,,,,,,,,,,,,,,,,,
dolce-vita,,,,,,,,,,,,,,,,,,,,,,,,,,,,,,,https://cdn.shopify.com/s/files/1/0724/3038/7509/files/Printworks_photo-album_brodyr_la-dolce-vita-2.jpg?v=1767624466,5,,,,,,,,,,,,,,,,,,,,,,,
dogs,"Dogs, Embroidered","<p data-end=""254"" data-start=""68"">Dogs is part of our Embroidered Collection,<span lang=""EN-US""> a beautifully crafted collection where textured fabric covers and detailed stitching come together in a refined expression of memory keeping. </span>Wrapped in a charming cloth cover with playful embroidery inspired by life with dogs, Dogs captures muddy paws, loyal glances, and everyday adventures in every detail.</p>
<p data-end=""254"" data-start=""68""><meta charset=""utf-8""><span>The photo album includes 30 pages of high-quality white photo paper in the size 28x21 cm (60 pages if used double-sided), ready for your memories. </span><span>The album can hold up to 40 pages, and extra </span><a href=""https://printworksmarket.com/products/photo-paper-large-white-10-pack"">photo paper</a><span> (large) is available if you need more space.<br><br><meta charset=""utf-8"">
<a href=""https://printworksmarket.com/products/photo-album-photo-stickers"">Stickers</a> are included with our embroidered photo albums. </span><br><br>A joyful way to collect your favourite moments, perfectly placed on your coffee table to keep those memories always within reach.</p>",Printworks,Dog Photo Album,Dog Photo Album,"medium-bag, SS26, YGroup_EmbroideredPhotoAlbum",true,Title,Default Title,,,,,,,,PW00792,1350,shopify,deny,manual,85,,true,true,,,,,,https://cdn.shopify.com/s/files/1/0724/3038/7509/files/Printworks_photo-album_brodyr_dog-life.jpg?v=1767623403,1,,false,,,,"Vendor: Printworks
Type: Dog Photo Album
Weight: 1350g",,,,,,,,,,,,,,kg,,,active
dogs,,,,,,,,,,,,,,,,,,,,,,,,,,,,,,,https://cdn.shopify.com/s/files/1/0724/3038/7509/files/Printworks_mood_photo-album_brodyr_dog-life.jpg?v=1767623404,2,,,,,,,,,,,,,,,,,,,,,,,
dogs,,,,,,,,,,,,,,,,,,,,,,,,,,,,,,,https://cdn.shopify.com/s/files/1/0724/3038/7509/files/Printworks_photo-album_brodyr_dog-life-3.jpg?v=1767623403,3,,,,,,,,,,,,,,,,,,,,,,,
dogs,,,,,,,,,,,,,,,,,,,,,,,,,,,,,,,https://cdn.shopify.com/s/files/1/0724/3038/7509/files/Printworks_photo-album_brodyr_dog-life-4.jpg?v=1770899017,4,,,,,,,,,,,,,,,,,,,,,,,
dogs,,,,,,,,,,,,,,,,,,,,,,,,,,,,,,,https://cdn.shopify.com/s/files/1/0724/3038/7509/files/Printworks_mood_photo-album_brodyr_dog-life_2.jpg?v=1770899017,5,,,,,,,,,,,,,,,,,,,,,,,
dogs,,,,,,,,,,,,,,,,,,,,,,,,,,,,,,,https://cdn.shopify.com/s/files/1/0724/3038/7509/files/Printworks_photo-album_brodyr_dog-life-2.jpg?v=1770899017,6,,,,,,,,,,,,,,,,,,,,,,,
amour,"Amour, Embroidered","<p data-start=""68"" data-end=""255"">Amour is part of our Embroidered Collection, <meta charset=""utf-8""><span lang=""EN-US"">a beautifully crafted collection where textured fabric covers and detailed stitching come together in a refined expression of memory keeping. </span>Wrapped in a beautifully crafted cloth cover with colourful embroidery celebrating love in all its forms, Amour captures heartfelt moments, quiet gestures, and unforgettable celebrations in every detail.</p>
<p data-start=""68"" data-end=""255"">The photo album includes 30 pages of high-quality white photo paper in the size 28x21 cm (60 pages if used double-sided), ready for your memories. The album can hold up to 40 pages, and extra <a href=""https://printworksmarket.com/products/photo-paper-large-white-10-pack"">photo paper</a> (large) is available if you need more space.<br><br><meta charset=""utf-8""><a href=""https://printworksmarket.com/products/photo-album-photo-stickers"">Stickers</a> are included with our embroidered photo albums.<br><br>A perfect piece to preserve moments filled with joy and affection, beautifully placed on your coffee table as part of your home decor.</p>",Printworks,Photo Album,Photo Album,"medium-bag, SS26, YGroup_EmbroideredPhotoAlbum",true,Title,Default Title,,,,,,,,PW00791,1350,shopify,deny,manual,85,,true,true,,,,,,https://cdn.shopify.com/s/files/1/0724/3038/7509/files/Printworks_photo-album_brodyr_amour.jpg?v=1767620925,1,,false,,,,"Vendor: Printworks
Type: Photo Album
Weight: 1350g",,,,,,,,,,,,,,kg,,,active
amour,,,,,,,,,,,,,,,,,,,,,,,,,,,,,,,https://cdn.shopify.com/s/files/1/0724/3038/7509/files/Printworks_mood_photo-album_brodyr_amour.jpg?v=1767620925,2,,,,,,,,,,,,,,,,,,,,,,,
amour,,,,,,,,,,,,,,,,,,,,,,,,,,,,,,,https://cdn.shopify.com/s/files/1/0724/3038/7509/files/Printworks_photo-album_brodyr_amour-3.jpg?v=1767620925,3,,,,,,,,,,,,,,,,,,,,,,,
amour,,,,,,,,,,,,,,,,,,,,,,,,,,,,,,,https://cdn.shopify.com/s/files/1/0724/3038/7509/files/Printworks_photo-album_brodyr_amour-4.jpg?v=1770898890,4,,,,,,,,,,,,,,,,,,,,,,,
amour,,,,,,,,,,,,,,,,,,,,,,,,,,,,,,,https://cdn.shopify.com/s/files/1/0724/3038/7509/files/Printworks_photo-album_brodyr_amour-2.jpg?v=1770898890,5,,,,,,,,,,,,,,,,,,,,,,,
yatzy-reverra,"Yatzy, Reverra","<p><span lang=""EN-US"">Reverra, where timeless games meet elevated craftsmanship. Encased in smooth faux leather with clean lines and considered detailing, each piece is designed with intention and presence, created not simply to be played, but to live in homes where craftsmanship is appreciated in every detail.</span><br><br>Enjoy a refined version of a timeless favourite with our Yatzy game, presented in a soft faux leather case. Inside you’ll find five black dice, a 50-page scorecard, and a sleek silver pen - all neatly arranged for endless rounds of fun. Instructions are included in English, French, and German. A stylish detail for your home, perfect for relaxed evenings and game nights alike.</p>",Printworks,Game,Game,"small-bag, SS26",true,Title,Default Title,,,,,,,,PW00820,500,shopify,deny,manual,85,,true,true,,,,,,https://cdn.shopify.com/s/files/1/0724/3038/7509/files/Printworks_vegan-leather_yatzy_1.jpg?v=1767109411,1,,false,,,,"Vendor: Printworks
Type: Game
Weight: 500g",,,,,,,,,,,,,,kg,,,active
yatzy-reverra,,,,,,,,,,,,,,,,,,,,,,,,,,,,,,,https://cdn.shopify.com/s/files/1/0724/3038/7509/files/Printworks_mood_vegan-leather_yatzy_1.jpg?v=1767109412,2,,,,,,,,,,,,,,,,,,,,,,,
yatzy-reverra,,,,,,,,,,,,,,,,,,,,,,,,,,,,,,,https://cdn.shopify.com/s/files/1/0724/3038/7509/files/Printworks_vegan-leather_yatzy_2.jpg?v=1767109412,3,,,,,,,,,,,,,,,,,,,,,,,
yatzy-reverra,,,,,,,,,,,,,,,,,,,,,,,,,,,,,,,https://cdn.shopify.com/s/files/1/0724/3038/7509/files/Printworks_mood_vegan-leather_yatzy_2.jpg?v=1767109413,4,,,,,,,,,,,,,,,,,,,,,,,
yatzy-reverra,,,,,,,,,,,,,,,,,,,,,,,,,,,,,,,https://cdn.shopify.com/s/files/1/0724/3038/7509/files/Printworks_vegan-leather_yatzy_3.jpg?v=1768821550,5,,,,,,,,,,,,,,,,,,,,,,,
yatzy-reverra,,,,,,,,,,,,,,,,,,,,,,,,,,,,,,,https://cdn.shopify.com/s/files/1/0724/3038/7509/files/Printworks_vegan-leather_yatzy_4.jpg?v=1768821550,6,,,,,,,,,,,,,,,,,,,,,,,
mahjong-reverra,"Mahjong, Reverra","<p><meta charset=""utf-8""><span lang=""EN-US"">Reverra, where timeless games meet elevated craftsmanship. Encased in smooth faux leather with clean lines and considered detailing, each piece is designed with intention and presence, created not simply to be played, but to live in homes where craftsmanship is appreciated in every detail.</span><br><br>Our Mahjong set brings a modern sense of sophistication to this beloved classic. Presented in an elegant faux leather case, it opens to reveal beautifully crafted tiles and refined detailing throughout. Designed to play the American version of Mahjong, with instructions in English, French, and German. A statement piece that blends tradition and contemporary design - equally striking in play as it is on display.</p>",Printworks,Board Game,Board Game,"large-bag, SS26",true,Title,Default Title,,,,,,,,PW00821,3000,shopify,deny,manual,250,,true,true,,,,,,https://cdn.shopify.com/s/files/1/0724/3038/7509/files/Printworks_vegan-leather_mahjong_1.jpg?v=1767108990,1,,false,,,,"Vendor: Printworks
Type: Board Game
Weight: 3000g",,,,,,,,,,,,,,kg,,,active
mahjong-reverra,,,,,,,,,,,,,,,,,,,,,,,,,,,,,,,https://cdn.shopify.com/s/files/1/0724/3038/7509/files/Printworks_mood_vegan-leather_mahjong_1.jpg?v=1767108992,2,,,,,,,,,,,,,,,,,,,,,,,
mahjong-reverra,,,,,,,,,,,,,,,,,,,,,,,,,,,,,,,https://cdn.shopify.com/s/files/1/0724/3038/7509/files/Printworks_vegan-leather_mahjong_2.jpg?v=1767108990,3,,,,,,,,,,,,,,,,,,,,,,,
mahjong-reverra,,,,,,,,,,,,,,,,,,,,,,,,,,,,,,,https://cdn.shopify.com/s/files/1/0724/3038/7509/files/Printworks_mood_vegan-leather_mahjong_2.jpg?v=1767108990,4,,,,,,,,,,,,,,,,,,,,,,,
mahjong-reverra,,,,,,,,,,,,,,,,,,,,,,,,,,,,,,,https://cdn.shopify.com/s/files/1/0724/3038/7509/files/Printworks_vegan-leather_mahjong_4.jpg?v=1767108992,5,,,,,,,,,,,,,,,,,,,,,,,
mahjong-reverra,,,,,,,,,,,,,,,,,,,,,,,,,,,,,,,https://cdn.shopify.com/s/files/1/0724/3038/7509/files/Printworks_mood_vegan-leather_mahjong_3.jpg?v=1768821630,6,,,,,,,,,,,,,,,,,,,,,,,
mahjong-reverra,,,,,,,,,,,,,,,,,,,,,,,,,,,,,,,https://cdn.shopify.com/s/files/1/0724/3038/7509/files/Printworks_vegan-leather_mahjong_3.jpg?v=1768821630,7,,,,,,,,,,,,,,,,,,,,,,,
double-playing-cards-reverra,"Double Playing Cards, Reverra","<p><meta charset=""utf-8""><span lang=""EN-US"">Reverra, where timeless games meet elevated craftsmanship. Encased in smooth faux leather with clean lines and considered detailing, each piece is designed with intention and presence, created not simply to be played, but to live in homes where craftsmanship is appreciated in every detail.</span><br><br>Our Double Playing Cards set combines sophistication with playfulness, presented in a sleek faux leather case. Inside are two beautifully patterned decks that bring style to every game night. Designed to be as decorative as it is functional, this set is a refined essential - perfect to keep on your coffee table, ready for play.</p>",Printworks,Game,Game,"small-bag, SS26",true,Title,Default Title,,,,,,,,PW00819,500,shopify,deny,manual,75,,true,true,,,,,,https://cdn.shopify.com/s/files/1/0724/3038/7509/files/Printworks_vegan-leather_playing-cards_1.jpg?v=1767108191,1,,false,,,,"Vendor: Printworks
Type: Game
Weight: 500g",,,,,,,,,,,,,,kg,,,active
double-playing-cards-reverra,,,,,,,,,,,,,,,,,,,,,,,,,,,,,,,https://cdn.shopify.com/s/files/1/0724/3038/7509/files/Printworks_mood_vegan-leather_playing-cards_1.jpg?v=1767108191,2,,,,,,,,,,,,,,,,,,,,,,,
double-playing-cards-reverra,,,,,,,,,,,,,,,,,,,,,,,,,,,,,,,https://cdn.shopify.com/s/files/1/0724/3038/7509/files/Printworks_vegan-leather_playing-cards_3.jpg?v=1767108191,3,,,,,,,,,,,,,,,,,,,,,,,
double-playing-cards-reverra,,,,,,,,,,,,,,,,,,,,,,,,,,,,,,,https://cdn.shopify.com/s/files/1/0724/3038/7509/files/Printworks_mood_vegan-leather_playing-cards_2.jpg?v=1767108191,4,,,,,,,,,,,,,,,,,,,,,,,
double-playing-cards-reverra,,,,,,,,,,,,,,,,,,,,,,,,,,,,,,,https://cdn.shopify.com/s/files/1/0724/3038/7509/files/Printworks_vegan-leather_playing-cards_2.jpg?v=1768821846,5,,,,,,,,,,,,,,,,,,,,,,,
chess-reverra,"Chess, Reverra","<p><meta charset=""utf-8""><span lang=""EN-US"">Reverra, where timeless games meet elevated craftsmanship. Encased in smooth faux leather with clean lines and considered detailing, each piece is designed with intention and presence, created not simply to be played, but to live in homes where craftsmanship is appreciated in every detail.</span><br><br>Experience our exclusive Chess set, designed with a clean and contemporary expression in soft faux leather. The board’s calm colour tones and matching pieces create a refined look that complements any interior. Suitable for two players with instructions in English, French, and German. A timeless game of strategy, beautifully updated to bring sophistication to your home — whether played or displayed.</p>",Printworks,Board Game,Board Game,"large-bag, SS26",true,Title,Default Title,,,,,,,,PW00818,1850,shopify,deny,manual,150,,true,true,,,,,,https://cdn.shopify.com/s/files/1/0724/3038/7509/files/Printworks_vegan-leather_chess_1.jpg?v=1767107751,1,,false,,,,"Vendor: Printworks
Type: Board Game
Weight: 1850g",,,,,,,,,,,,,,kg,,,active
chess-reverra,,,,,,,,,,,,,,,,,,,,,,,,,,,,,,,https://cdn.shopify.com/s/files/1/0724/3038/7509/files/Printworks_mood_vegan-leather_chess_2.jpg?v=1767107750,2,,,,,,,,,,,,,,,,,,,,,,,
chess-reverra,,,,,,,,,,,,,,,,,,,,,,,,,,,,,,,https://cdn.shopify.com/s/files/1/0724/3038/7509/files/Printworks_vegan-leather_chess_2.jpg?v=1768821915,3,,,,,,,,,,,,,,,,,,,,,,,
chess-reverra,,,,,,,,,,,,,,,,,,,,,,,,,,,,,,,https://cdn.shopify.com/s/files/1/0724/3038/7509/files/Printworks_mood_vegan-leather_chess_1.jpg?v=1768821915,4,,,,,,,,,,,,,,,,,,,,,,,
chess-reverra,,,,,,,,,,,,,,,,,,,,,,,,,,,,,,,https://cdn.shopify.com/s/files/1/0724/3038/7509/files/Printworks_mood_vegan-leather_chess_3.jpg?v=1768821915,5,,,,,,,,,,,,,,,,,,,,,,,
chess-reverra,,,,,,,,,,,,,,,,,,,,,,,,,,,,,,,https://cdn.shopify.com/s/files/1/0724/3038/7509/files/Printworks_vegan-leather_chess_3.jpg?v=1768821915,6,,,,,,,,,,,,,,,,,,,,,,,
chess-reverra,,,,,,,,,,,,,,,,,,,,,,,,,,,,,,,https://cdn.shopify.com/s/files/1/0724/3038/7509/files/Printworks_vegan-leather_chess_5.jpg?v=1768821915,7,,,,,,,,,,,,,,,,,,,,,,,
chess-reverra,,,,,,,,,,,,,,,,,,,,,,,,,,,,,,,https://cdn.shopify.com/s/files/1/0724/3038/7509/files/Printworks_vegan-leather_chess_4.jpg?v=1768821915,8,,,,,,,,,,,,,,,,,,,,,,,
backgammon-reverra,"Backgammon, Reverra","<p><meta charset=""utf-8""><span lang=""EN-US"">Reverra, where timeless games meet elevated craftsmanship. Encased in smooth faux leather with clean lines and considered detailing, each piece is designed with intention and presence, created not simply to be played, but to live in homes where craftsmanship is appreciated in every detail.</span><br><br>Discover our exclusive Backgammon, crafted in high-quality faux leather for a contemporary look. The case opens to reveal a beautifully designed playing field in harmonious tones, creating the perfect setting for hours of strategic play. Includes easy-to-read instructions in English, French, and German. A timeless classic reimagined, perfectly placed on your coffee table for both play and display.</p>",Printworks,Board Game,Board Game,"large-bag, SS26",true,Title,Default Title,,,,,,,,PW00817,1600,shopify,deny,manual,150,,true,true,,,,,,https://cdn.shopify.com/s/files/1/0724/3038/7509/files/Printworks_vegan-leather_backgammon_1.jpg?v=1767106788,1,,false,,,,"Vendor: Printworks
Type: Board Game
Weight: 1600g",,,,,,,,,,,,,,kg,,,active
backgammon-reverra,,,,,,,,,,,,,,,,,,,,,,,,,,,,,,,https://cdn.shopify.com/s/files/1/0724/3038/7509/files/Printworks_mood_vegan-leather_backgammon_1.jpg?v=1767106787,2,,,,,,,,,,,,,,,,,,,,,,,
backgammon-reverra,,,,,,,,,,,,,,,,,,,,,,,,,,,,,,,https://cdn.shopify.com/s/files/1/0724/3038/7509/files/Printworks_vegan-leather_backgammon_3.jpg?v=1767106787,3,,,,,,,,,,,,,,,,,,,,,,,
backgammon-reverra,,,,,,,,,,,,,,,,,,,,,,,,,,,,,,,https://cdn.shopify.com/s/files/1/0724/3038/7509/files/Printworks_mood_vegan-leather_backgammon_2.jpg?v=1767106787,4,,,,,,,,,,,,,,,,,,,,,,,
backgammon-reverra,,,,,,,,,,,,,,,,,,,,,,,,,,,,,,,https://cdn.shopify.com/s/files/1/0724/3038/7509/files/Printworks_vegan-leather_backgammon_4.jpg?v=1768821461,5,,,,,,,,,,,,,,,,,,,,,,,
backgammon-reverra,,,,,,,,,,,,,,,,,,,,,,,,,,,,,,,https://cdn.shopify.com/s/files/1/0724/3038/7509/files/Printworks_mood_vegan-leather_backgammon_3.jpg?v=1768821461,6,,,,,,,,,,,,,,,,,,,,,,,
backgammon-reverra,,,,,,,,,,,,,,,,,,,,,,,,,,,,,,,https://cdn.shopify.com/s/files/1/0724/3038/7509/files/Printworks_vegan-leather_backgammon_2.jpg?v=1768821461,7,,,,,,,,,,,,,,,,,,,,,,,
pick-up-sticks-classic,"Pick Up Sticks, Classic","<p>Discover a modern twist to your cherished childhood game, Pick up Sticks. The game includes 41 wooden sticks and easy-to-read English, French, and German instructions. With your sticks in hand, let the game begin and see who can master the ultimate pick-up challenge! <br><br>This game is a part of our exclusive collection, ""Classic"", featuring high-quality products with beautiful palettes and typography. Whether you play or display it, it's a guaranteed win.</p>",Printworks,Game,Game,small-bag,true,Title,Default Title,,,,,,,,PW00721,200,shopify,deny,manual,30,,true,true,,,,,,https://cdn.shopify.com/s/files/1/0724/3038/7509/files/Printworks_classic-games_pick-up-sticks-NEW.jpg?v=1767103014,1,,false,,,,"Vendor: Printworks
Type: Game
Weight: 200g",,,,,,,,,,,,,,kg,,,active
pick-up-sticks-classic,,,,,,,,,,,,,,,,,,,,,,,,,,,,,,,https://cdn.shopify.com/s/files/1/0724/3038/7509/files/Printworks_mood_classic-games_pick-up-sticks-NEW.jpg?v=1767103015,2,,,,,,,,,,,,,,,,,,,,,,,
pick-up-sticks-classic,,,,,,,,,,,,,,,,,,,,,,,,,,,,,,,https://cdn.shopify.com/s/files/1/0724/3038/7509/files/Printworks_classic-games_pick-up-sticks_2_NEW.jpg?v=1767103014,3,,,,,,,,,,,,,,,,,,,,,,,
pick-up-sticks-classic,,,,,,,,,,,,,,,,,,,,,,,,,,,,,,,https://cdn.shopify.com/s/files/1/0724/3038/7509/files/Printworks_classic-games_pick-up-sticks_3-NEW.jpg?v=1767103014,4,,,,,,,,,,,,,,,,,,,,,,,
kalaha-classic,"Kalaha, Classic","<p>Explore our contemporary take on the timeless game of Kalaha, a classic with roots dating back over 3,000 years. Crafted entirely from painted wood, the board folds neatly for easy storage and comes in vibrant pink packaging with 48 beautiful gemstone pieces that bring a touch of elegance to every game. <br><br>Step into the world of classic board games with our exclusive Classic Game Series. With a clean, minimalistic design translated into vivid colors, they will elevate your home decor wherever you place them. Whether played or displayed, they are guaranteed to win.</p>",Printworks,Board Game,Board Game,medium-bag,true,Title,Default Title,,,,,,,,PW00688,700,shopify,deny,manual,60,,true,true,,,,,,https://cdn.shopify.com/s/files/1/0724/3038/7509/files/Printworks_classic-games_kalaha_32615e0b-d395-40d8-8510-a8a80b95c110.jpg?v=1767102376,1,,false,,,,"Vendor: Printworks
Type: Board Game
Weight: 700g",,,,,,,,,,,,,,kg,,,active
kalaha-classic,,,,,,,,,,,,,,,,,,,,,,,,,,,,,,,https://cdn.shopify.com/s/files/1/0724/3038/7509/files/Printworks_mood_classic-games_kalaha.jpg?v=1767102376,2,,,,,,,,,,,,,,,,,,,,,,,
kalaha-classic,,,,,,,,,,,,,,,,,,,,,,,,,,,,,,,https://cdn.shopify.com/s/files/1/0724/3038/7509/files/Printworks_classic-games_kalaha-2.jpg?v=1767102376,3,,,,,,,,,,,,,,,,,,,,,,,
kalaha-classic,,,,,,,,,,,,,,,,,,,,,,,,,,,,,,,https://cdn.shopify.com/s/files/1/0724/3038/7509/files/Printworks_classic-games_kalaha-3.jpg?v=1767102376,4,,,,,,,,,,,,,,,,,,,,,,,
yatzy-classic-green,"Yatzy, Classic Green","<p>Discover a modern twist to your beloved game, Yatzy, where aesthetics meet entertainment. Our Classic Yatzy includes five black dice, two black pencils, and a 50-page scorecard. It has easy-to-read English, French, and German instructions.<br><br>This game is a part of our exclusive collection, ""Classic"", featuring high-quality products with beautiful palettes and typography. Enjoy hours of gameplay while also elevating your home wherever you place it. Whether you play or display it, it's a guaranteed win.</p>",Printworks,Game,Game,"small-bag, SS26, YGroup_Yatzy",true,Title,Default Title,,,,,,,,PW00787,300,shopify,deny,manual,25,,true,true,,,,,,https://cdn.shopify.com/s/files/1/0724/3038/7509/files/Printworks_classic-games_yatzyturkos.jpg?v=1767965296,1,,false,,,,"Vendor: Printworks
Type: Game
Weight: 300g",,,,,,,,,,,,,,kg,,,active
yatzy-classic-green,,,,,,,,,,,,,,,,,,,,,,,,,,,,,,,https://cdn.shopify.com/s/files/1/0724/3038/7509/files/Printworks_mood_classic-games_yatzy.jpg?v=1767965296,2,,,,,,,,,,,,,,,,,,,,,,,
yatzy-classic-green,,,,,,,,,,,,,,,,,,,,,,,,,,,,,,,https://cdn.shopify.com/s/files/1/0724/3038/7509/files/Printworks_classic-games_yatzyturkos_2.jpg?v=1767965296,3,,,,,,,,,,,,,,,,,,,,,,,
yatzy-classic-green,,,,,,,,,,,,,,,,,,,,,,,,,,,,,,,https://cdn.shopify.com/s/files/1/0724/3038/7509/files/Printworks_mood_classic-games_yatzy_2.jpg?v=1767965296,4,,,,,,,,,,,,,,,,,,,,,,,
yatzy-classic-green,,,,,,,,,,,,,,,,,,,,,,,,,,,,,,,https://cdn.shopify.com/s/files/1/0724/3038/7509/files/Printworks_classic-games_yatzyturkos_3.jpg?v=1767965296,5,,,,,,,,,,,,,,,,,,,,,,,
ping-pong,Ping Pong,"<p>Transform any table into a ping pong arena with this complete set. The retractable net can be expanded and attached to any flat surface within seconds. Whether you're a retired Olympic gold medalist or a happy amateur, this set promises hours of competitive gameplay. Turn your kitchen or conference room into a raffling competition, or bring it along on your next summer house getaway. Either way, this set guarantees hours of fun exercise for everyone involved. Let the game begin! <br><br>The set includes 2 paddles, 3 balls, 1 net with a maximum length of 169cm / 5.5 feet.</p>",Printworks,Portable Table Tennis,Portable Table Tennis,"large-bag, SS26",true,Title,Default Title,,,,,,,,PW00816,1100,shopify,deny,manual,95,,true,true,,,,,,https://cdn.shopify.com/s/files/1/0724/3038/7509/files/Printworks_ping-pong_ff1a8047-9e9e-40db-8fb7-3ed1fcfed643.jpg?v=1767109693,1,,false,,,,"Vendor: Printworks
Type: Portable Table Tennis
Weight: 1100g",,,,,,,,,,,,,,kg,,,active
ping-pong,,,,,,,,,,,,,,,,,,,,,,,,,,,,,,,https://cdn.shopify.com/s/files/1/0724/3038/7509/files/Printworks_ping-pong-2.jpg?v=1767109693,2,,,,,,,,,,,,,,,,,,,,,,,
lacquered-backgammon-red,"Lacquered Backgammon, Red","<p>Discover our stunning Lacquered Backgammon Set, a true masterpiece of design and elegance. Featuring a large board made of wood and adorned with exquisite acrylic pieces, it beautifully combines classic charm with modern sophistication. Whether you choose to play or display it, this set is sure to impress.</p>",Printworks,Board Game,Board Game,"large-bag, SS26, YGroup_LacqueredBackgammon",true,Title,Default Title,,,,,,,,PW00786,1800,shopify,deny,manual,165,,true,true,,,,,,https://cdn.shopify.com/s/files/1/0724/3038/7509/files/Printworks_laquered-backgammon-red.jpg?v=1767105692,1,,false,,,,"Vendor: Printworks
Type: Board Game
Weight: 1800g",,,,,,,,,,,,,,kg,,,active
lacquered-backgammon-red,,,,,,,,,,,,,,,,,,,,,,,,,,,,,,,https://cdn.shopify.com/s/files/1/0724/3038/7509/files/Printworks_mood_laquered-backgammon-red-1.jpg?v=1767105691,2,,,,,,,,,,,,,,,,,,,,,,,
lacquered-backgammon-red,,,,,,,,,,,,,,,,,,,,,,,,,,,,,,,https://cdn.shopify.com/s/files/1/0724/3038/7509/files/Printworks_laquered-backgammon-red-5.jpg?v=1767105691,3,,,,,,,,,,,,,,,,,,,,,,,
lacquered-backgammon-red,,,,,,,,,,,,,,,,,,,,,,,,,,,,,,,https://cdn.shopify.com/s/files/1/0724/3038/7509/files/Printworks_mood_laquered-backgammon-red-2.jpg?v=1767105692,4,,,,,,,,,,,,,,,,,,,,,,,
lacquered-backgammon-red,,,,,,,,,,,,,,,,,,,,,,,,,,,,,,,https://cdn.shopify.com/s/files/1/0724/3038/7509/files/Printworks_laquered-backgammon-red-2.jpg?v=1767105690,5,,,,,,,,,,,,,,,,,,,,,,,
lacquered-backgammon-red,,,,,,,,,,,,,,,,,,,,,,,,,,,,,,,https://cdn.shopify.com/s/files/1/0724/3038/7509/files/Printworks_laquered-backgammon-red-4.jpg?v=1769696205,6,,,,,,,,,,,,,,,,,,,,,,,
lacquered-backgammon-red,,,,,,,,,,,,,,,,,,,,,,,,,,,,,,,https://cdn.shopify.com/s/files/1/0724/3038/7509/files/Printworks_laquered-backgammon-red-3.jpg?v=1769696205,7,,,,,,,,,,,,,,,,,,,,,,,
chess-mirror-blue,"Chess Mirror, Blue","<p>Discover our ""Art of Chess - Mirror"" in light blue and copper, crafted with a thin mirrored acrylic surface that adds a refined and contemporary touch. The board and pieces are made of wood, and the box is covered in high-quality art paper. Designed to open like a book, it fits perfectly on your coffee table - a timeless game that doubles as a beautiful interior piece.</p>",Printworks,Board Game,Board Game,"medium-bag, SS26, YGroup_ChessMirror",true,Title,Default Title,,,,,,,,PW00788,1000,shopify,deny,manual,125,,true,true,,,,,,https://cdn.shopify.com/s/files/1/0724/3038/7509/files/Printworks_art-of-games_chess-mirror-blue-2.jpg?v=1767095615,1,,false,,,,"Vendor: Printworks
Type: Board Game
Weight: 1000g",,,,,,,,,,,,,,kg,,,active
chess-mirror-blue,,,,,,,,,,,,,,,,,,,,,,,,,,,,,,,https://cdn.shopify.com/s/files/1/0724/3038/7509/files/Printworks_mood_art-of-games_chess-mirror-blue.jpg?v=1770713808,2,,,,,,,,,,,,,,,,,,,,,,,
chess-mirror-blue,,,,,,,,,,,,,,,,,,,,,,,,,,,,,,,https://cdn.shopify.com/s/files/1/0724/3038/7509/files/Printworks_art-of-games_chess-mirror-blue-3.jpg?v=1771344221,3,,,,,,,,,,,,,,,,,,,,,,,
chess-mirror-blue,,,,,,,,,,,,,,,,,,,,,,,,,,,,,,,https://cdn.shopify.com/s/files/1/0724/3038/7509/files/Printworks_mood_art-of-games_chess-mirror-blue_2.jpg?v=1771344221,4,,,,,,,,,,,,,,,,,,,,,,,
chess-mirror-blue,,,,,,,,,,,,,,,,,,,,,,,,,,,,,,,https://cdn.shopify.com/s/files/1/0724/3038/7509/files/Printworks_art-of-games_chess-mirror-blue.jpg?v=1771344221,5,,,,,,,,,,,,,,,,,,,,,,,
chess-mirror-blue,,,,,,,,,,,,,,,,,,,,,,,,,,,,,,,https://cdn.shopify.com/s/files/1/0724/3038/7509/files/Printworks_art-of-games_chess-mirror-blue-4.jpg?v=1771344221,6,,,,,,,,,,,,,,,,,,,,,,,
art-of-backgammon-mirror-dark-blue-copper,"Art Of Backgammon Mirror, Dark Blue/Copper","<p>Discover our ""Art of Backgammon - Mirror"" in dark blue and copper, featuring a mirrored acrylic surface that reflects light beautifully for a modern yet timeless look. The design opens like a book and blends seamlessly with your home decor, making it as elegant on display as it is during play. Enjoy moments of strategy and style with this modern classic.</p>",Printworks,Board Game,Board Game,"large-bag, SS26, YGroup_MirrorBackgammon",true,Title,Default Title,,,,,,,,PW00790,1000,shopify,deny,manual,125,,true,true,,,,,,https://cdn.shopify.com/s/files/1/0724/3038/7509/files/Printworks_art-of-games_backgammon-blue-mirror_1.jpg?v=1767095287,1,,false,,,,"Vendor: Printworks
Type: Board Game
Weight: 1000g",,,,,,,,,,,,,,kg,,,active
art-of-backgammon-mirror-dark-blue-copper,,,,,,,,,,,,,,,,,,,,,,,,,,,,,,,https://cdn.shopify.com/s/files/1/0724/3038/7509/files/Printworks_mood_art-of-games_backgammon-blue-mirror_1.jpg?v=1767095287,2,,,,,,,,,,,,,,,,,,,,,,,
art-of-backgammon-mirror-dark-blue-copper,,,,,,,,,,,,,,,,,,,,,,,,,,,,,,,https://cdn.shopify.com/s/files/1/0724/3038/7509/files/Printworks_art-of-games_backgammon-blue-mirror_3.jpg?v=1771346284,3,,,,,,,,,,,,,,,,,,,,,,,
art-of-backgammon-mirror-dark-blue-copper,,,,,,,,,,,,,,,,,,,,,,,,,,,,,,,https://cdn.shopify.com/s/files/1/0724/3038/7509/files/Printworks_mood_art-of-games_backgammon-blue-mirror_2.jpg?v=1771346284,4,,,,,,,,,,,,,,,,,,,,,,,
art-of-backgammon-mirror-dark-blue-copper,,,,,,,,,,,,,,,,,,,,,,,,,,,,,,,https://cdn.shopify.com/s/files/1/0724/3038/7509/files/Printworks_art-of-games_backgammon-blue-mirror_2.jpg?v=1771346284,5,,,,,,,,,,,,,,,,,,,,,,,
art-of-backgammon-mirror-dark-blue-copper,,,,,,,,,,,,,,,,,,,,,,,,,,,,,,,https://cdn.shopify.com/s/files/1/0724/3038/7509/files/Printworks_art-of-games_backgammon-blue-mirror_4.jpg?v=1771346284,6,,,,,,,,,,,,,,,,,,,,,,,
art-of-backgammon-mirror-beige-clear,"Art Of Backgammon Mirror, Beige/Clear","<p>Discover our ""Art of Backgammon - Mirror"" in beige, featuring a thin layer of mirrored acrylic that gives the board a refined, contemporary expression. The design opens like a book and fits perfectly on your coffee table when not in use - a timeless game that doubles as a beautiful interior piece. Enjoy moments of strategy and style with this modern classic.</p>",Printworks,Board Game,Board Game,"large-bag, SS26, YGroup_MirrorBackgammon",true,Title,Default Title,,,,,,,,PW00789,1000,shopify,deny,manual,125,,true,true,,,,,,https://cdn.shopify.com/s/files/1/0724/3038/7509/files/Printworks_art-of-games_backgammon-beige-mirror_1.jpg?v=1767093919,1,,false,,,,"Vendor: Printworks
Type: Board Game
Weight: 1000g",,,,,,,,,,,,,,kg,,,active
art-of-backgammon-mirror-beige-clear,,,,,,,,,,,,,,,,,,,,,,,,,,,,,,,https://cdn.shopify.com/s/files/1/0724/3038/7509/files/Printworks_mood_art-of-games_backgammon-beige-mirror_1.jpg?v=1767093919,2,,,,,,,,,,,,,,,,,,,,,,,
art-of-backgammon-mirror-beige-clear,,,,,,,,,,,,,,,,,,,,,,,,,,,,,,,https://cdn.shopify.com/s/files/1/0724/3038/7509/files/Printworks_art-of-games_backgammon-beige-mirror_2.jpg?v=1767093918,3,,,,,,,,,,,,,,,,,,,,,,,
art-of-backgammon-mirror-beige-clear,,,,,,,,,,,,,,,,,,,,,,,,,,,,,,,https://cdn.shopify.com/s/files/1/0724/3038/7509/files/Printworks_art-of-games_backgammon-beige-mirror_3.jpg?v=1767093919,4,,,,,,,,,,,,,,,,,,,,,,,
art-of-backgammon-mirror-beige-clear,,,,,,,,,,,,,,,,,,,,,,,,,,,,,,,https://cdn.shopify.com/s/files/1/0724/3038/7509/files/Printworks_mood_art-of-games_backgammon-beige-mirror_2.jpg?v=1767093919,5,,,,,,,,,,,,,,,,,,,,,,,
art-of-backgammon-mirror-beige-clear,,,,,,,,,,,,,,,,,,,,,,,,,,,,,,,https://cdn.shopify.com/s/files/1/0724/3038/7509/files/Printworks_art-of-games_backgammon-beige-mirror_4.jpg?v=1767093918,6,,,,,,,,,,,,,,,,,,,,,,,
crepe-paper-flower-set,Crepe Paper Flower Set,"<p><meta charset=""utf-8"">Created in collaboration with botanical paper artist Susan Beech. Bring everlasting blooms to life with The Paper Florist - a creative kit designed for those who love both craft and beauty. Inside this elegant box, you’ll find everything you need to create your own stunning paper flowers — from pastel-colored crepe paper rolls to floral wire, glue, and precision scissors. Whether you’re crafting a delicate daisy or a bold peony, this set invites you to slow down, explore your creativity, and enjoy the art of making something timeless. A perfect gift for design lovers, hobbyists, or anyone who finds joy in flowers that never fade. <br><br>Included in this set:</p>
<p>• 10 rolls of premium crepe paper in assorted colors <br>• Floral wire bundle <br>• Precision cutting tool <br>• Craft glue</p>",Printworks,Crafting Tool,Crafting Tool,"medium-bag, SS26",true,Title,Default Title,,,,,,,,PW00778,700,shopify,deny,manual,65,,true,true,,,,,,https://cdn.shopify.com/s/files/1/0724/3038/7509/files/Printworks_paper-florist.jpg?v=1767883134,1,,false,,,,"Vendor: Printworks
Type: Crafting Tool
Weight: 700g",,,,,,,,,,,,,,kg,,,active
crepe-paper-flower-set,,,,,,,,,,,,,,,,,,,,,,,,,,,,,,,https://cdn.shopify.com/s/files/1/0724/3038/7509/files/Crepe_Paperflower_01.png?v=1774883510,2,,,,,,,,,,,,,,,,,,,,,,,
crepe-paper-flower-set,,,,,,,,,,,,,,,,,,,,,,,,,,,,,,,https://cdn.shopify.com/s/files/1/0724/3038/7509/files/Crepe_Paperflower_02.png?v=1774883681,3,,,,,,,,,,,,,,,,,,,,,,,
crepe-paper-flower-set,,,,,,,,,,,,,,,,,,,,,,,,,,,,,,,https://cdn.shopify.com/s/files/1/0724/3038/7509/files/Printworks_mood_paper-florist_1.jpg?v=1774883681,4,,,,,,,,,,,,,,,,,,,,,,,
crepe-paper-flower-set,,,,,,,,,,,,,,,,,,,,,,,,,,,,,,,https://cdn.shopify.com/s/files/1/0724/3038/7509/files/Crepe_Paperflower_03.png?v=1774883596,5,,,,,,,,,,,,,,,,,,,,,,,
crepe-paper-flower-set,,,,,,,,,,,,,,,,,,,,,,,,,,,,,,,https://cdn.shopify.com/s/files/1/0724/3038/7509/files/Printworks_paper-florist-2.jpg?v=1774883568,6,,,,,,,,,,,,,,,,,,,,,,,
thanks-blue,"Thanks, Blue 10-pack","<p>For moments worth celebrating and gestures worth remembering. The Thanks set in calming shades of sky and navy blue features refined gold-foil lettering and coordinating envelopes - a thoughtful essential for any occasion of appreciation.<br><br><meta charset=""utf-8"">The set includes 10 cards and 10 envelopes. <br></p>",Printworks,Card & Envelope Set,Card & Envelope Set,small-bag,true,Title,Default Title,,,,,,,,PW00802,200,shopify,deny,manual,19,,true,true,,,,,,https://cdn.shopify.com/s/files/1/0724/3038/7509/files/Printworks_cards_blue_1.jpg?v=1767879929,1,,false,,,,"Vendor: Printworks
Type: Card & Envelope Set
Weight: 200g",,,,,,,,,,,,,,kg,,,active
thanks-blue,,,,,,,,,,,,,,,,,,,,,,,,,,,,,,,https://cdn.shopify.com/s/files/1/0724/3038/7509/files/Printworks_mood_cards_blue_1.jpg?v=1767879930,2,,,,,,,,,,,,,,,,,,,,,,,
thanks-blue,,,,,,,,,,,,,,,,,,,,,,,,,,,,,,,https://cdn.shopify.com/s/files/1/0724/3038/7509/files/Printworks_cards_blue_4.jpg?v=1767879930,3,,,,,,,,,,,,,,,,,,,,,,,
thanks-blue,,,,,,,,,,,,,,,,,,,,,,,,,,,,,,,https://cdn.shopify.com/s/files/1/0724/3038/7509/files/Printworks_cards_blue_2.jpg?v=1767879930,4,,,,,,,,,,,,,,,,,,,,,,,
thanks-blue,,,,,,,,,,,,,,,,,,,,,,,,,,,,,,,https://cdn.shopify.com/s/files/1/0724/3038/7509/files/Printworks_cards_blue_3.jpg?v=1767879930,5,,,,,,,,,,,,,,,,,,,,,,,
thanks-beige,"Thanks, Beige 10-pack","<p>Express your gratitude beautifully with the Thanks card set in soft beige and blush tones. Crafted for meaningful gifting and elegant correspondence, each card and envelope is finished with delicate gold-foil details - because saying thank you never goes out of style.<br><br><meta charset=""utf-8"">The set includes 10 cards and 10 envelopes. <br></p>",Printworks,Card & Envelope Set,Card & Envelope Set,small-bag,true,Title,Default Title,,,,,,,,PW00801,200,shopify,deny,manual,19,,true,true,,,,,,https://cdn.shopify.com/s/files/1/0724/3038/7509/files/Printworks_cards_beige_1.jpg?v=1767879714,1,,false,,,,"Vendor: Printworks
Type: Card & Envelope Set
Weight: 200g",,,,,,,,,,,,,,kg,,,active
thanks-beige,,,,,,,,,,,,,,,,,,,,,,,,,,,,,,,https://cdn.shopify.com/s/files/1/0724/3038/7509/files/Printworks_mood_cards_beige_1.jpg?v=1767879715,2,,,,,,,,,,,,,,,,,,,,,,,
thanks-beige,,,,,,,,,,,,,,,,,,,,,,,,,,,,,,,https://cdn.shopify.com/s/files/1/0724/3038/7509/files/Printworks_cards_beige_4.jpg?v=1767879714,3,,,,,,,,,,,,,,,,,,,,,,,
thanks-beige,,,,,,,,,,,,,,,,,,,,,,,,,,,,,,,https://cdn.shopify.com/s/files/1/0724/3038/7509/files/Printworks_cards_beige_2.jpg?v=1767879714,4,,,,,,,,,,,,,,,,,,,,,,,
thanks-beige,,,,,,,,,,,,,,,,,,,,,,,,,,,,,,,https://cdn.shopify.com/s/files/1/0724/3038/7509/files/Printworks_cards_beige_3.jpg?v=1767879714,5,,,,,,,,,,,,,,,,,,,,,,,
hooray-grey,"Hooray, Grey 10-pack","<p>The perfect choice for celebrating life’s milestones with timeless sophistication. Our Hooray set in soft grey features elegant gold-foil typography and matching envelopes - ideal for stylish gifting and thoughtful notes that last beyond the moment.<br><br><meta charset=""utf-8"">The set includes 10 cards and 10 envelopes. <br></p>",Printworks,Card & Envelope Set,Card & Envelope Set,small-bag,true,Title,Default Title,,,,,,,,PW00804,200,shopify,deny,manual,19,,true,true,,,,,,https://cdn.shopify.com/s/files/1/0724/3038/7509/files/Printworks_cards_grey_1.jpg?v=1767879488,1,,false,,,,"Vendor: Printworks
Type: Card & Envelope Set
Weight: 200g",,,,,,,,,,,,,,kg,,,active
hooray-grey,,,,,,,,,,,,,,,,,,,,,,,,,,,,,,,https://cdn.shopify.com/s/files/1/0724/3038/7509/files/Printworks_mood_cards_grey_1.jpg?v=1767879488,2,,,,,,,,,,,,,,,,,,,,,,,
hooray-grey,,,,,,,,,,,,,,,,,,,,,,,,,,,,,,,https://cdn.shopify.com/s/files/1/0724/3038/7509/files/Printworks_cards_grey_4.jpg?v=1767879488,3,,,,,,,,,,,,,,,,,,,,,,,
hooray-grey,,,,,,,,,,,,,,,,,,,,,,,,,,,,,,,https://cdn.shopify.com/s/files/1/0724/3038/7509/files/Printworks_cards_grey_2.jpg?v=1767879488,4,,,,,,,,,,,,,,,,,,,,,,,
hooray-grey,,,,,,,,,,,,,,,,,,,,,,,,,,,,,,,https://cdn.shopify.com/s/files/1/0724/3038/7509/files/Printworks_cards_grey_3.jpg?v=1767879488,5,,,,,,,,,,,,,,,,,,,,,,,
hooray-cerise,"Hooray, Cerise 10-pack","<p>Celebrate life’s moments in style with our Hooray card set in vibrant cerise and pink. Designed for joyful gifting and heartfelt messages, each card features gold-foil details and comes with a matching envelope - a chic way to say congratulations, well done, or simply hooray!<br><br>The set includes 10 cards and 10 envelopes.</p>",Printworks,Card & Envelope Set,Card & Envelope Set,small-bag,true,Title,Default Title,,,,,,,,PW00803,200,shopify,deny,manual,19,,true,true,,,,,,https://cdn.shopify.com/s/files/1/0724/3038/7509/files/Printworks_cards_cerise_1.jpg?v=1767878064,1,,false,,,,"Vendor: Printworks
Type: Card & Envelope Set
Weight: 200g",,,,,,,,,,,,,,kg,,,active
hooray-cerise,,,,,,,,,,,,,,,,,,,,,,,,,,,,,,,https://cdn.shopify.com/s/files/1/0724/3038/7509/files/Printworks_mood_cards_cerise_1.jpg?v=1767878064,2,,,,,,,,,,,,,,,,,,,,,,,
hooray-cerise,,,,,,,,,,,,,,,,,,,,,,,,,,,,,,,https://cdn.shopify.com/s/files/1/0724/3038/7509/files/Printworks_cards_cerise_4.jpg?v=1767878064,3,,,,,,,,,,,,,,,,,,,,,,,
hooray-cerise,,,,,,,,,,,,,,,,,,,,,,,,,,,,,,,https://cdn.shopify.com/s/files/1/0724/3038/7509/files/Printworks_cards_cerise_2.jpg?v=1767878064,4,,,,,,,,,,,,,,,,,,,,,,,
hooray-cerise,,,,,,,,,,,,,,,,,,,,,,,,,,,,,,,https://cdn.shopify.com/s/files/1/0724/3038/7509/files/Printworks_cards_cerise_3.jpg?v=1767878064,5,,,,,,,,,,,,,,,,,,,,,,,
happy-birthday-red,"Greeting Card, Happy Birthday","<p data-start=""761"" data-end=""1052""><meta charset=""utf-8""><meta charset=""utf-8"">For celebrations that call for something bold yet timeless. The Happy Birthday card in rich red features white lettering and gold-foil details and a matching envelope — a statement piece for marking another year.<br><br data-start=""1612"" data-end=""1615"">The set includes 1 card and 1 envelope.<br></p>",Printworks,Card & Envelope Set,Card & Envelope Set,"skip-klaviyo, YBlocklist",true,Title,Default Title,,,,,,,,PW00826,0,shopify,deny,manual,6,,true,true,,,,,,https://cdn.shopify.com/s/files/1/0724/3038/7509/files/Printworks_card_happy-birthday-pink_2.jpg?v=1769003737,1,,false,,,,"Vendor: Printworks
Type: Card & Envelope Set",,,,,,,,,,,,,,kg,,,active
happy-birthday-red,,,,,,,,,,,,,,,,,,,,,,,,,,,,,,,https://cdn.shopify.com/s/files/1/0724/3038/7509/files/Printworks_card_happy-birthday-pink_1.jpg?v=1769003737,2,,,,,,,,,,,,,,,,,,,,,,,
forever-and-ever-maroon,"Greeting Card, Forever and Ever","<p data-start=""761"" data-end=""1052""><meta charset=""utf-8"">For promises meant to last. The Forever and Ever card in deep maroon is accented with elegant gold-foil lettering and a coordinating envelope — ideal for anniversaries, engagements, and heartfelt declarations.<br><br data-start=""1317"" data-end=""1320"">The set includes 1 card and 1 envelope.</p>",Printworks,Card & Envelope Set,Card & Envelope Set,"skip-klaviyo, YBlocklist",true,Title,Default Title,,,,,,,,PW00828,0,shopify,deny,manual,6,,true,true,,,,,,https://cdn.shopify.com/s/files/1/0724/3038/7509/files/Printworks_card_love-you_2.jpg?v=1769003604,1,,false,,,,"Vendor: Printworks
Type: Card & Envelope Set",,,,,,,,,,,,,,kg,,,active
forever-and-ever-maroon,,,,,,,,,,,,,,,,,,,,,,,,,,,,,,,https://cdn.shopify.com/s/files/1/0724/3038/7509/files/Printworks_card_love-you_1.jpg?v=1769003604,2,,,,,,,,,,,,,,,,,,,,,,,
little-one-beige,"Greeting Card, Little One","<p data-start=""761"" data-end=""1052"">For welcoming life’s smallest, most precious moments. The Little One card in warm beige features delicate white and gold-foiled lettering and a matching envelope — perfect for births, baby showers, and first milestones.<br><br data-start=""1010"" data-end=""1013"">The set includes 1 card and 1 envelope.</p>",Printworks,Card & Envelope Set,Card & Envelope Set,"skip-klaviyo, YBlocklist",true,Title,Default Title,,,,,,,,PW00827,0,shopify,deny,manual,6,,true,true,,,,,,https://cdn.shopify.com/s/files/1/0724/3038/7509/files/Printworks_card_little-one_2.jpg?v=1769003112,1,,false,,,,"Vendor: Printworks
Type: Card & Envelope Set",,,,,,,,,,,,,,kg,,,active
little-one-beige,,,,,,,,,,,,,,,,,,,,,,,,,,,,,,,https://cdn.shopify.com/s/files/1/0724/3038/7509/files/Printworks_card_little-one_1.jpg?v=1769003112,2,,,,,,,,,,,,,,,,,,,,,,,
happy-birthday-blue,"Greeting Card, Happy Birthday","<p><meta charset=""utf-8""><meta charset=""utf-8"">For birthdays worth remembering. The Happy Birthday card in a classic blue tone is finished with gold lettering and paired with a coordinating envelope — a polished essential for thoughtful celebrations.<br><br data-start=""712"" data-end=""715"">The set includes 1 card and 1 envelope.<br></p>",Printworks,Card & Envelope Set,Card & Envelope Set,"skip-klaviyo, YBlocklist",true,Title,Default Title,,,,,,,,PW00830,0,shopify,deny,manual,6,,true,true,,,,,,https://cdn.shopify.com/s/files/1/0724/3038/7509/files/Printworks_card_happy-birthday-blue_2.jpg?v=1769002248,1,,false,,,,"Vendor: Printworks
Type: Card & Envelope Set",,,,,,,,,,,,,,kg,,,active
happy-birthday-blue,,,,,,,,,,,,,,,,,,,,,,,,,,,,,,,https://cdn.shopify.com/s/files/1/0724/3038/7509/files/Printworks_card_happy-birthday-blue_1.jpg?v=1769002248,2,,,,,,,,,,,,,,,,,,,,,,,
happily-ever-after-grey,"Greeting Card, Happily Ever After","<p><meta charset=""utf-8"">For love stories that deserve to be marked beautifully. The Happily Ever After card in soft grey features elegant gold-foil and white lettering and a matching envelope — a timeless choice for weddings, anniversaries, or meaningful milestones.<br><br data-start=""402"" data-end=""405"">The set includes 1 card and 1 envelope.</p>",Printworks,Card & Envelope Set,Card & Envelope Set,"skip-klaviyo, YBlocklist",true,Title,Default Title,,,,,,,,PW00829,0,shopify,deny,manual,6,,true,true,,,,,,https://cdn.shopify.com/s/files/1/0724/3038/7509/files/Printworks_card_happily-ever-after_2.jpg?v=1769002372,1,,false,,,,"Vendor: Printworks
Type: Card & Envelope Set",,,,,,,,,,,,,,kg,,,active
happily-ever-after-grey,,,,,,,,,,,,,,,,,,,,,,,,,,,,,,,https://cdn.shopify.com/s/files/1/0724/3038/7509/files/Cards_Happily.png?v=1774959385,2,,,,,,,,,,,,,,,,,,,,,,,
happily-ever-after-grey,,,,,,,,,,,,,,,,,,,,,,,,,,,,,,,https://cdn.shopify.com/s/files/1/0724/3038/7509/files/Printworks_card_happily-ever-after_1.jpg?v=1774959385,3,,,,,,,,,,,,,,,,,,,,,,,
art-lover-lounge,"Art Lover, Lounge, 1000 pieces","<p>Discover the Art Lover Puzzle series – meticulously curated puzzles featuring contemporary artists. Each puzzle unveils remarkable talent, inviting you to explore captivating universes and boundless creativity. In this puzzle, step into Josephine Zentner's semi-surreal world.</p>
<p>Coming from London, Josephine crafts scenes blending mid-century modern furniture with vast landscapes, radiating warmth and serenity. See her unique mix of design and nature, redefining 'indoor-outdoor living.' Join her vision as you piece together this puzzle and bring contemporary calm to your space.</p>
<!---->",Printworks,Puzzle,Puzzle,"medium-bag, YGroup_ArtLover",true,Title,Default Title,,,,,,,,PW00694,1200,shopify,deny,manual,35,,true,true,,,,,,https://cdn.shopify.com/s/files/1/0724/3038/7509/files/Printworks_art-lover-puzzles_lounge.jpg?v=1743595798,1,,false,,,,"Vendor: Printworks
Type: Puzzle
Weight: 1200g",,,,,,,,,,,,,,kg,,,active
art-lover-lounge,,,,,,,,,,,,,,,,,,,,,,,,,,,,,,,https://cdn.shopify.com/s/files/1/0724/3038/7509/files/Printworks_art-lover-puzzles_lounge_2_604f13b3-4b19-4c3f-804b-b1fc3d154181.jpg?v=1764077038,2,,,,,,,,,,,,,,,,,,,,,,,
art-lover-lounge,,,,,,,,,,,,,,,,,,,,,,,,,,,,,,,https://cdn.shopify.com/s/files/1/0724/3038/7509/files/Printworks_Puzzle_ArtloverLounge_mood_1.jpg?v=1764077038,3,,,,,,,,,,,,,,,,,,,,,,,
art-lover-lounge,,,,,,,,,,,,,,,,,,,,,,,,,,,,,,,https://cdn.shopify.com/s/files/1/0724/3038/7509/files/Printworks_art-lover-puzzles_lounge_3.jpg?v=1764077038,4,,,,,,,,,,,,,,,,,,,,,,,
gift-bag-grey-small,"Gift Bag, Small","<p>Dress your gift for the occasion. Our signature gift bags are crafted from soft ribbed satin and matte laminated paper — a timeless finishing touch that makes your present feel as special as what’s inside.<br><meta charset=""utf-8""></p>
<p data-start=""357"" data-end=""454"">Available in three sizes, designed to suit everything from albums to games, puzzles, and books.<br><br><meta charset=""utf-8"">Size Small: Fits all our small albums and books, as well as our smaller games such as Yatzy, playing cards, and memo games — or any product up to 34 × 31 × 7 cm.<br></p>",Printworks,Gift Accessories,Gift Accessories,"skip-klaviyo, YBlocklist",true,Title,Default Title,,,,,,,,PW00813,130,shopify,deny,manual,6,,true,true,,,,,,https://cdn.shopify.com/s/files/1/0724/3038/7509/files/GiftbagSmall_1_a190dc84-8b60-40e4-b2f7-220a4c81d2a2.jpg?v=1764076546,1,,false,,,,"Vendor: Printworks
Type: Gift Accessories
Weight: 130g",,,,,,,,,,,,,,kg,,,active
gift-bag-grey-small,,,,,,,,,,,,,,,,,,,,,,,,,,,,,,,https://cdn.shopify.com/s/files/1/0724/3038/7509/files/Giftbag_2.jpg?v=1764076546,2,,,,,,,,,,,,,,,,,,,,,,,
gift-bag-grey-medium,"Gift Bag, Medium","<p>Dress your gift for the occasion. Our signature gift bags are crafted from soft ribbed satin and matte laminated paper — a timeless finishing touch that makes your present feel as special as what’s inside.<br><meta charset=""utf-8""></p>
<p data-start=""357"" data-end=""454"">Available in three sizes, designed to suit everything from albums to games, puzzles, and books.<br><br><meta charset=""utf-8"">Size Medium: Fits all our large albums, such as Moments That Matter the Most, along with games like Classic Chess and Tumbling Tower — or any product up to 42.5 × 34 × 10 cm.<br></p>",Printworks,Gift Accessories,Gift Accessories,"skip-klaviyo, YBlocklist",true,Title,Default Title,,,,,,,,PW00814,140,shopify,deny,manual,6,,true,true,,,,,,https://cdn.shopify.com/s/files/1/0724/3038/7509/files/GiftbagMedium_1_fb46775f-abea-46b0-abdf-ab48eddf45b9.jpg?v=1764076489,1,,false,,,,"Vendor: Printworks
Type: Gift Accessories
Weight: 140g",,,,,,,,,,,,,,kg,,,active
gift-bag-grey-medium,,,,,,,,,,,,,,,,,,,,,,,,,,,,,,,https://cdn.shopify.com/s/files/1/0724/3038/7509/files/Giftbag_2.jpg?v=1764076546,2,,,,,,,,,,,,,,,,,,,,,,,
gift-bag-grey-large,"Gift Bag, Large","<p>Dress your gift for the occasion. Our signature gift bags are crafted from soft ribbed satin and matte laminated paper — a timeless finishing touch that makes your present feel as special as what’s inside.</p>
<p data-start=""357"" data-end=""454"">Available in three sizes, designed to suit everything from albums to games, puzzles, and books.<br><br><meta charset=""utf-8"">Size Large: Fits our larger products such as Art of Poker, Lacquered Backgammon, and Lacquered Chess — up to 45 × 43 × 10 cm, or perfectly suited for several products in one bag.<br></p>",Printworks,Gift Accessories,Gift Accessories,"skip-klaviyo, YBlocklist",true,Title,Default Title,,,,,,,,PW00815,150,shopify,deny,manual,6,,true,true,,,,,,https://cdn.shopify.com/s/files/1/0724/3038/7509/files/GiftbagBig_1.jpg?v=1761817744,1,,false,,,,"Vendor: Printworks
Type: Gift Accessories
Weight: 150g",,,,,,,,,,,,,,kg,,,active
gift-bag-grey-large,,,,,,,,,,,,,,,,,,,,,,,,,,,,,,,https://cdn.shopify.com/s/files/1/0724/3038/7509/files/Giftbag_2.jpg?v=1764076546,2,,,,,,,,,,,,,,,,,,,,,,,
chess-anna-cramling-edition,Chess - Anna Cramling Edition,"<p class=""p1""><meta charset=""utf-8"">Printworks is proud to present a limited edition chess set designed together with renowned chess player and content creator Anna Cramling. Crafted from beautiful Schima superba wood, this chessboard features subtle numbering along the edges to support new players in learning and improving their game. <br><br>Combining Anna’s passion for chess with Printworks’ dedication to elegant design, this set is perfect for both strategic play and stylish display. Whether you’re a beginner or a seasoned player, it’s a timeless piece that brings people together through the game of chess. <meta charset=""utf-8"">Learn more about the collaboration and the limited edition set <a href=""https://printworksmarket.com/pages/cramling-x-printworks"">here</a>.</p>",Printworks,Board Game,Board Game,large-bag,true,Title,Default Title,,,,,,,,PW00736,2300,shopify,deny,manual,150,,true,true,,,,,,https://cdn.shopify.com/s/files/1/0724/3038/7509/files/Printworks_anna-cramling_chess_1_5776a043-3c8c-49a0-af57-2c4431f69fad.jpg?v=1764076903,1,,false,,,,"Vendor: Printworks
Type: Board Game
Weight: 2300g",,,,,,,,,,,,,,kg,,,active
chess-anna-cramling-edition,,,,,,,,,,,,,,,,,,,,,,,,,,,,,,,https://cdn.shopify.com/s/files/1/0724/3038/7509/files/Printworks_anna-cramling_chess_mood_3.jpg?v=1764076903,2,,,,,,,,,,,,,,,,,,,,,,,
chess-anna-cramling-edition,,,,,,,,,,,,,,,,,,,,,,,,,,,,,,,https://cdn.shopify.com/s/files/1/0724/3038/7509/files/Printworks_anna-cramling_chess_2_0563ebc0-bae9-4430-916c-5c1007bab574.jpg?v=1764076903,3,,,,,,,,,,,,,,,,,,,,,,,
chess-anna-cramling-edition,,,,,,,,,,,,,,,,,,,,,,,,,,,,,,,https://cdn.shopify.com/s/files/1/0724/3038/7509/files/Printworks_anna-cramling_chess_mood_4.jpg?v=1764076903,4,,,,,,,,,,,,,,,,,,,,,,,
chess-anna-cramling-edition,,,,,,,,,,,,,,,,,,,,,,,,,,,,,,,https://cdn.shopify.com/s/files/1/0724/3038/7509/files/Printworks_anna-cramling_chess_mood_2.jpg?v=1764076903,5,,,,,,,,,,,,,,,,,,,,,,,
chess-anna-cramling-edition,,,,,,,,,,,,,,,,,,,,,,,,,,,,,,,https://cdn.shopify.com/s/files/1/0724/3038/7509/files/Printworks_anna-cramling_chess_3_8fc27e3d-d9b4-4830-8d8a-4f8e6100da58.jpg?v=1764076903,6,,,,,,,,,,,,,,,,,,,,,,,
chess-anna-cramling-edition,,,,,,,,,,,,,,,,,,,,,,,,,,,,,,,https://cdn.shopify.com/s/files/1/0724/3038/7509/files/Printworks_anna-cramling_chess_mood_1.jpg?v=1764076903,7,,,,,,,,,,,,,,,,,,,,,,,
chess-anna-cramling-edition,,,,,,,,,,,,,,,,,,,,,,,,,,,,,,,https://cdn.shopify.com/s/files/1/0724/3038/7509/files/Printworks_anna-cramling_chess_5.jpg?v=1764076903,8,,,,,,,,,,,,,,,,,,,,,,,
chess-anna-cramling-edition,,,,,,,,,,,,,,,,,,,,,,,,,,,,,,,https://cdn.shopify.com/s/files/1/0724/3038/7509/files/Printworks_anna-cramling_chess_4_d07d119c-e5ea-487e-a1d6-381e8209b877.jpg?v=1764076890,9,,,,,,,,,,,,,,,,,,,,,,,
dog-set,Dog Set,"<p data-end=""355"" data-start=""103"">Celebrate your pup’s story with a bundle made for four-legged family members. With 20% off the original price, the Dog Set brings together a photo album and a keepsake fill-in journal – perfect for capturing wagging tails, wet noses, and the everyday joy your dog brings to life.</p>
<p data-end=""379"" data-start=""357""><strong>What’s included:</strong></p>
<p data-end=""505"" data-start=""382""><strong>A Dog's Life Photo Album:</strong> A high-quality photo album with cream-white pages, designed to showcase your dog’s best moments.</p>
<p data-end=""699"" data-start=""508""><strong>A Dog’s Life Fill-in Journal:</strong> A heartfelt fill-in journal created for dog lovers to record milestones, daily adventures, and memories that celebrate your pup’s unique personality and journey.</p>
<p data-end=""754"" data-start=""701"">This bundle cannot be combined with discount codes.</p>",Printworks,Curated Set,Curated Set,"_no-sale, bundle",true,Title,Default Title,,,,,,,,PW99975,0,shopify,deny,manual,75,,true,true,,,,,,https://cdn.shopify.com/s/files/1/0724/3038/7509/files/Dog.jpg?v=1756294097,1,,false,,,,"Vendor: Printworks
Type: Curated Set",,,,,,,,,,,,,,kg,,,active
dog-set,,,,,,,,,,,,,,,,,,,,,,,,,,,,,,,https://cdn.shopify.com/s/files/1/0724/3038/7509/files/Printworks_PhotoAlbum_ADogsLife_mood_1_41b32266-9c6d-470b-977e-2c7a376f6a28.jpg?v=1756294203,2,,,,,,,,,,,,,,,,,,,,,,,
dog-set,,,,,,,,,,,,,,,,,,,,,,,,,,,,,,,https://cdn.shopify.com/s/files/1/0724/3038/7509/files/Printworks_dog-journal_mood_1.jpg?v=1764081756,3,,,,,,,,,,,,,,,,,,,,,,,
dog-set,,,,,,,,,,,,,,,,,,,,,,,,,,,,,,,https://cdn.shopify.com/s/files/1/0724/3038/7509/files/Printworks_photo-album_a-dogs-life_8d23442e-2909-4d96-91a7-c27edccc7326.jpg?v=1756297209,4,,,,,,,,,,,,,,,,,,,,,,,
dog-set,,,,,,,,,,,,,,,,,,,,,,,,,,,,,,,https://cdn.shopify.com/s/files/1/0724/3038/7509/files/Printworks_dog-journal_3.jpg?v=1756297209,5,,,,,,,,,,,,,,,,,,,,,,,
dog-set,,,,,,,,,,,,,,,,,,,,,,,,,,,,,,,https://cdn.shopify.com/s/files/1/0724/3038/7509/files/Printworks_dog-journal_5.jpg?v=1756297204,6,,,,,,,,,,,,,,,,,,,,,,,
wedding-books-2-pack,Wedding Books 2-pack,"<p data-start=""80"" data-end=""438"">Celebrate your love story from the very beginning to the big day itself with our beautifully designed guest book and fill-in journal. With 20% off the original price, this thoughtful bundle includes two timeless keepsakes – one to hold the heartfelt words of your guests, and one to capture your own journey together. A perfect pair for couples who want to treasure every chapter of their story.</p>
<p data-start=""440"" data-end=""462""><strong>What’s included:</strong></p>
<p data-start=""465"" data-end=""661""><strong>Our Wedding Day Guest Book:</strong> A beautifully designed ivory white guest book with a navy slipcase and 100 pages for friends and family to share warm wishes and memories from your wedding day.</p>
<p data-start=""664"" data-end=""887""><strong>Our Love Story Fill-In Journal:</strong> A guided journal to document your relationship journey, from the first spark to your honeymoon adventures, filled with prompts to capture milestones and special moments along the way.</p>
<p data-start=""889"" data-end=""942"">This bundle cannot be combined with discount codes.</p>",Printworks,Curated Set,Curated Set,"_no-sale, bundle",true,Title,Default Title,,,,,,,,PW99976,0,shopify,deny,manual,59,,true,true,,,,,,https://cdn.shopify.com/s/files/1/0724/3038/7509/files/WeddinngsJournal.jpg?v=1756293935,1,,false,,,,"Vendor: Printworks
Type: Curated Set",,,,,,,,,,,,,,kg,,,active
wedding-books-2-pack,,,,,,,,,,,,,,,,,,,,,,,,,,,,,,,https://cdn.shopify.com/s/files/1/0724/3038/7509/files/Printworks_wedding-guest-book_beige_mood_1.jpg?v=1774959449,2,,,,,,,,,,,,,,,,,,,,,,,
wedding-books-2-pack,,,,,,,,,,,,,,,,,,,,,,,,,,,,,,,https://cdn.shopify.com/s/files/1/0724/3038/7509/files/Printworks_wedding-journal_mood_1.jpg?v=1764772789,3,,,,,,,,,,,,,,,,,,,,,,,
wedding-books-2-pack,,,,,,,,,,,,,,,,,,,,,,,,,,,,,,,https://cdn.shopify.com/s/files/1/0724/3038/7509/files/Printworks_wedding-guest-book_beige_2.jpg?v=1751981526,4,,,,,,,,,,,,,,,,,,,,,,,
wedding-books-2-pack,,,,,,,,,,,,,,,,,,,,,,,,,,,,,,,https://cdn.shopify.com/s/files/1/0724/3038/7509/files/Printworks_wedding-journal_5.jpg?v=1751977903,5,,,,,,,,,,,,,,,,,,,,,,,
the-perfect-day-2-pack,The Perfect Day 2-pack,"<p data-start=""60"" data-end=""340"">Celebrate your love story from “yes” to “I do” with The Perfect Day set. With 20% off the original price, this set includes everything you need to plan your dream wedding and preserve the memories for a lifetime. Elegant, timeless, and designed to be cherished for years to come — and made to look beautiful together in your home.</p>
<p data-start=""342"" data-end=""364""><strong>What’s included:</strong></p>
<p data-start=""367"" data-end=""606""><strong>The Perfect Day Photo Album:</strong> A soft, light blue cloth-covered wedding album with 30 pages of premium white photo paper (expandable up to 40). Perfect for displaying on your coffee table and keeping your most magical memories close.</p>
<p data-start=""609"" data-end=""817""><strong>The Perfect Day Wedding Planner:</strong> A beautifully designed planner that helps you organize every detail of your wedding day—from timelines and guest lists to personal touches that make it uniquely yours.</p>
<p data-start=""819"" data-end=""872"">This bundle cannot be combined with discount codes.</p>",Printworks,Curated Set,Curated Set,"_no-sale, bundle",true,Title,Default Title,,,,,,,,PW99977,0,shopify,deny,manual,71,,true,true,,,,,,https://cdn.shopify.com/s/files/1/0724/3038/7509/files/ThePerfectDay.jpg?v=1756293257,1,,false,,,,"Vendor: Printworks
Type: Curated Set",,,,,,,,,,,,,,kg,,,active
the-perfect-day-2-pack,,,,,,,,,,,,,,,,,,,,,,,,,,,,,,,https://cdn.shopify.com/s/files/1/0724/3038/7509/files/Printworks_photo-album_the-perfect-day_mood_2.jpg?v=1756293257,2,,,,,,,,,,,,,,,,,,,,,,,
the-perfect-day-2-pack,,,,,,,,,,,,,,,,,,,,,,,,,,,,,,,https://cdn.shopify.com/s/files/1/0724/3038/7509/files/Printworks_photo-album_the-perfect-day.jpg?v=1752066064,3,,,,,,,,,,,,,,,,,,,,,,,
the-perfect-day-2-pack,,,,,,,,,,,,,,,,,,,,,,,,,,,,,,,https://cdn.shopify.com/s/files/1/0724/3038/7509/files/Printworks_wedding-planner_4_0546c029-a169-4673-9635-8536f3115165.jpg?v=1752066122,4,,,,,,,,,,,,,,,,,,,,,,,
domino-classic,"Domino, Classic","<p class=""p1"">Classic Domino features a timeless design in a beautiful light blue shade, giving the game an elevated twist. Carefully designed with a smooth finish, this set adds a fresh and elegant touch to any game night or home display. Ideal for both casual play and stylish presentation.</p>",Printworks,Game,Game,small-bag,true,Title,Default Title,,,,,,,,PW00686,365,shopify,deny,manual,35,,true,true,,,,,,https://cdn.shopify.com/s/files/1/0724/3038/7509/files/Printworks_classic-games_domnino-NEW_1_a1923490-b034-4843-8ce1-53b16852fdf8.jpg?v=1764080156,1,,false,,,,"Vendor: Printworks
Type: Game
Weight: 365g",,,,,,,,,,,,,,kg,,,active
domino-classic,,,,,,,,,,,,,,,,,,,,,,,,,,,,,,,https://cdn.shopify.com/s/files/1/0724/3038/7509/files/Printworks_classic-games_domnino-NEW_mood_1.jpg?v=1764080156,2,,,,,,,,,,,,,,,,,,,,,,,
domino-classic,,,,,,,,,,,,,,,,,,,,,,,,,,,,,,,https://cdn.shopify.com/s/files/1/0724/3038/7509/files/Printworks_classic-games_domnino-NEW_2_e2e42772-ef03-418b-8eed-704a105dd7d5.jpg?v=1764080148,3,,,,,,,,,,,,,,,,,,,,,,,
tumbling-tower-green-blue,Tumbling Tower,"<p class=""p1""><meta charset=""utf-8"">A timeless favorite gets a colorful update. Our green and blue Tumbling Tower is crafted in solid wood and made to be played — or simply admired. A vibrant addition to your shelf or game night rotation. Includes instructions in English, French, and German. Measures 28.5 x 8.5 x 8 cm.<br><br><meta charset=""utf-8"">Choose the color that suits your style — bold red or vibrant green/blue — and let the game double as decoration.<br></p>",Printworks,Game,Game,medium-bag,true,Title,Default Title,,,,,,,,PW00758,1100,shopify,deny,manual,30,,true,true,,,,,,https://cdn.shopify.com/s/files/1/0724/3038/7509/files/Printworks_art-of-games_tumbling-tower_1.jpg?v=1754400786,1,,false,,,,"Vendor: Printworks
Type: Game
Weight: 1100g",,,,,,,,,,,,,,kg,,,active
tumbling-tower-green-blue,,,,,,,,,,,,,,,,,,,,,,,,,,,,,,,https://cdn.shopify.com/s/files/1/0724/3038/7509/files/Printworks_art-of-games_tumbling-tower_mood_1.jpg?v=1754400786,2,,,,,,,,,,,,,,,,,,,,,,,
tumbling-tower-green-blue,,,,,,,,,,,,,,,,,,,,,,,,,,,,,,,https://cdn.shopify.com/s/files/1/0724/3038/7509/files/Printworks_art-of-games_tumbling-tower_2_fb774b90-62c8-4367-9857-52319d1fb7d8.jpg?v=1764079556,3,,,,,,,,,,,,,,,,,,,,,,,
tumbling-tower-green-blue,,,,,,,,,,,,,,,,,,,,,,,,,,,,,,,https://cdn.shopify.com/s/files/1/0724/3038/7509/files/Printworks_art-of-games_tumbling-tower_3.jpg?v=1764079556,4,,,,,,,,,,,,,,,,,,,,,,,
metallic-art-markers-5-pack,"Metallic Art Markers, 5-pack","<p class=""p1"">Add a personal and creative touch to your photo albums with this set of Metallic Art Markers. Designed for smooth writing and decoration, these markers are perfect for jotting down memories, captions, and notes on album pages. The set includes five metallic shades that stand out beautifully on both light and dark paper, making them ideal for any occasion or style.</p>",Printworks,Color Pencils,Color Pencils,"small-bag, YGroup_ColorPencils",true,Title,Default Title,,,,,,,,PW00744,100,shopify,deny,manual,15,,true,true,,,,,,https://cdn.shopify.com/s/files/1/0724/3038/7509/files/Printworks_MetalicArtMarkers_1_46cdb39f-fb14-4475-85b4-f766239cca6a.jpg?v=1764757574,1,,false,,,,"Vendor: Printworks
Type: Color Pencils
Weight: 100g",,,,,,,,,,,,,,kg,,,active
lacquered-backgammon-black,"Lacquered Backgammon, Black","<p class=""p1"">Discover the Lacquered Backgammon Set in a striking eclectic pattern of black, white, and cream. This bold edition blends timeless gameplay with expressive design, featuring a large wooden board and glossy acrylic pieces. Both a game and a statement piece, it adds character whether in play or on display.<br></p>",Printworks,Board Game,Board Game,"large-bag, YGroup_LacqueredBackgammon",true,Title,Default Title,,,,,,,,PW00772,1800,shopify,deny,manual,165,,true,true,,,,,,https://cdn.shopify.com/s/files/1/0724/3038/7509/files/Printworks_laquered-backgammon-black_1_cdbd9fef-40b7-4d04-8b8b-0c9f354e8c73.jpg?v=1764756646,1,,false,,,,"Vendor: Printworks
Type: Board Game
Weight: 1800g",,,,,,,,,,,,,,kg,,,active
lacquered-backgammon-black,,,,,,,,,,,,,,,,,,,,,,,,,,,,,,,https://cdn.shopify.com/s/files/1/0724/3038/7509/files/Printworks_laquered-backgammon-black_mood_3.jpg?v=1771332894,2,,,,,,,,,,,,,,,,,,,,,,,
lacquered-backgammon-black,,,,,,,,,,,,,,,,,,,,,,,,,,,,,,,https://cdn.shopify.com/s/files/1/0724/3038/7509/files/Printworks_laquered-backgammon-black_2_489572b9-5ec2-44d0-981c-de214c3434b7.jpg?v=1771332894,3,,,,,,,,,,,,,,,,,,,,,,,
lacquered-backgammon-black,,,,,,,,,,,,,,,,,,,,,,,,,,,,,,,https://cdn.shopify.com/s/files/1/0724/3038/7509/files/Printworks_laquered-backgammon-black_mood_2_0a57dddb-9249-4eaa-a0a0-5272ebef82b4.jpg?v=1771332894,4,,,,,,,,,,,,,,,,,,,,,,,
lacquered-backgammon-black,,,,,,,,,,,,,,,,,,,,,,,,,,,,,,,https://cdn.shopify.com/s/files/1/0724/3038/7509/files/Printworks_laquered-backgammon-black_mood_1_6b25686c-349f-43bb-84b9-45fbac4b2787.jpg?v=1771332894,5,,,,,,,,,,,,,,,,,,,,,,,
lacquered-backgammon-black,,,,,,,,,,,,,,,,,,,,,,,,,,,,,,,https://cdn.shopify.com/s/files/1/0724/3038/7509/files/Printworks_laquered-backgammon-black_5_8d1d215e-f9b1-453b-b7e4-60f052320828.jpg?v=1771332894,6,,,,,,,,,,,,,,,,,,,,,,,
lacquered-backgammon-black,,,,,,,,,,,,,,,,,,,,,,,,,,,,,,,https://cdn.shopify.com/s/files/1/0724/3038/7509/files/Printworks_laquered-backgammon-black_4_ccedb473-fbcf-47eb-8cbc-f7c1697db32a.jpg?v=1771332894,7,,,,,,,,,,,,,,,,,,,,,,,
lacquered-backgammon-black,,,,,,,,,,,,,,,,,,,,,,,,,,,,,,,https://cdn.shopify.com/s/files/1/0724/3038/7509/files/Printworks_laquered-backgammon-black_3_4ff38f79-3b9f-42d2-b271-a2ec1c78ebd0.jpg?v=1771332894,8,,,,,,,,,,,,,,,,,,,,,,,
chess-dusty-blue,"Chess, Dusty Blue","<p class=""p1"">Our bestselling Classic Chess is now available in a sophisticated Dusty Blue colorway – offering the same timeless gameplay with a refreshed look. The set features wooden game pieces and a chess board made of MDF with a mounted acrylic top measuring 24x24 cm. A perfect blend of classic function and modern design. Includes easy-to-read instructions in English, French, and German. Suitable for two players and recommended for ages 5 and above.</p>",Printworks,Board Game,Board Game,"medium-bag, YGroup_ChessClassic",true,Title,Default Title,,,,,,,,PW00755,1000,shopify,deny,manual,65,,true,true,,,,,,https://cdn.shopify.com/s/files/1/0724/3038/7509/files/Printworks_classic-games_chess-blue_2_bfe79690-bb44-47a1-822a-78ae9a11fd33.jpg?v=1764079872,1,,false,,,,"Vendor: Printworks
Type: Board Game
Weight: 1000g",,,,,,,,,,,,,,kg,,,active
chess-dusty-blue,,,,,,,,,,,,,,,,,,,,,,,,,,,,,,,https://cdn.shopify.com/s/files/1/0724/3038/7509/files/Printworks_classic-games_chess-blue_mood_1.jpg?v=1764079872,2,,,,,,,,,,,,,,,,,,,,,,,
chess-dusty-blue,,,,,,,,,,,,,,,,,,,,,,,,,,,,,,,https://cdn.shopify.com/s/files/1/0724/3038/7509/files/Printworks_classic-games_chess-blue_1_7670ab28-168d-48fe-a548-b1e971432e85.jpg?v=1764079872,3,,,,,,,,,,,,,,,,,,,,,,,
chess-dusty-blue,,,,,,,,,,,,,,,,,,,,,,,,,,,,,,,https://cdn.shopify.com/s/files/1/0724/3038/7509/files/Printworks_classic-games_chess-blue_mood_2.jpg?v=1764079872,4,,,,,,,,,,,,,,,,,,,,,,,
chess-dusty-blue,,,,,,,,,,,,,,,,,,,,,,,,,,,,,,,https://cdn.shopify.com/s/files/1/0724/3038/7509/files/Printworks_classic-games_chess-blue_3_1abaa285-baf6-4922-910b-a300a02db949.jpg?v=1764079851,5,,,,,,,,,,,,,,,,,,,,,,,
chess-dusty-blue,,,,,,,,,,,,,,,,,,,,,,,,,,,,,,,https://cdn.shopify.com/s/files/1/0724/3038/7509/files/Printworks_classic-games_chess-blue_4_94348942-bf80-4c29-877c-83499278b675.jpg?v=1764079851,6,,,,,,,,,,,,,,,,,,,,,,,
art-of-poker,Art of Poker,"<p class=""p1"">The Classic - Art of Poker, Diamonds showcases an elegant eclectic diamond pattern in rich shades of deep blue and dark green, adding a sophisticated touch to your game nights. This complete set includes high-quality poker chips, professional-grade playing cards, and easy-to-read instructions in English, French, and German. Designed for both casual and serious players, it offers everything needed for hours of thrilling gameplay and stylish entertaining.</p>",Printworks,Board Game,Board Game,large-bag,true,Title,Default Title,,,,,,,,PW00765,1600,shopify,deny,manual,85,,true,true,,,,,,https://cdn.shopify.com/s/files/1/0724/3038/7509/files/Printworks_art-of-games_poker-set_1.jpg?v=1752057412,1,,false,,,,"Vendor: Printworks
Type: Board Game
Weight: 1600g",,,,,,,,,,,,,,kg,,,active
art-of-poker,,,,,,,,,,,,,,,,,,,,,,,,,,,,,,,https://cdn.shopify.com/s/files/1/0724/3038/7509/files/Printworks_Game_ArtOfPokerSet_mood_2.jpg?v=1758550402,2,,,,,,,,,,,,,,,,,,,,,,,
art-of-poker,,,,,,,,,,,,,,,,,,,,,,,,,,,,,,,https://cdn.shopify.com/s/files/1/0724/3038/7509/files/Printworks_art-of-games_poker-set_mood_1.jpg?v=1758550402,3,,,,,,,,,,,,,,,,,,,,,,,
art-of-poker,,,,,,,,,,,,,,,,,,,,,,,,,,,,,,,https://cdn.shopify.com/s/files/1/0724/3038/7509/files/Printworks_art-of-games_poker-set_2_311da662-22bf-487b-ad32-ed4ff2a309c7.jpg?v=1764078816,4,,,,,,,,,,,,,,,,,,,,,,,
love-is-in-the-air-beige,"Love is in the Air, Beige","<p>A celebration of love in all its forms, this photo book is carefully designed to hold your most treasured memories. Bound in elegant beige cloth and adorned with the phrase Love is in the air in striking red text, it makes a beautiful statement both on your bookshelf and in your home. <br><meta charset=""utf-8""></p>
<p><meta charset=""utf-8"">The photo book includes 40 pages of high-quality white photo paper <meta charset=""utf-8""><meta charset=""utf-8"">in the size 18x26,5 cm (80 pages if used double-sided), ready for your memories. <meta charset=""utf-8"">Easily attach your photos with our <a href=""https://printworksmarket.com/products/photo-album-photo-stickers"">stickers</a> or <a href=""https://printworksmarket.com/collections/photo-album-accessories/products/photo-album-photo-corners"">corners.</a></p>
<p>Please note, the binding technique of this album allows it to expand as you place photos on every page. It's designed so that once filled with photos, and not before, it takes on the shape of a 90-degree coffee table book.</p>",Printworks,Photo Book,Photo Book,"Bookshelf Albums, small-bag, YGroup_PhotoBook",true,Title,Default Title,,,,,,,,PW00768,500,shopify,deny,manual,35,,true,true,,,,,,https://cdn.shopify.com/s/files/1/0724/3038/7509/files/Printworks_photo-book_love-is-in-the-air_1_1ec86c24-8651-42cd-95bb-412bee4bf1d4.jpg?v=1764769188,1,,false,,,,"Vendor: Printworks
Type: Photo Book
Weight: 500g",,,,,,,,,,,,,,kg,,,active
love-is-in-the-air-beige,,,,,,,,,,,,,,,,,,,,,,,,,,,,,,,https://cdn.shopify.com/s/files/1/0724/3038/7509/files/Printworks_photo-book_love-is-in-the-air_mood_1.jpg?v=1764769188,2,,,,,,,,,,,,,,,,,,,,,,,
love-is-in-the-air-beige,,,,,,,,,,,,,,,,,,,,,,,,,,,,,,,https://cdn.shopify.com/s/files/1/0724/3038/7509/files/Printworks_photo-book_love-is-in-the-air_2_e5536a1b-6e5b-4310-9f39-59bfe101128b.jpg?v=1764769182,3,,,,,,,,,,,,,,,,,,,,,,,
love-is-in-the-air-beige,,,,,,,,,,,,,,,,,,,,,,,,,,,,,,,https://cdn.shopify.com/s/files/1/0724/3038/7509/files/Printworks_photo-book_love-is-in-the-air_3_d5da228f-3e95-4a49-8428-f32589800334.jpg?v=1764769183,4,,,,,,,,,,,,,,,,,,,,,,,
all-you-need-is-love,All You Need is Love,"<p>Celebrate the moments that matter most with our coffee table photo album All You Need Is Love, featuring a soft cloth cover in timeless grey. <meta charset=""utf-8""></p>
<p><meta charset=""utf-8"">The photo album includes 30 pages of high-quality white photo paper in the size 28x21 cm (60 pages if used double-sided), ready for your memories. Easily attach your photos with our <a href=""https://printworksmarket.com/products/photo-album-photo-stickers"">stickers</a> or <a href=""https://printworksmarket.com/collections/photo-album-accessories/products/photo-album-photo-corners"">corners.</a> The album can hold up to 40 pages, and extra <a href=""https://printworksmarket.com/products/photo-paper-large-white-10-pack"">photo paper</a> (large) is available if you need more space.<br></p>
<p>Designed to sit beautifully on your coffee table, this album keeps your treasured memories of love and togetherness close at hand, while adding an elegant and meaningful touch to your home.</p>",Printworks,Photo Album,Photo Album,"medium-bag, YGroup_PhotoAlbums",true,Title,Default Title,,,,,,,,PW00769,1300,shopify,deny,manual,55,,true,true,,,,,,https://cdn.shopify.com/s/files/1/0724/3038/7509/files/Printworks_photo-album_all-you-need-is-love.jpg?v=1752067779,1,,false,,,,"Vendor: Printworks
Type: Photo Album
Weight: 1300g",,,,,,,,,,,,,,kg,,,active
all-you-need-is-love,,,,,,,,,,,,,,,,,,,,,,,,,,,,,,,https://cdn.shopify.com/s/files/1/0724/3038/7509/files/Printworks_PhotoAlbum_AllYouNeeIsLove_mood_2.jpg?v=1758550331,2,,,,,,,,,,,,,,,,,,,,,,,
all-you-need-is-love,,,,,,,,,,,,,,,,,,,,,,,,,,,,,,,https://cdn.shopify.com/s/files/1/0724/3038/7509/files/Printworks_photo-album_all-you-need-is-love-2_bf415f74-8ff7-4f1c-ab1c-3171eb5f5727.jpg?v=1764759003,3,,,,,,,,,,,,,,,,,,,,,,,
all-you-need-is-love,,,,,,,,,,,,,,,,,,,,,,,,,,,,,,,https://cdn.shopify.com/s/files/1/0724/3038/7509/files/Printworks_photo-album_all-you-need-is-love_mood_1.jpg?v=1764759003,4,,,,,,,,,,,,,,,,,,,,,,,
all-you-need-is-love,,,,,,,,,,,,,,,,,,,,,,,,,,,,,,,https://cdn.shopify.com/s/files/1/0724/3038/7509/files/Printworks_photo-album_all-you-need-is-love-3.jpg?v=1764759003,5,,,,,,,,,,,,,,,,,,,,,,,
dream-big-little-one-light-blue,"Dream Big Little One, Light Blue","<p>Capture and cherish your baby’s first years with our charming coffee table photo album Dream Big Little One, featuring a light blue cloth cover with gold folied text and white silkscreen balloon prints.<br><br><meta charset=""utf-8"">The photo album includes 30 pages of high-quality white photo paper in the size 28x21 cm (60 pages if used double-sided), ready for your memories. Easily attach your photos with our <a href=""https://printworksmarket.com/products/photo-album-photo-stickers"">stickers</a> or <a href=""https://printworksmarket.com/collections/photo-album-accessories/products/photo-album-photo-corners"">corners.</a> The album can hold up to 40 pages, and extra <a href=""https://printworksmarket.com/products/photo-paper-large-white-10-pack"">photo paper</a> (large) is available if you need more space.<br></p>
<p><meta charset=""utf-8""> Complement your Baby Album with our <a href=""https://printworksmarket.com/products/baby-album-insert-paper?pr_prod_strat=pinned&amp;pr_rec_id=595e66f1f&amp;pr_rec_pid=8252426256693&amp;pr_ref_pid=8175008579893&amp;pr_seq=uniform"">Baby Album Insert Papers</a> to <meta charset=""utf-8"">document your child's key milestones, ensuring you have memories to remember and cherish for a lifetime.</p>",Printworks,Baby Photo Album,Baby Photo Album,"Large Photo Albums, medium-bag, YGroup_PhotoAlbums",true,Title,Default Title,,,,,,,,PW00761,1300,shopify,deny,manual,55,,true,true,,,,,,https://cdn.shopify.com/s/files/1/0724/3038/7509/files/Printworks_photo-album_dream-big-blue.jpg?v=1752067056,1,,false,,,,"Vendor: Printworks
Type: Baby Photo Album
Weight: 1300g",,,,,,,,,,,,,,kg,,,active
dream-big-little-one-light-blue,,,,,,,,,,,,,,,,,,,,,,,,,,,,,,,https://cdn.shopify.com/s/files/1/0724/3038/7509/files/Printworks_PhotoAlbum_DreamBigLittleOneBlue_mood_2.jpg?v=1758550109,2,,,,,,,,,,,,,,,,,,,,,,,
dream-big-little-one-light-blue,,,,,,,,,,,,,,,,,,,,,,,,,,,,,,,https://cdn.shopify.com/s/files/1/0724/3038/7509/files/Printworks_photo-album_dream-big-blue-2.jpg?v=1758550109,3,,,,,,,,,,,,,,,,,,,,,,,
dream-big-little-one-light-blue,,,,,,,,,,,,,,,,,,,,,,,,,,,,,,,https://cdn.shopify.com/s/files/1/0724/3038/7509/files/Printworks_PhotoAlbum_DreamBigLittleOneBlue_mood_1.jpg?v=1758550109,4,,,,,,,,,,,,,,,,,,,,,,,
dream-big-little-one-light-blue,,,,,,,,,,,,,,,,,,,,,,,,,,,,,,,https://cdn.shopify.com/s/files/1/0724/3038/7509/files/Printworks_photo-album_dream-big-blue_3.jpg?v=1758550109,5,,,,,,,,,,,,,,,,,,,,,,,
hip-flask-dark-blue,"Hip Flask, Dark Blue","<p class=""p1"">Discover our Essential Hip Flask Kit, cleverly disguised as an elegant book-like box. The perfect fusion of aesthetics and functionality. Upon opening it, you will discover all the essential tools for enjoying your favorite spirits on social occasions. All tools are made of stainless steel and are dishwasher safe. <br><br>Included in this set: <br>• Hip Flask. <br>• 2 shot glasses.<br>• Funnel.</p>",Printworks,The Essentials,The Essentials,small-bag,true,Title,Default Title,,,,,,,,PW00774,500,shopify,deny,manual,45,,true,true,,,,,,https://cdn.shopify.com/s/files/1/0724/3038/7509/files/Printworks_Essential_Hipflask-tools.jpg?v=1761831464,1,,false,,,,"Vendor: Printworks
Type: The Essentials
Weight: 500g",,,,,,,,,,,,,,kg,,,active
hip-flask-dark-blue,,,,,,,,,,,,,,,,,,,,,,,,,,,,,,,https://cdn.shopify.com/s/files/1/0724/3038/7509/files/Printworks_essentials_hipflask-blue_3.jpg?v=1761831464,2,,,,,,,,,,,,,,,,,,,,,,,
hip-flask-dark-blue,,,,,,,,,,,,,,,,,,,,,,,,,,,,,,,https://cdn.shopify.com/s/files/1/0724/3038/7509/files/Printworks_Essential_Hip_mood_1.jpg?v=1761831464,3,,,,,,,,,,,,,,,,,,,,,,,
hip-flask-dark-blue,,,,,,,,,,,,,,,,,,,,,,,,,,,,,,,https://cdn.shopify.com/s/files/1/0724/3038/7509/files/Printworks_essentials_hipflask-blue_4_ad949000-7e20-40da-bb08-9a6d093dd0ad.jpg?v=1764083623,4,,,,,,,,,,,,,,,,,,,,,,,
hip-flask-dark-blue,,,,,,,,,,,,,,,,,,,,,,,,,,,,,,,https://cdn.shopify.com/s/files/1/0724/3038/7509/files/Printworks_essentials_hipflask-blue_2.jpg?v=1764083623,5,,,,,,,,,,,,,,,,,,,,,,,
garlic-tools,Garlic Tools,"<p class=""p1"">Discover the essential kit for anyone who swears by the power of garlic — a thoughtfully curated toolbox in a stylish, book-like box designed to elevate both your cooking and your kitchen decor. Keep it proudly on display alongside your favorite cookbooks.<br><br><strong>Included in this set:</strong> <br>• Garlic Press – Effortlessly crushes cloves to release deep, bold flavor. <br>• Garlic Masher – Mash your cloves swiftly and scrape into your pot.</p>",Printworks,The Essentials,The Essentials,medium-bag,true,Title,Default Title,,,,,,,,PW00749,700,shopify,deny,manual,50,,true,true,,,,,,https://cdn.shopify.com/s/files/1/0724/3038/7509/files/Printworks_Essential_Garlic-tools.jpg?v=1761831484,1,,false,,,,"Vendor: Printworks
Type: The Essentials
Weight: 700g",,,,,,,,,,,,,,kg,,,active
garlic-tools,,,,,,,,,,,,,,,,,,,,,,,,,,,,,,,https://cdn.shopify.com/s/files/1/0724/3038/7509/files/Printworks_essentials_garlic_3_2439dfdc-3ca0-49da-b934-595e639d4f2f.jpg?v=1764083534,2,,,,,,,,,,,,,,,,,,,,,,,
garlic-tools,,,,,,,,,,,,,,,,,,,,,,,,,,,,,,,https://cdn.shopify.com/s/files/1/0724/3038/7509/files/Printworks_essentials_garlic_mood_1.jpg?v=1764083534,3,,,,,,,,,,,,,,,,,,,,,,,
garlic-tools,,,,,,,,,,,,,,,,,,,,,,,,,,,,,,,https://cdn.shopify.com/s/files/1/0724/3038/7509/files/Printworks_essentials_garlic_4_65703337-1cb7-421e-8180-a6b424ac4892.jpg?v=1764083534,4,,,,,,,,,,,,,,,,,,,,,,,
garlic-tools,,,,,,,,,,,,,,,,,,,,,,,,,,,,,,,https://cdn.shopify.com/s/files/1/0724/3038/7509/files/Printworks_essentials_garlic_2_1f17dc71-3360-4057-bb50-23463398a800.jpg?v=1764083534,5,,,,,,,,,,,,,,,,,,,,,,,
the-perfect-day-light-blue,"The Perfect Day, Light Blue","<p class=""p1"">Celebrate your most unforgettable moments with The Perfect Day wedding album in soft, featuring an elegant light blue cloth cover. <br><br><meta charset=""utf-8"">The photo album includes 30 pages of high-quality white photo paper in the size 28x21 cm (60 pages if used double-sided), ready for your memories. Easily attach your photos with our <a href=""https://printworksmarket.com/products/photo-album-photo-stickers"">stickers</a> or <a href=""https://printworksmarket.com/collections/photo-album-accessories/products/photo-album-photo-corners"">corners.</a> The album can hold up to 40 pages, and extra <a href=""https://printworksmarket.com/products/photo-paper-large-white-10-pack"">photo paper</a> (large) is available if you need more space.<br><br>Perfectly suited for display on your coffee table, this album keeps the magic of your wedding day close at hand while adding a delicate and timeless touch to your home.<br></p>",Printworks,Wedding Photo Album,Wedding Photo Album,"Large Photo Albums, YGroup_PhotoAlbums",true,Title,Default Title,,,,,,,,PW00762,1100,shopify,deny,manual,50,,true,true,,,,,,https://cdn.shopify.com/s/files/1/0724/3038/7509/files/Printworks_photo-album_the-perfect-day.jpg?v=1752066064,1,,false,,,,"Vendor: Printworks
Type: Wedding Photo Album
Weight: 1100g",,,,,,,,,,,,,,kg,,,active
the-perfect-day-light-blue,,,,,,,,,,,,,,,,,,,,,,,,,,,,,,,https://cdn.shopify.com/s/files/1/0724/3038/7509/files/Printworks_photo-album_the-perfect-day_mood_1.jpg?v=1752066122,2,,,,,,,,,,,,,,,,,,,,,,,
the-perfect-day-light-blue,,,,,,,,,,,,,,,,,,,,,,,,,,,,,,,https://cdn.shopify.com/s/files/1/0724/3038/7509/files/Printworks_photo-album_the-perfect-day_mood_2.jpg?v=1756293257,3,,,,,,,,,,,,,,,,,,,,,,,
the-perfect-day-light-blue,,,,,,,,,,,,,,,,,,,,,,,,,,,,,,,https://cdn.shopify.com/s/files/1/0724/3038/7509/files/Printworks_photo-album_the-perfect-day-2.jpg?v=1752066122,4,,,,,,,,,,,,,,,,,,,,,,,
the-perfect-day-light-blue,,,,,,,,,,,,,,,,,,,,,,,,,,,,,,,https://cdn.shopify.com/s/files/1/0724/3038/7509/files/Printworks_photo-album_the-perfect-day-3.jpg?v=1752066064,5,,,,,,,,,,,,,,,,,,,,,,,
photo-paper-white-10-pack-s,"Photo paper, white 10-pack (S)","<p class=""p1""><meta charset=""utf-8"">Extend your photo album with carefully designed white refill pages tailored to fit only our smaller albums — <a href=""https://printworksmarket.com/products/photo-album-little-moments-big-memories-orange"">Little Moments Big Memories</a>, and <a href=""https://printworksmarket.com/products/photo-album-good-times-beige?pr_prod_strat=pinned&amp;pr_rec_id=cdd89f3e1&amp;pr_rec_pid=15060020298063&amp;pr_ref_pid=15060057063759&amp;pr_seq=uniform"">Good Times beige</a> (19x22 cm). <br><br>This pack includes 10 sheets of high-quality, 230 gsm acid-free photo paper — ideal for preserving your memories with both style and longevity. </p>",Printworks,Photo Album Accessories,Photo Album Accessories,Small Photo Album Accessories,true,Title,Default Title,,,,,,,,PW00759,100,shopify,deny,manual,9,,true,true,,,,,,https://cdn.shopify.com/s/files/1/0724/3038/7509/files/Printworks_refill-papper_white-small_1.jpg?v=1752063925,1,,false,,,,"Vendor: Printworks
Type: Photo Album Accessories
Weight: 100g",,,,,,,,,,,,,,kg,,,active
photo-paper-black-10-pack-s,"Photo paper, black 10-pack (S)","<p class=""p1""><meta charset=""utf-8"">Extend your photo album with carefully designed black refill pages tailored to fit only our smaller albums — <a href=""https://printworksmarket.com/products/photo-album-little-moments-big-memories-orange"">Little Moments Big Memories</a>, and <a href=""https://printworksmarket.com/products/photo-album-good-times-beige?pr_prod_strat=pinned&amp;pr_rec_id=cdd89f3e1&amp;pr_rec_pid=15060020298063&amp;pr_ref_pid=15060057063759&amp;pr_seq=uniform"">Good Times beige</a> (19x22 cm).<br><br>This pack includes 10 sheets of high-quality, 230 gsm acid-free photo paper — ideal for preserving your memories with both style and longevity. </p>",Printworks,Photo Album Accessories,Photo Album Accessories,Small Photo Album Accessories,true,Title,Default Title,,,,,,,,PW00760,100,shopify,deny,manual,9,,true,true,,,,,,https://cdn.shopify.com/s/files/1/0724/3038/7509/files/Printworks_refill-papper_black-small_1.jpg?v=1752063622,1,,false,,,,"Vendor: Printworks
Type: Photo Album Accessories
Weight: 100g",,,,,,,,,,,,,,kg,,,active
one-love-2-pack,"One Love, 2-pack","<p class=""p1"">This elegant photo book set is designed to preserve the memories of your wedding day and honeymoon in one beautifully curated slipcase. <br><br>Featuring two separate photo books — one for the ceremony and celebration, the other for your <meta charset=""utf-8"">honeymoon adventures as newlyweds — it offers a timeless way to honor these unforgettable moments. With its book-like design, the set fits perfectly on your bookshelf while keeping your most cherished memories thoughtfully collected. <br><br><meta charset=""utf-8"">The photo book includes 40 pages of high-quality white photo paper per book <meta charset=""utf-8""><meta charset=""utf-8"">in the size 18x26,5 cm (80 pages if used double-sided), ready for your memories. <meta charset=""utf-8"">Easily attach your photos with our <a href=""https://printworksmarket.com/products/photo-album-photo-stickers"">stickers.</a><br><br><meta charset=""utf-8""><strong>Please note: our photo corners aren’t suitable for this book. Once the two photo books are filled, they won’t fit inside the slipcase. We recommend using our photo stickers instead.</strong><br></p>",Printworks,Photo Book,Photo Book,"Bookshelf Albums, medium-bag, YGroup_PhotoBook",true,Title,Default Title,,,,,,,,PW00771,1436,shopify,deny,manual,75,,true,true,,,,,,https://cdn.shopify.com/s/files/1/0724/3038/7509/files/Printworks_photo-books_love_1_ed8a994b-a3e6-4b06-8736-b91d87f35d42.jpg?v=1764769433,1,,false,,,,"Vendor: Printworks
Type: Photo Book
Weight: 1436g",,,,,,,,,,,,,,kg,,,active
one-love-2-pack,,,,,,,,,,,,,,,,,,,,,,,,,,,,,,,https://cdn.shopify.com/s/files/1/0724/3038/7509/files/Printworks_photo-books_love_mood_2.jpg?v=1764769433,2,,,,,,,,,,,,,,,,,,,,,,,
one-love-2-pack,,,,,,,,,,,,,,,,,,,,,,,,,,,,,,,https://cdn.shopify.com/s/files/1/0724/3038/7509/files/Open_onelove.jpg?v=1764769443,3,,,,,,,,,,,,,,,,,,,,,,,
one-love-2-pack,,,,,,,,,,,,,,,,,,,,,,,,,,,,,,,https://cdn.shopify.com/s/files/1/0724/3038/7509/files/Printworks_photo-books_love_mood_1.jpg?v=1764769443,4,,,,,,,,,,,,,,,,,,,,,,,
one-love-2-pack,,,,,,,,,,,,,,,,,,,,,,,,,,,,,,,https://cdn.shopify.com/s/files/1/0724/3038/7509/files/Printworks_photo-books_love_2_175f0bba-f3fd-4819-9008-7edfefdd07f1.jpg?v=1764769385,5,,,,,,,,,,,,,,,,,,,,,,,
one-love-2-pack,,,,,,,,,,,,,,,,,,,,,,,,,,,,,,,https://cdn.shopify.com/s/files/1/0724/3038/7509/files/Printworks_photo-books_love_3_1f29f6c0-21a7-4e40-8c58-21021b9bea6c.jpg?v=1764769385,6,,,,,,,,,,,,,,,,,,,,,,,
one-love-2-pack,,,,,,,,,,,,,,,,,,,,,,,,,,,,,,,https://cdn.shopify.com/s/files/1/0724/3038/7509/files/Printworks_photo-books_love_4_2d7b0db9-0d7d-4b85-8d0e-ede5d2f86ea2.jpg?v=1764769385,7,,,,,,,,,,,,,,,,,,,,,,,
one-love-2-pack,,,,,,,,,,,,,,,,,,,,,,,,,,,,,,,https://cdn.shopify.com/s/files/1/0724/3038/7509/files/Printworks_photo-books_love_5_ae66ff9b-5c70-4a62-965e-a0a915ff6ba1.jpg?v=1764769385,8,,,,,,,,,,,,,,,,,,,,,,,
mom-beige,"Mom, Beige","<p class=""p1"">A tribute to mothers everywhere, this photo book is thoughtfully designed to hold life’s most precious memories. Covered in elegant beige cloth with the word Mom embossed in white, it blends seamlessly into your bookshelf while celebrating the heart of the family.<meta charset=""utf-8""></p>
<p><meta charset=""utf-8"">The photo book includes 40 pages of high-quality white photo paper <meta charset=""utf-8""><meta charset=""utf-8"">in the size 18x26,5 cm (80 pages if used double-sided), ready for your memories. <meta charset=""utf-8"">Easily attach your photos with our <a href=""https://printworksmarket.com/products/photo-album-photo-stickers"">stickers</a> or <a href=""https://printworksmarket.com/collections/photo-album-accessories/products/photo-album-photo-corners"">corners.</a></p>
<p>Please note, the binding technique of this album allows it to expand as you place photos on every page. It's designed so that once filled with photos, and not before, it takes on the shape of a 90-degree coffee table book.</p>",Printworks,Photo Book,Photo Book,"Bookshelf Albums, small-bag, YGroup_PhotoBook",true,Title,Default Title,,,,,,,,PW00751,500,shopify,deny,manual,35,,true,true,,,,,,https://cdn.shopify.com/s/files/1/0724/3038/7509/files/Printworks_photo-book_mom_1_7bd6c85a-ee0f-4d5e-9ab0-470a0e3501a2.jpg?v=1764769227,1,,false,,,,"Vendor: Printworks
Type: Photo Book
Weight: 500g",,,,,,,,,,,,,,kg,,,active
mom-beige,,,,,,,,,,,,,,,,,,,,,,,,,,,,,,,https://cdn.shopify.com/s/files/1/0724/3038/7509/files/Printworks_PhotoBook_Mom_mood_2.jpg?v=1764769227,2,,,,,,,,,,,,,,,,,,,,,,,
mom-beige,,,,,,,,,,,,,,,,,,,,,,,,,,,,,,,https://cdn.shopify.com/s/files/1/0724/3038/7509/files/Printworks_photo-book_mom_2_5c95243e-6dd1-4f3a-8a11-987c451d66c0.jpg?v=1764769227,3,,,,,,,,,,,,,,,,,,,,,,,
mom-beige,,,,,,,,,,,,,,,,,,,,,,,,,,,,,,,https://cdn.shopify.com/s/files/1/0724/3038/7509/files/Printworks_photo-book_mom_mood_1.jpg?v=1764769227,4,,,,,,,,,,,,,,,,,,,,,,,
mom-beige,,,,,,,,,,,,,,,,,,,,,,,,,,,,,,,https://cdn.shopify.com/s/files/1/0724/3038/7509/files/Printworks_photo-book_mom_3_0d59b96b-7a6c-452e-9051-a2d01c27c0fe.jpg?v=1764769217,5,,,,,,,,,,,,,,,,,,,,,,,
dad-grey,"Dad, Grey","<p>Dedicated to the fathers who shape our lives, this photo book combines thoughtful design with timeless sentiment. Wrapped in classic grey cloth with the word Dad embossed in white, it fits beautifully on any bookshelf while preserving your most cherished memories. <br><meta charset=""utf-8""></p>
<p><meta charset=""utf-8"">The photo book includes 40 pages of high-quality white photo paper <meta charset=""utf-8""><meta charset=""utf-8"">in the size 18x26,5 cm (80 pages if used double-sided), ready for your memories. <meta charset=""utf-8"">Easily attach your photos with our <a href=""https://printworksmarket.com/products/photo-album-photo-stickers"">stickers</a> or <a href=""https://printworksmarket.com/collections/photo-album-accessories/products/photo-album-photo-corners"">corners.</a></p>
<p>Please note, the binding technique of this album allows it to expand as you place photos on every page. It's designed so that once filled with photos, and not before, it takes on the shape of a 90-degree coffee table book.</p>",Printworks,Photo Book,Photo Book,"Bookshelf Albums, small-bag, YGroup_PhotoBook",true,Title,Default Title,,,,,,,,PW00763,500,shopify,deny,manual,35,,true,true,,,,,,https://cdn.shopify.com/s/files/1/0724/3038/7509/files/Printworks_photo-book_dad_1_702496ae-7638-45d8-a51d-bc4e0eb93c2b.jpg?v=1764769145,1,,false,,,,"Vendor: Printworks
Type: Photo Book
Weight: 500g",,,,,,,,,,,,,,kg,,,active
dad-grey,,,,,,,,,,,,,,,,,,,,,,,,,,,,,,,https://cdn.shopify.com/s/files/1/0724/3038/7509/files/Printworks_PhotoBook_Dad_mood_2.jpg?v=1764769145,2,,,,,,,,,,,,,,,,,,,,,,,
dad-grey,,,,,,,,,,,,,,,,,,,,,,,,,,,,,,,https://cdn.shopify.com/s/files/1/0724/3038/7509/files/Printworks_photo-book_dad_2_7e21b909-26b2-443f-91ad-b96b202d08ab.jpg?v=1764769145,3,,,,,,,,,,,,,,,,,,,,,,,
dad-grey,,,,,,,,,,,,,,,,,,,,,,,,,,,,,,,https://cdn.shopify.com/s/files/1/0724/3038/7509/files/Printworks_photo-book_dad_mood_1.jpg?v=1764769145,4,,,,,,,,,,,,,,,,,,,,,,,
dad-grey,,,,,,,,,,,,,,,,,,,,,,,,,,,,,,,https://cdn.shopify.com/s/files/1/0724/3038/7509/files/Printworks_photo-book_dad_3_37854ea6-cb47-481b-a821-1acfa731fce7.jpg?v=1764769113,5,,,,,,,,,,,,,,,,,,,,,,,
my-first-3-years-baby-3-pack,"My First 3 Years, 3-pack","<p class=""p1""><meta charset=""utf-8"">Celebrate the magic of your child’s first years with this beautifully designed photo book set. Housed in an elegant slipcase, the bundle includes three separate albums — one for each of your baby’s first three years, perfectly capturing every precious milestone. With its book-like format, it fits seamlessly into your bookshelf while keeping treasured memories thoughtfully organized and close at hand. <br><br><meta charset=""utf-8"">The photo book includes 40 pages of high-quality white photo paper per book <meta charset=""utf-8""><meta charset=""utf-8"">in the size 18x26,5 cm (80 pages if used double-sided), ready for your memories. <meta charset=""utf-8"">Easily attach your photos with our <a href=""https://printworksmarket.com/products/photo-album-photo-stickers"">stickers.</a><br><br><meta charset=""utf-8""><strong>Please note: our photo corners aren’t suitable for this book. Once all three photo books are filled, they won’t fit inside the slipcase. We recommend using our photo stickers instead.</strong><br></p>",Printworks,Curated Set,Curated Set,"Bookshelf Albums, YGroup_PhotoBook",true,Title,Default Title,,,,,,,,PW00770,2099,shopify,deny,manual,95,,true,true,,,,,,https://cdn.shopify.com/s/files/1/0724/3038/7509/files/Printworks_photo-books_my-first-3-years_1_fa7a45ff-92d9-44e4-9840-4115324bf745.jpg?v=1764769520,1,,false,,,,"Vendor: Printworks
Type: Curated Set
Weight: 2099g",,,,,,,,,,,,,,kg,,,active
my-first-3-years-baby-3-pack,,,,,,,,,,,,,,,,,,,,,,,,,,,,,,,https://cdn.shopify.com/s/files/1/0724/3038/7509/files/Printworks_PhotoBooks_MyFirstThreeYears_mood_1.jpg?v=1764769593,2,,,,,,,,,,,,,,,,,,,,,,,
my-first-3-years-baby-3-pack,,,,,,,,,,,,,,,,,,,,,,,,,,,,,,,https://cdn.shopify.com/s/files/1/0724/3038/7509/files/Printworks_photo-books_my-first-3-years_2_e0fd090c-a1fa-45e8-bd02-6128a741009f.jpg?v=1764769593,3,,,,,,,,,,,,,,,,,,,,,,,
my-first-3-years-baby-3-pack,,,,,,,,,,,,,,,,,,,,,,,,,,,,,,,https://cdn.shopify.com/s/files/1/0724/3038/7509/files/Open_baby.jpg?v=1764769593,4,,,,,,,,,,,,,,,,,,,,,,,
my-first-3-years-baby-3-pack,,,,,,,,,,,,,,,,,,,,,,,,,,,,,,,https://cdn.shopify.com/s/files/1/0724/3038/7509/files/Printworks_photo-books_my-first-3-years_6_45f59376-ea25-46cf-8d42-e375cbee30ff.jpg?v=1764769593,5,,,,,,,,,,,,,,,,,,,,,,,
my-first-3-years-baby-3-pack,,,,,,,,,,,,,,,,,,,,,,,,,,,,,,,https://cdn.shopify.com/s/files/1/0724/3038/7509/files/Printworks_photo-books_my-first-3-years_3_e5c94b2d-baf6-4a89-9699-ca504a472a5c.jpg?v=1764769593,6,,,,,,,,,,,,,,,,,,,,,,,
my-first-3-years-baby-3-pack,,,,,,,,,,,,,,,,,,,,,,,,,,,,,,,https://cdn.shopify.com/s/files/1/0724/3038/7509/files/Printworks_photo-books_my-first-3-years_5_e3b8b669-6fca-4760-9086-a6be2a0533e6.jpg?v=1764769593,7,,,,,,,,,,,,,,,,,,,,,,,
my-first-3-years-baby-3-pack,,,,,,,,,,,,,,,,,,,,,,,,,,,,,,,https://cdn.shopify.com/s/files/1/0724/3038/7509/files/Printworks_photo-books_my-first-3-years_4_d8082128-eaa6-46fd-8e0c-f9292d7fbc49.jpg?v=1764769593,8,,,,,,,,,,,,,,,,,,,,,,,
all-you-need-is-love-orange,"All You Need is Love, Orange","<p>Discover our photo book All You Need Is Love, featuring a cloth cover in bold orange with white and pink lettering. Designed to capture the moments that matter most, this vibrant photo album brings a playful yet timeless feel to any space. <br><meta charset=""utf-8""></p>
<p>The photo book includes 40 pages of high-quality white photo paper <meta charset=""utf-8""><meta charset=""utf-8"">in the size 18x26,5 cm (80 pages if used double-sided), ready for your memories. <meta charset=""utf-8"">Easily attach your photos with our <a href=""https://printworksmarket.com/products/photo-album-photo-stickers"">stickers</a> or <a href=""https://printworksmarket.com/collections/photo-album-accessories/products/photo-album-photo-corners"">corners.</a><br></p>
<p><meta charset=""utf-8"">Please note, the binding technique of this album allows it to expand as you place photos on every page. It's designed so that once filled with photos, and not before, it takes on the shape of a 90-degree coffee table book.</p>",Printworks,Photo Book,Photo Book,"Bookshelf Albums, small-bag, YGroup_PhotoBook",true,Title,Default Title,,,,,,,,PW00767,500,shopify,deny,manual,35,,true,true,,,,,,https://cdn.shopify.com/s/files/1/0724/3038/7509/files/Printworks_photo-book_all-you-need-is-love_1_2e6fbf73-8cb3-46ca-a130-c354d9fb772a.jpg?v=1764769068,1,,false,,,,"Vendor: Printworks
Type: Photo Book
Weight: 500g",,,,,,,,,,,,,,kg,,,active
all-you-need-is-love-orange,,,,,,,,,,,,,,,,,,,,,,,,,,,,,,,https://cdn.shopify.com/s/files/1/0724/3038/7509/files/Printworks_PhotoBook_AllYouNeedIsLove_mood_2.jpg?v=1764769068,2,,,,,,,,,,,,,,,,,,,,,,,
all-you-need-is-love-orange,,,,,,,,,,,,,,,,,,,,,,,,,,,,,,,https://cdn.shopify.com/s/files/1/0724/3038/7509/files/Printworks_photo-book_all-you-need-is-love_2_c5cb446c-bfde-42e5-8f06-5011a29168de.jpg?v=1764769068,3,,,,,,,,,,,,,,,,,,,,,,,
all-you-need-is-love-orange,,,,,,,,,,,,,,,,,,,,,,,,,,,,,,,https://cdn.shopify.com/s/files/1/0724/3038/7509/files/Printworks_photo-book_all-you-need-is-love_mood_1.jpg?v=1764769068,4,,,,,,,,,,,,,,,,,,,,,,,
all-you-need-is-love-orange,,,,,,,,,,,,,,,,,,,,,,,,,,,,,,,https://cdn.shopify.com/s/files/1/0724/3038/7509/files/Printworks_photo-book_all-you-need-is-love_3.jpg?v=1764769068,5,,,,,,,,,,,,,,,,,,,,,,,
our-wedding-day,Our Wedding Day,"<p class=""p1"">Our Wedding Day is a beautifully designed guest book made to capture the heartfelt words and warm wishes from your special day. With its ivory white cover and elegant navy slipcase, it’s a timeless keepsake meant to be treasured for years to come. With 100 pages, it provides ample space for your guests to share their messages. Let it live on your shelf or coffee table as a gentle reminder of the love and joy shared on your wedding day.</p>",Printworks,Guest Book,Guest Book,medium-bag,true,Title,Default Title,,,,,,,,PW00753,900,shopify,deny,manual,35,,true,true,,,,,,https://cdn.shopify.com/s/files/1/0724/3038/7509/files/Printworks_wedding-guest-book_beige_1_56bd4ab4-0730-4f6c-af09-2adaccad86be.jpg?v=1764772727,1,,false,,,,"Vendor: Printworks
Type: Guest Book
Weight: 900g",,,,,,,,,,,,,,kg,,,active
our-wedding-day,,,,,,,,,,,,,,,,,,,,,,,,,,,,,,,https://cdn.shopify.com/s/files/1/0724/3038/7509/files/Guest_Book_01.png?v=1774959449,2,,,,,,,,,,,,,,,,,,,,,,,
our-wedding-day,,,,,,,,,,,,,,,,,,,,,,,,,,,,,,,https://cdn.shopify.com/s/files/1/0724/3038/7509/files/Printworks_wedding-guest-book_beige_4_bf563d78-73f3-4401-89d8-e9f7e269479d.jpg?v=1774959464,3,,,,,,,,,,,,,,,,,,,,,,,
our-wedding-day,,,,,,,,,,,,,,,,,,,,,,,,,,,,,,,https://cdn.shopify.com/s/files/1/0724/3038/7509/files/Guest_Book_02.png?v=1774959464,4,,,,,,,,,,,,,,,,,,,,,,,
our-wedding-day,,,,,,,,,,,,,,,,,,,,,,,,,,,,,,,https://cdn.shopify.com/s/files/1/0724/3038/7509/files/Printworks_wedding-guest-book_beige_mood_1.jpg?v=1774959449,5,,,,,,,,,,,,,,,,,,,,,,,
our-wedding-day,,,,,,,,,,,,,,,,,,,,,,,,,,,,,,,https://cdn.shopify.com/s/files/1/0724/3038/7509/files/Printworks_wedding-guest-book_beige_2_b08df2d8-c405-4174-b36c-d4bba6a1842f.jpg?v=1774959449,6,,,,,,,,,,,,,,,,,,,,,,,
our-wedding-day,,,,,,,,,,,,,,,,,,,,,,,,,,,,,,,https://cdn.shopify.com/s/files/1/0724/3038/7509/files/Printworks_wedding-guest-book_beige_3_5baa7c97-07e5-4734-a6bf-a81052646bac.jpg?v=1774959449,7,,,,,,,,,,,,,,,,,,,,,,,
the-secret-garden,The Secret Garden,"<p class=""p1"">Nurture your green thumb with The Secret Garden, a beautifully designed journal to track your garden’s growth, planting plans, and seasonal inspirations. Perfect for gardeners who want to cultivate memories as much as their plants.</p>",Printworks,Fill-in Book,Fill-in Book,small-bag,true,Title,Default Title,,,,,,,,PW00752,800,shopify,deny,manual,39,,true,true,,,,,,https://cdn.shopify.com/s/files/1/0724/3038/7509/files/Printworks_garden-journal_1_a6233994-57e5-4a5a-8e5e-5c4a825c3f30.jpg?v=1764086424,1,,false,,,,"Vendor: Printworks
Type: Fill-in Book
Weight: 800g",,,,,,,,,,,,,,kg,,,active
the-secret-garden,,,,,,,,,,,,,,,,,,,,,,,,,,,,,,,https://cdn.shopify.com/s/files/1/0724/3038/7509/files/Printworks_garden-journal_mood_1.jpg?v=1764086424,2,,,,,,,,,,,,,,,,,,,,,,,
the-secret-garden,,,,,,,,,,,,,,,,,,,,,,,,,,,,,,,https://cdn.shopify.com/s/files/1/0724/3038/7509/files/Printworks_garden-journal_2_4c764fdb-2f6f-45b9-b6b1-2e6d8951c6c0.jpg?v=1764086424,3,,,,,,,,,,,,,,,,,,,,,,,
the-secret-garden,,,,,,,,,,,,,,,,,,,,,,,,,,,,,,,https://cdn.shopify.com/s/files/1/0724/3038/7509/files/Printworks_garden-journal_3_9f6a7071-ea00-4ac9-b943-13519f4d1f9c.jpg?v=1764086424,4,,,,,,,,,,,,,,,,,,,,,,,
the-secret-garden,,,,,,,,,,,,,,,,,,,,,,,,,,,,,,,https://cdn.shopify.com/s/files/1/0724/3038/7509/files/Printworks_garden-journal_5_17c3b780-c4c0-4b1d-a220-2a0f0af8f64a.jpg?v=1764086424,5,,,,,,,,,,,,,,,,,,,,,,,
the-secret-garden,,,,,,,,,,,,,,,,,,,,,,,,,,,,,,,https://cdn.shopify.com/s/files/1/0724/3038/7509/files/Printworks_garden-journal_4_a99d254e-ec67-405d-ae26-c471a844fed0.jpg?v=1764086424,6,,,,,,,,,,,,,,,,,,,,,,,
wedding-planner,Wedding Planner,"<p class=""p1"">Plan your dream wedding with The Perfect Day, the ultimate wedding planner that helps you organize every detail for your big day. From the ceremony to the celebration, keep track of timelines, guests, and personal touches to ensure a seamless and unforgettable wedding experience.</p>",Printworks,Fill-in Book,Fill-in Book,small-bag,true,Title,Default Title,,,,,,,,PW00745,700,shopify,deny,manual,39,,true,true,,,,,,https://cdn.shopify.com/s/files/1/0724/3038/7509/files/Printworks_wedding-planner_1_ae42a1a1-3019-45dc-ab31-12556aae583c.jpg?v=1764773185,1,,false,,,,"Vendor: Printworks
Type: Fill-in Book
Weight: 700g",,,,,,,,,,,,,,kg,,,active
wedding-planner,,,,,,,,,,,,,,,,,,,,,,,,,,,,,,,https://cdn.shopify.com/s/files/1/0724/3038/7509/files/Printworks_wedding-planner_mood_2.jpg?v=1764773185,2,,,,,,,,,,,,,,,,,,,,,,,
wedding-planner,,,,,,,,,,,,,,,,,,,,,,,,,,,,,,,https://cdn.shopify.com/s/files/1/0724/3038/7509/files/Printworks_wedding-planner_2_1843bb4e-2040-4a7c-8657-088ddfcc2827.jpg?v=1764773185,3,,,,,,,,,,,,,,,,,,,,,,,
wedding-planner,,,,,,,,,,,,,,,,,,,,,,,,,,,,,,,https://cdn.shopify.com/s/files/1/0724/3038/7509/files/Printworks_wedding-planner_3_f9b2433e-c113-4500-8ae5-a0dc9473742c.jpg?v=1764773185,4,,,,,,,,,,,,,,,,,,,,,,,
wedding-planner,,,,,,,,,,,,,,,,,,,,,,,,,,,,,,,https://cdn.shopify.com/s/files/1/0724/3038/7509/files/Printworks_wedding-planner_mood_1.jpg?v=1764773185,5,,,,,,,,,,,,,,,,,,,,,,,
wedding-planner,,,,,,,,,,,,,,,,,,,,,,,,,,,,,,,https://cdn.shopify.com/s/files/1/0724/3038/7509/files/Printworks_wedding-planner_4_4fad268e-93fd-4efa-9c68-36e0e2c7a30f.jpg?v=1764773167,6,,,,,,,,,,,,,,,,,,,,,,,
our-love-story,Our Love Story,"<p class=""p1"">Document the beautiful journey from first meeting to the wedding day and beyond with Our Love Story. This journal invites you to preserve memories, milestones, and special moments of your relationship — from the spark of love to your honeymoon adventures.<br></p>",Printworks,Fill-in Book,Fill-in Book,small-bag,true,Title,Default Title,,,,,,,,PW00746,600,shopify,deny,manual,39,,true,true,,,,,,https://cdn.shopify.com/s/files/1/0724/3038/7509/files/Printworks_wedding-journal_1_fe1dfbe8-0ed5-49e2-bd8e-a7b35fbcf366.jpg?v=1764772789,1,,false,,,,"Vendor: Printworks
Type: Fill-in Book
Weight: 600g",,,,,,,,,,,,,,kg,,,active
our-love-story,,,,,,,,,,,,,,,,,,,,,,,,,,,,,,,https://cdn.shopify.com/s/files/1/0724/3038/7509/files/Printworks_wedding-journal_mood_2.jpg?v=1764772789,2,,,,,,,,,,,,,,,,,,,,,,,
our-love-story,,,,,,,,,,,,,,,,,,,,,,,,,,,,,,,https://cdn.shopify.com/s/files/1/0724/3038/7509/files/Printworks_wedding-journal_3_080fa23c-83c0-47bc-960f-64d6d750d3d3.jpg?v=1764772789,3,,,,,,,,,,,,,,,,,,,,,,,
our-love-story,,,,,,,,,,,,,,,,,,,,,,,,,,,,,,,https://cdn.shopify.com/s/files/1/0724/3038/7509/files/Printworks_wedding-journal_2_2dd5bc38-520f-4b79-81f1-93f66439fc8d.jpg?v=1764772789,4,,,,,,,,,,,,,,,,,,,,,,,
our-love-story,,,,,,,,,,,,,,,,,,,,,,,,,,,,,,,https://cdn.shopify.com/s/files/1/0724/3038/7509/files/Printworks_wedding-journal_mood_1.jpg?v=1764772789,5,,,,,,,,,,,,,,,,,,,,,,,
our-love-story,,,,,,,,,,,,,,,,,,,,,,,,,,,,,,,https://cdn.shopify.com/s/files/1/0724/3038/7509/files/Printworks_wedding-journal_5_e05b27b3-f050-4a0b-a8c9-779bc5f0c907.jpg?v=1764772789,6,,,,,,,,,,,,,,,,,,,,,,,
our-love-story,,,,,,,,,,,,,,,,,,,,,,,,,,,,,,,https://cdn.shopify.com/s/files/1/0724/3038/7509/files/Printworks_wedding-journal_4_22b1f068-efd4-467f-9a5b-c323663d6330.jpg?v=1764772789,7,,,,,,,,,,,,,,,,,,,,,,,
a-dogs-life,A Dog's Life,"<p class=""p1"">Capture every wag, walk, and wonderful moment with A Dog’s Life. This journal is designed for dog lovers to record memories, milestones, and daily adventures with their furry best friend. A perfect keepsake to celebrate your pup’s unique personality and life journey.</p>",Printworks,Fill-in Book,Fill-in Book,small-bag,true,Title,Default Title,,,,,,,,PW00764,600,shopify,deny,manual,39,,true,true,,,,,,https://cdn.shopify.com/s/files/1/0724/3038/7509/files/Printworks_dog-journal_1_f1385a68-24d1-4b91-95c4-0815bdb392e5.jpg?v=1764081756,1,,false,,,,"Vendor: Printworks
Type: Fill-in Book
Weight: 600g",,,,,,,,,,,,,,kg,,,active
a-dogs-life,,,,,,,,,,,,,,,,,,,,,,,,,,,,,,,https://cdn.shopify.com/s/files/1/0724/3038/7509/files/Printworks_dog-journal_mood_1.jpg?v=1764081756,2,,,,,,,,,,,,,,,,,,,,,,,
a-dogs-life,,,,,,,,,,,,,,,,,,,,,,,,,,,,,,,https://cdn.shopify.com/s/files/1/0724/3038/7509/files/Printworks_dog-journal_3_7a6b4ca0-2cb2-4b40-8af8-dd7b75075e60.jpg?v=1764081756,3,,,,,,,,,,,,,,,,,,,,,,,
a-dogs-life,,,,,,,,,,,,,,,,,,,,,,,,,,,,,,,https://cdn.shopify.com/s/files/1/0724/3038/7509/files/Printworks_dog-journal_mood_2.jpg?v=1764081756,4,,,,,,,,,,,,,,,,,,,,,,,
a-dogs-life,,,,,,,,,,,,,,,,,,,,,,,,,,,,,,,https://cdn.shopify.com/s/files/1/0724/3038/7509/files/Printworks_dog-journal_2_2e2f8927-bd95-41c4-b15e-cedb13d594a4.jpg?v=1764081756,5,,,,,,,,,,,,,,,,,,,,,,,
a-dogs-life,,,,,,,,,,,,,,,,,,,,,,,,,,,,,,,https://cdn.shopify.com/s/files/1/0724/3038/7509/files/Printworks_dog-journal_4_039032f3-247a-4500-98a9-91fcdd9726b3.jpg?v=1764081735,6,,,,,,,,,,,,,,,,,,,,,,,
a-dogs-life,,,,,,,,,,,,,,,,,,,,,,,,,,,,,,,https://cdn.shopify.com/s/files/1/0724/3038/7509/files/Printworks_dog-journal_5_31dbfef2-39a5-434d-add5-142988e4b1c2.jpg?v=1764081735,7,,,,,,,,,,,,,,,,,,,,,,,
art-of-backgammon-red-cream,"Art of Backgammon, Red/Cream","<p class=""p1"">This Art of Backgammon takes on an eclectic twist with expressive patterns, bold red and cream tones, and eye-catching typography. The set opens like a book to reveal a sleek, acrylic playing surface — designed to stand out both in play and on display. Perfect for hours of strategic fun, it also includes easy-to-follow instructions in English, French, and German. Suitable for two players, ages 5 and up.</p>",Printworks,Board Game,Board Game,medium-bag,true,Title,Default Title,,,,,,,,PW00756,800,shopify,deny,manual,65,,true,true,,,,,,https://cdn.shopify.com/s/files/1/0724/3038/7509/files/Printworks_art-of-games_backgammon-red_1_3e068ee5-f777-4453-b608-1027b1fe0f67.jpg?v=1764077532,1,,false,,,,"Vendor: Printworks
Type: Board Game
Weight: 800g",,,,,,,,,,,,,,kg,,,active
art-of-backgammon-red-cream,,,,,,,,,,,,,,,,,,,,,,,,,,,,,,,https://cdn.shopify.com/s/files/1/0724/3038/7509/files/Printworks_art-of-games_backgammon-red_mood_2.jpg?v=1764077532,2,,,,,,,,,,,,,,,,,,,,,,,
art-of-backgammon-red-cream,,,,,,,,,,,,,,,,,,,,,,,,,,,,,,,https://cdn.shopify.com/s/files/1/0724/3038/7509/files/Printworks_art-of-games_backgammon-red_2_617558fd-2c4a-4ac2-8ac4-d9464e7150ae.jpg?v=1764077532,3,,,,,,,,,,,,,,,,,,,,,,,
art-of-backgammon-red-cream,,,,,,,,,,,,,,,,,,,,,,,,,,,,,,,https://cdn.shopify.com/s/files/1/0724/3038/7509/files/Printworks_art-of-games_backgammon-red_mood_3.jpg?v=1764077532,4,,,,,,,,,,,,,,,,,,,,,,,
art-of-backgammon-red-cream,,,,,,,,,,,,,,,,,,,,,,,,,,,,,,,https://cdn.shopify.com/s/files/1/0724/3038/7509/files/Printworks_art-of-games_backgammon-red_mood_1.jpg?v=1764077532,5,,,,,,,,,,,,,,,,,,,,,,,
art-of-backgammon-red-cream,,,,,,,,,,,,,,,,,,,,,,,,,,,,,,,https://cdn.shopify.com/s/files/1/0724/3038/7509/files/Printworks_art-of-games_backgammon-red_3_18d76400-3481-4092-9cd6-cf7f8d2427eb.jpg?v=1764077513,6,,,,,,,,,,,,,,,,,,,,,,,
art-of-backgammon-red-cream,,,,,,,,,,,,,,,,,,,,,,,,,,,,,,,https://cdn.shopify.com/s/files/1/0724/3038/7509/files/Printworks_art-of-games_backgammon-red_4_ecf14eda-100b-4fdf-8710-b4658cd107d0.jpg?v=1764077514,7,,,,,,,,,,,,,,,,,,,,,,,
art-of-backgammon-anthracite,"Art of Backgammon, Anthracite","<p class=""p1"">Art of Backgammon – Anthracite gives the classic game a refined twist with subtle yet striking patterns in black, dusty blue, and orange. Designed to open like a book, it reveals a sleek acrylic board that invites hours of strategic play. A stylish addition to any room, whether in use or on display. Includes easy-to-read instructions in English, French, and German. Suitable for two players and recommended for ages 5 and up.<br></p>",Printworks,Board Game,Board Game,medium-bag,true,Title,Default Title,,,,,,,,PW00757,800,shopify,deny,manual,65,,true,true,,,,,,https://cdn.shopify.com/s/files/1/0724/3038/7509/files/Printworks_art-of-games_backgammon-anthracite_1_c1c2e0ef-c9b0-4730-9b16-dbe0efb7433e.jpg?v=1764077478,1,,false,,,,"Vendor: Printworks
Type: Board Game
Weight: 800g",,,,,,,,,,,,,,kg,,,active
art-of-backgammon-anthracite,,,,,,,,,,,,,,,,,,,,,,,,,,,,,,,https://cdn.shopify.com/s/files/1/0724/3038/7509/files/Printworks_art-of-games_backgammon-anthracite_mood_1.jpg?v=1764077478,2,,,,,,,,,,,,,,,,,,,,,,,
art-of-backgammon-anthracite,,,,,,,,,,,,,,,,,,,,,,,,,,,,,,,https://cdn.shopify.com/s/files/1/0724/3038/7509/files/Printworks_art-of-games_backgammon-anthracite_2_b38a6cb9-b7d6-443a-8022-e827526f664d.jpg?v=1764077478,3,,,,,,,,,,,,,,,,,,,,,,,
art-of-backgammon-anthracite,,,,,,,,,,,,,,,,,,,,,,,,,,,,,,,https://cdn.shopify.com/s/files/1/0724/3038/7509/files/Printworks_art-of-games_backgammon-anthracite_mood_3.jpg?v=1764077478,4,,,,,,,,,,,,,,,,,,,,,,,
art-of-backgammon-anthracite,,,,,,,,,,,,,,,,,,,,,,,,,,,,,,,https://cdn.shopify.com/s/files/1/0724/3038/7509/files/Printworks_art-of-games_backgammon-anthracite_mood_2.jpg?v=1764077478,5,,,,,,,,,,,,,,,,,,,,,,,
art-of-backgammon-anthracite,,,,,,,,,,,,,,,,,,,,,,,,,,,,,,,https://cdn.shopify.com/s/files/1/0724/3038/7509/files/Printworks_art-of-games_backgammon-anthracite_3_1e3ccfbc-186d-48c3-94b5-177d723f34d2.jpg?v=1764077461,6,,,,,,,,,,,,,,,,,,,,,,,
art-of-backgammon-anthracite,,,,,,,,,,,,,,,,,,,,,,,,,,,,,,,https://cdn.shopify.com/s/files/1/0724/3038/7509/files/Printworks_art-of-games_backgammon-anthracite_4_483ff179-ed61-41ad-a8bf-205270ec1dbe.jpg?v=1764077461,7,,,,,,,,,,,,,,,,,,,,,,,
the-minimalist,The Minimalist Chess,"<p class=""p1""><meta charset=""utf-8""><meta charset=""utf-8""><meta charset=""utf-8""><meta charset=""utf-8""><meta charset=""utf-8""><meta charset=""utf-8""><meta charset=""utf-8"">Minimalist Chess is a refined reimagining of the classic game, designed for those who appreciate understated elegance. The precision-crafted wooden board rests inside a beige, cloth-covered, book-style box — a tactile detail that blends seamlessly with your coffee table décor. Made from walnut, maple, and Schima superba wood, it’s a functional piece of design that’s as exquisite on display as it is in play.</p>",Printworks,Board Game,Board Game,large-bag,true,Title,Default Title,,,,,,,,PW00766,2200,shopify,deny,manual,175,,true,true,,,,,,https://cdn.shopify.com/s/files/1/0724/3038/7509/files/Printworks_game_minimalist_1_6f659eb9-5271-456b-b635-d7359287c6b6.jpg?v=1764086203,1,,false,,,,"Vendor: Printworks
Type: Board Game
Weight: 2200g",,,,,,,,,,,,,,kg,,,active
the-minimalist,,,,,,,,,,,,,,,,,,,,,,,,,,,,,,,https://cdn.shopify.com/s/files/1/0724/3038/7509/files/MinimalistChess.jpg?v=1771334699,2,,,,,,,,,,,,,,,,,,,,,,,
the-minimalist,,,,,,,,,,,,,,,,,,,,,,,,,,,,,,,https://cdn.shopify.com/s/files/1/0724/3038/7509/files/Printworks_game_minimalist_2_5b488e09-f865-4e02-a70a-2c200bc8543e.jpg?v=1771334699,3,,,,,,,,,,,,,,,,,,,,,,,
the-minimalist,,,,,,,,,,,,,,,,,,,,,,,,,,,,,,,https://cdn.shopify.com/s/files/1/0724/3038/7509/files/Printworks_game_minimalist_mood_1.jpg?v=1771334699,4,,,,,,,,,,,,,,,,,,,,,,,
the-minimalist,,,,,,,,,,,,,,,,,,,,,,,,,,,,,,,https://cdn.shopify.com/s/files/1/0724/3038/7509/files/Printworks_game_minimalist_mood_4.jpg?v=1771334699,5,,,,,,,,,,,,,,,,,,,,,,,
the-minimalist,,,,,,,,,,,,,,,,,,,,,,,,,,,,,,,https://cdn.shopify.com/s/files/1/0724/3038/7509/files/Printworks_game_minimalist_mood_3.jpg?v=1771334699,6,,,,,,,,,,,,,,,,,,,,,,,
the-minimalist,,,,,,,,,,,,,,,,,,,,,,,,,,,,,,,https://cdn.shopify.com/s/files/1/0724/3038/7509/files/Printworks_game_minimalist_5_c02b940d-8966-48f6-a3f0-55ffdf56b89e.jpg?v=1771334699,7,,,,,,,,,,,,,,,,,,,,,,,
the-minimalist,,,,,,,,,,,,,,,,,,,,,,,,,,,,,,,https://cdn.shopify.com/s/files/1/0724/3038/7509/files/Printworks_game_minimalist_4_0b664e03-ec7b-45b6-9f26-7e10824cebcd.jpg?v=1771334699,8,,,,,,,,,,,,,,,,,,,,,,,
the-minimalist,,,,,,,,,,,,,,,,,,,,,,,,,,,,,,,https://cdn.shopify.com/s/files/1/0724/3038/7509/files/Printworks_game_minimalist_3_8d263fee-7bb3-4bfa-a4fa-8b25abbbc31e.jpg?v=1771334699,9,,,,,,,,,,,,,,,,,,,,,,,
the-minimalist,,,,,,,,,,,,,,,,,,,,,,,,,,,,,,,https://cdn.shopify.com/s/files/1/0724/3038/7509/files/Printworks_game_minimalist_6_ffe89cb5-256b-46fd-9a0b-7a5607b12bb5.jpg?v=1771334699,10,,,,,,,,,,,,,,,,,,,,,,,
falafel-tools,Falafel Tools,"<p class=""p1"">Discover the essential kit for creating falafel from scratch – a stylish toolbox presented in a book-like box, perfect for food explorers. It also serves as a decorative piece in your kitchen when stored alongside cookbooks. <br><br>Included in this set: <br>• Falafel Scoop – For shaping uniform falafel balls with ease. <br>• Scoop Scraper - For a quick release of the falafel balls into the cooking vessel.</p>",Printworks,The Essentials,The Essentials,medium-bag,true,Title,Default Title,,,,,,,,PW00748,600,shopify,deny,manual,60,,true,true,,,,,,https://cdn.shopify.com/s/files/1/0724/3038/7509/files/Printworks_Essential_Falafel-tools.jpg?v=1761831501,1,,false,,,,"Vendor: Printworks
Type: The Essentials
Weight: 600g",,,,,,,,,,,,,,kg,,,active
falafel-tools,,,,,,,,,,,,,,,,,,,,,,,,,,,,,,,https://cdn.shopify.com/s/files/1/0724/3038/7509/files/Printworks_essentials_falafel_3_b88783c6-be8b-4ef5-a93f-967cd2ec5f1f.jpg?v=1764083499,2,,,,,,,,,,,,,,,,,,,,,,,
falafel-tools,,,,,,,,,,,,,,,,,,,,,,,,,,,,,,,https://cdn.shopify.com/s/files/1/0724/3038/7509/files/Printworks_essentials_falafel_mood_1.jpg?v=1764083499,3,,,,,,,,,,,,,,,,,,,,,,,
falafel-tools,,,,,,,,,,,,,,,,,,,,,,,,,,,,,,,https://cdn.shopify.com/s/files/1/0724/3038/7509/files/Printworks_essentials_falafel_4_be462a54-91f7-4166-a7f5-cc14e54794fb.jpg?v=1764083499,4,,,,,,,,,,,,,,,,,,,,,,,
falafel-tools,,,,,,,,,,,,,,,,,,,,,,,,,,,,,,,https://cdn.shopify.com/s/files/1/0724/3038/7509/files/Printworks_essentials_falafel_2_4b2176fd-4460-4650-9c54-96e1635a2aa5.jpg?v=1764083499,5,,,,,,,,,,,,,,,,,,,,,,,
dumpling-tools,Dumpling Tools,"<p class=""p1"">Discover the essential kit for crafting perfect dumplings – a refined toolbox in an elegant book-like box that’s ideal for food lovers. When not in use, it makes a beautiful addition to your kitchen shelf, perfectly complementing your favorite cookbooks. <br><br>Included in this set: <br>• Dumpling Press – Fold and seal your dumplings with precision. <br>• 4 Sets of Chopsticks – For preparing or enjoying together. <br>• 1 Stainless Steel Dough Cutter – To cut your dumpling shapes perfectly.</p>",Printworks,The Essentials,The Essentials,medium-bag,true,Title,Default Title,,,,,,,,PW00747,700,shopify,deny,manual,55,,true,true,,,,,,https://cdn.shopify.com/s/files/1/0724/3038/7509/files/Printworks_Essential_Dumplings-tools.jpg?v=1761831524,1,,false,,,,"Vendor: Printworks
Type: The Essentials
Weight: 700g",,,,,,,,,,,,,,kg,,,active
dumpling-tools,,,,,,,,,,,,,,,,,,,,,,,,,,,,,,,https://cdn.shopify.com/s/files/1/0724/3038/7509/files/Printworks_essentials_dumplings_3_3e9fe2b0-8a14-40e1-9b43-907444b3648d.jpg?v=1764083424,2,,,,,,,,,,,,,,,,,,,,,,,
dumpling-tools,,,,,,,,,,,,,,,,,,,,,,,,,,,,,,,https://cdn.shopify.com/s/files/1/0724/3038/7509/files/Printworks_essentials_dumplings_mood_1.jpg?v=1764083424,3,,,,,,,,,,,,,,,,,,,,,,,
dumpling-tools,,,,,,,,,,,,,,,,,,,,,,,,,,,,,,,https://cdn.shopify.com/s/files/1/0724/3038/7509/files/Printworks_essentials_dumplings_4_5ed07b9a-5169-458d-810e-da4647ab17c0.jpg?v=1764083424,4,,,,,,,,,,,,,,,,,,,,,,,
dumpling-tools,,,,,,,,,,,,,,,,,,,,,,,,,,,,,,,https://cdn.shopify.com/s/files/1/0724/3038/7509/files/Printworks_essentials_dumplings_2_5aa2305a-30f5-4737-90f8-85fda4b8a638.jpg?v=1764083424,5,,,,,,,,,,,,,,,,,,,,,,,
wine-tools-beige,"Wine Tools, Beige","<p class=""p1"">Discover the essential kit for perfecting your wine experience - a refined toolbox in an elegant book-like box that makes the perfect going-away gift. <meta charset=""utf-8"">All products are made of stainless steel and are dishwasher safe.<br><br>Included in this set:<br>• Opener - The essential wine key with a worm, lever and foil cutter. <br>• Stopper - To protect and keep opened bottles fresh. <br>• Pourer - Allows the wine to breathe when its poured. <br>• Collar - Protects your table from wine stains and spill. </p>",Printworks,The Essentials,The Essentials,small-bag,true,Title,Default Title,,,,,,,,PW00754,400,shopify,deny,manual,45,,true,true,,,,,,https://cdn.shopify.com/s/files/1/0724/3038/7509/files/Printworks_Essential_Wine-tools-beige.jpg?v=1762330152,1,,false,,,,"Vendor: Printworks
Type: The Essentials
Weight: 400g",,,,,,,,,,,,,,kg,,,active
wine-tools-beige,,,,,,,,,,,,,,,,,,,,,,,,,,,,,,,https://cdn.shopify.com/s/files/1/0724/3038/7509/files/Printworks_essentials_wine-beige_3_a5f3da55-e1e0-4910-a3a3-c92ba8eb421d.jpg?v=1764084443,2,,,,,,,,,,,,,,,,,,,,,,,
wine-tools-beige,,,,,,,,,,,,,,,,,,,,,,,,,,,,,,,https://cdn.shopify.com/s/files/1/0724/3038/7509/files/Printworks_Essential_Wine_mood_3.jpg?v=1764084443,3,,,,,,,,,,,,,,,,,,,,,,,
wine-tools-beige,,,,,,,,,,,,,,,,,,,,,,,,,,,,,,,https://cdn.shopify.com/s/files/1/0724/3038/7509/files/Printworks_essentials_wine-beige_mood_1.jpg?v=1771837854,4,,,,,,,,,,,,,,,,,,,,,,,
wine-tools-beige,,,,,,,,,,,,,,,,,,,,,,,,,,,,,,,https://cdn.shopify.com/s/files/1/0724/3038/7509/files/Printworks_essentials_wine-beige_4_b845baea-96f0-4760-9191-4823bd48c634.jpg?v=1771837854,5,,,,,,,,,,,,,,,,,,,,,,,
wine-tools-beige,,,,,,,,,,,,,,,,,,,,,,,,,,,,,,,https://cdn.shopify.com/s/files/1/0724/3038/7509/files/Printworks_essentials_wine-beige_2_c3d3d1d7-67be-4cce-aa02-770fd858562f.jpg?v=1771837854,6,,,,,,,,,,,,,,,,,,,,,,,
ramen-tools,Ramen Tools,"<p class=""p1"">Discover the essential kit for a cozy ramen night at home – a refined toolbox in a book-like box, ideal as a thoughtful gift or for upgrading your own kitchen rituals. When not in use, it adds a decorative touch to your shelf, fitting right in alongside your cookbooks. <br><br>Included in this set: <br>• Noodle Cutter – For slicing homemade noodles with ease. <br>• 2 Ramen Spoons – Deep, wide spoons ideal for broth and toppings. <br>• 2 Sets of Chopsticks – Perfect for sharing your ramen experience.<br></p>",Printworks,The Essentials,The Essentials,medium-bag,true,Title,Default Title,,,,,,,,PW00750,700,shopify,deny,manual,60,,true,true,,,,,,https://cdn.shopify.com/s/files/1/0724/3038/7509/files/Printworks_Essential_Ramen-tools.jpg?v=1761831435,1,,false,,,,"Vendor: Printworks
Type: The Essentials
Weight: 700g",,,,,,,,,,,,,,kg,,,active
ramen-tools,,,,,,,,,,,,,,,,,,,,,,,,,,,,,,,https://cdn.shopify.com/s/files/1/0724/3038/7509/files/Printworks_essentials_ramen_3.jpg?v=1761831435,2,,,,,,,,,,,,,,,,,,,,,,,
ramen-tools,,,,,,,,,,,,,,,,,,,,,,,,,,,,,,,https://cdn.shopify.com/s/files/1/0724/3038/7509/files/Printworks_essentials_ramen_mood_1.jpg?v=1761831435,3,,,,,,,,,,,,,,,,,,,,,,,
ramen-tools,,,,,,,,,,,,,,,,,,,,,,,,,,,,,,,https://cdn.shopify.com/s/files/1/0724/3038/7509/files/Printworks_essentials_ramen_4_43bbb47a-a4b4-4be4-ba44-3b0767f7f60f.jpg?v=1764084337,4,,,,,,,,,,,,,,,,,,,,,,,
ramen-tools,,,,,,,,,,,,,,,,,,,,,,,,,,,,,,,https://cdn.shopify.com/s/files/1/0724/3038/7509/files/Printworks_essentials_ramen_2_7fef03cc-27df-4555-9cde-4665fae38ffe.jpg?v=1764084337,5,,,,,,,,,,,,,,,,,,,,,,,
bookend-black-white-marble,"Stair Cube, Marble","<p><meta charset=""utf-8""> <meta charset=""utf-8""><span data-mce-fragment=""1"">Elevate your home decor with our Stair Cube Bookends, crafted from a blend of black and white marble. These natural stone bookends not only maintain the order of your books but also serve as captivating decorative pieces. With unique variations due to their cuts from different stone parts, each pair is a masterpiece celebrating the beauty of nature.</span></p>",Printworks,Bookends,Bookends,,true,Title,Default Title,,,,,,,,PW00548,1300,shopify,deny,manual,60,,true,true,,,,,,https://cdn.shopify.com/s/files/1/0724/3038/7509/files/Printworks_bookend_marble.jpg?v=1743596127,1,,false,,,,"Vendor: Printworks
Type: Bookends
Weight: 1300g",,,,,,,,,,,,,,kg,,,active
bookend-black-white-marble,,,,,,,,,,,,,,,,,,,,,,,,,,,,,,,https://cdn.shopify.com/s/files/1/0724/3038/7509/files/Printworks_bookend_marble_2.jpg?v=1743596127,2,,,,,,,,,,,,,,,,,,,,,,,
bookend-black-white-marble,,,,,,,,,,,,,,,,,,,,,,,,,,,,,,,https://cdn.shopify.com/s/files/1/0724/3038/7509/files/Printworks_Bookend_Marble_mood_1.jpg?v=1743596127,3,,,,,,,,,,,,,,,,,,,,,,,
bookend-black-white-marble,,,,,,,,,,,,,,,,,,,,,,,,,,,,,,,https://cdn.shopify.com/s/files/1/0724/3038/7509/files/Printworks_Bookend_Marble_mood_2.jpg?v=1743596127,4,,,,,,,,,,,,,,,,,,,,,,,
last-christmas,Last Christmas,"<div class=""c-scrollbar__hider"" role=""presentation"" data-qa=""slack_kit_scrollbar"">
<div class=""c-scrollbar__child"" role=""presentation"">
<div aria-label=""Mikaela Niemetz (direct message, away)"" role=""list"" class=""c-virtual_list__scroll_container"" data-qa=""slack_kit_list"">
<div data-item-key=""1719405282.290939"" data-qa=""virtual-list-item"" id=""1719405282.290939"" role=""listitem"" class=""c-virtual_list__item"" aria-setsize=""-1"" tabindex=""0"">
<div data-qa-placeholder=""false"" data-qa-unprocessed=""false"" data-qa=""message_container"" class=""c-message_kit__background p-message_pane_message__message c-message_kit__message p-message_pane_message__message--last"" role=""presentation"">
<div data-qa-hover=""true"" class=""c-message_kit__hover"" aria-roledescription=""message"" role=""document"">
<div class=""c-message_kit__actions c-message_kit__actions--default"">
<div class=""c-message_kit__gutter"">
<div data-qa=""message_content"" class=""c-message_kit__gutter__right"" role=""presentation"">
<div class=""c-message_kit__blocks c-message_kit__blocks--rich_text"">
<div data-qa=""message-text"" class=""c-message__message_blocks c-message__message_blocks--rich_text"">
<div data-qa=""block-kit-renderer"" class=""p-block_kit_renderer"">
<div class=""p-block_kit_renderer__block_wrapper p-block_kit_renderer__block_wrapper--first"">
<div dir=""auto"" class=""p-rich_text_block"">
<div class=""p-rich_text_section"">
<p class=""p1"">Discover our first coffee table photo album dedicated to the best season of the year. Last Christmas features a beautiful navy cloth cover with gold foiled text. <br><meta charset=""utf-8""></p>
<p><meta charset=""utf-8"">The photo album includes 30 pages of high-quality black photo paper in the size 28x21 cm (60 pages if used double-sided), ready for your memories. Easily attach your photos with our <a href=""https://printworksmarket.com/products/photo-album-photo-stickers"">stickers</a> or <a href=""https://printworksmarket.com/collections/photo-album-accessories/products/photo-album-photo-corners"">corners.</a> The album can hold up to 40 pages, and extra <meta charset=""utf-8""><a href=""https://printworksmarket.com/products/photo-album-10-pack-refill-paper-l"">photo paper</a> (large) is available if you need more space.<br><br>Place the photo album on your coffee table to keep those moments always within reach while elevating your home decor.</p>
</div>
</div>
</div>
</div>
</div>
</div>
</div>
</div>
</div>
</div>
</div>
</div>
</div>
</div>
</div>
<!---->",Printworks,Photo Album,Photo Album,"Large Photo Albums, medium-bag, YGroup_PhotoAlbums",true,Title,Default Title,,,,,,,,PW00681,1300,shopify,deny,manual,55,,true,true,,,,,,https://cdn.shopify.com/s/files/1/0724/3038/7509/files/Printworks_photo-album_last-christmas.jpg?v=1743595800,1,,false,,,,"Vendor: Printworks
Type: Photo Album
Weight: 1300g",,,,,,,,,,,,,,kg,,,active
last-christmas,,,,,,,,,,,,,,,,,,,,,,,,,,,,,,,https://cdn.shopify.com/s/files/1/0724/3038/7509/files/Printworks_PhotoAlbum_LastChristmas_mood_5.jpg?v=1743595800,2,,,,,,,,,,,,,,,,,,,,,,,
last-christmas,,,,,,,,,,,,,,,,,,,,,,,,,,,,,,,https://cdn.shopify.com/s/files/1/0724/3038/7509/files/Printworks_photo-album_last-christmas_2_e8899010-495f-4d2e-9db6-e58fcf1a8ebc.jpg?v=1764767174,3,,,,,,,,,,,,,,,,,,,,,,,
last-christmas,,,,,,,,,,,,,,,,,,,,,,,,,,,,,,,https://cdn.shopify.com/s/files/1/0724/3038/7509/files/Printworks_PhotoAlbum_LastChristmas_mood_2.jpg?v=1764767174,4,,,,,,,,,,,,,,,,,,,,,,,
last-christmas,,,,,,,,,,,,,,,,,,,,,,,,,,,,,,,https://cdn.shopify.com/s/files/1/0724/3038/7509/files/Printworks_PhotoAlbum_LastChristmas_mood_1.jpg?v=1764767174,5,,,,,,,,,,,,,,,,,,,,,,,
last-christmas,,,,,,,,,,,,,,,,,,,,,,,,,,,,,,,https://cdn.shopify.com/s/files/1/0724/3038/7509/files/Printworks_PhotoAlbum_LastChristmas_mood_3.jpg?v=1764767174,6,,,,,,,,,,,,,,,,,,,,,,,
last-christmas,,,,,,,,,,,,,,,,,,,,,,,,,,,,,,,https://cdn.shopify.com/s/files/1/0724/3038/7509/files/Printworks_PhotoAlbum_LastChristmas_mood_4.jpg?v=1764767174,7,,,,,,,,,,,,,,,,,,,,,,,
last-christmas,,,,,,,,,,,,,,,,,,,,,,,,,,,,,,,https://cdn.shopify.com/s/files/1/0724/3038/7509/files/Printworks_photo-album_last-christmas_3.jpg?v=1764767174,8,,,,,,,,,,,,,,,,,,,,,,,
puzzle-japanese-macaque,"Japanese Macaque, 100 pieces","<p><meta charset=""utf-8""><span data-mce-fragment=""1"">Elevate your mind with our compact Japanese Macaque Puzzle, designed for both kids with an eye for aesthetics and young-at-heart adults seeking a satisfying, quick meditative experience on the go. Its small size makes it perfect for flexibility. </span></p>
<p><span data-mce-fragment=""1"">Includes 100 pieces.</span></p>",Printworks,Puzzle,Puzzle,"small-bag, wc_bundle",true,Title,Default Title,,,,,,,,PW00532,226,shopify,deny,manual,18,,true,true,,,,,,https://cdn.shopify.com/s/files/1/0724/3038/7509/files/Printworks_puzzles_japanese-macaquel.jpg?v=1743596315,1,,false,,,,"Vendor: Printworks
Type: Puzzle
Weight: 226g",,,,,,,,,,,,,,kg,,,active
puzzle-japanese-macaque,,,,,,,,,,,,,,,,,,,,,,,,,,,,,,,https://cdn.shopify.com/s/files/1/0724/3038/7509/files/Printworks_puzzles_japanese-macaquel_2.jpg?v=1743596315,2,,,,,,,,,,,,,,,,,,,,,,,
puzzle-japanese-macaque,,,,,,,,,,,,,,,,,,,,,,,,,,,,,,,https://cdn.shopify.com/s/files/1/0724/3038/7509/files/Printworks_Puzzle_JapaneseMacaque_mood_2.jpg?v=1743596315,3,,,,,,,,,,,,,,,,,,,,,,,
puzzle-japanese-macaque,,,,,,,,,,,,,,,,,,,,,,,,,,,,,,,https://cdn.shopify.com/s/files/1/0724/3038/7509/files/Printworks_Puzzle_JapaneseMacaque_mood_3.jpg?v=1743596315,4,,,,,,,,,,,,,,,,,,,,,,,
puzzle-japanese-macaque,,,,,,,,,,,,,,,,,,,,,,,,,,,,,,,https://cdn.shopify.com/s/files/1/0724/3038/7509/files/Printworks_Puzzle_JapaneseMacaque_mood_1.jpg?v=1743596316,5,,,,,,,,,,,,,,,,,,,,,,,
wedding-set-beige,Wedding Set Beige,"<p><strong>Double the memories, one great price. Celebrate love and cherished memories with both of our popular Wedding Photo Album and Guest Book in an exclusive bundle deal with 20% off original price.</strong><br><br>What's included:<br><br><meta charset=""utf-8""><strong data-start=""150"" data-end=""178"">Happily Ever After Beige Photo Album</strong> – A beautifully crafted wedding album with cream-white high-quality pages, perfect for preserving your special day. </p>
<p data-start=""373"" data-end=""550""><strong data-start=""376"" data-end=""390"">Guest Book Rust/Pink</strong> – An elegant keepsake with 100 pages for heartfelt messages and well wishes for the happy couple. Comes in a rust/pink slipcase to protect and display your treasured wedding memories.</p>
<p data-start=""552"" data-end=""609"">This bundle cannot be combined with discount codes.</p>",Printworks,Curated Set,Curated Set,"_no-sale, bundle",true,Title,Default Title,,,,,,,,PW99978,0,shopify,deny,manual,64,,true,true,,,,,,https://cdn.shopify.com/s/files/1/0724/3038/7509/files/Wedding_GuestBook.jpg?v=1746523102,1,,false,,,,"Vendor: Printworks
Type: Curated Set",,,,,,,,,,,,,,kg,,,active
wedding-set-beige,,,,,,,,,,,,,,,,,,,,,,,,,,,,,,,https://cdn.shopify.com/s/files/1/0724/3038/7509/files/Printworks_GuestBook_PinkRust_mood_1_fd09d4c9-86a0-48f4-9ff4-4f65cd684cf3.jpg?v=1746523330,2,,,,,,,,,,,,,,,,,,,,,,,
wedding-set-beige,,,,,,,,,,,,,,,,,,,,,,,,,,,,,,,https://cdn.shopify.com/s/files/1/0724/3038/7509/files/Printworks_PhotoAlbum_HappilyEverAfter-Beige_mood_1_73c4092e-c7e0-46f3-bd73-e77dda8558a2.jpg?v=1746523330,3,,,,,,,,,,,,,,,,,,,,,,,
wedding-set-beige,,,,,,,,,,,,,,,,,,,,,,,,,,,,,,,https://cdn.shopify.com/s/files/1/0724/3038/7509/files/Printworks_PhotoAlbum_HappilyEverAfter-Beige_mood_2_b7a52277-db8e-4d6e-8d36-d9c99d88a490.jpg?v=1746523331,4,,,,,,,,,,,,,,,,,,,,,,,
the-essentials-cupcake-tools,Cupcake Tools,"<p class=""p1"">Discover our Cupcake Kit, beautifully packaged in a pink, book-like box. Upon opening, you'll discover all the essential tools needed to create delicious cupcakes at home. Each tool combines practicality with a touch of charm, making your baking experience enjoyable. <br><br>Included in this kit:<br>• 1 Silicone and Wood Spatula <br>• Silicone Cupcake Molds <br>• 1 Textile Piping Bag <br>• Different-sized Nozzles for the Piping Bag<br><br>Bake, decorate, and delight your taste buds!</p>",Printworks,The Essentials,The Essentials,medium-bag,true,Title,Default Title,,,,,,,,PW00703,600,shopify,deny,manual,60,,true,true,,,,,,https://cdn.shopify.com/s/files/1/0724/3038/7509/files/Printworks_Essential_Cupcake-tools.jpg?v=1762330317,1,,false,,,,"Vendor: Printworks
Type: The Essentials
Weight: 600g",,,,,,,,,,,,,,kg,,,active
the-essentials-cupcake-tools,,,,,,,,,,,,,,,,,,,,,,,,,,,,,,,https://cdn.shopify.com/s/files/1/0724/3038/7509/files/Printworks_essentials_cupcake_3.jpg?v=1762330317,2,,,,,,,,,,,,,,,,,,,,,,,
the-essentials-cupcake-tools,,,,,,,,,,,,,,,,,,,,,,,,,,,,,,,https://cdn.shopify.com/s/files/1/0724/3038/7509/files/Printworks_Essentials_Cupecake_mood_1.jpg?v=1762330317,3,,,,,,,,,,,,,,,,,,,,,,,
the-essentials-cupcake-tools,,,,,,,,,,,,,,,,,,,,,,,,,,,,,,,https://cdn.shopify.com/s/files/1/0724/3038/7509/files/Printworks_essentials_cupcake_2_4804ff7d-7e1d-4102-8d10-b27c8158f573.jpg?v=1764083379,4,,,,,,,,,,,,,,,,,,,,,,,
the-essentials-cupcake-tools,,,,,,,,,,,,,,,,,,,,,,,,,,,,,,,https://cdn.shopify.com/s/files/1/0724/3038/7509/files/Printworks_essentials_cupcake.jpg?v=1764083379,5,,,,,,,,,,,,,,,,,,,,,,,
classic-bridge-set,"Bridge Set, Classic","<p class=""p1"">Discover our Bridge Playing Cards with a sophisticated twist. Featuring an elegant color palette and unique graphics, these cards add a refined touch to any home interior, making them ideal for both gameplay and display.</p>",Printworks,Board Game,Board Game,small-bag,true,Title,Default Title,,,,,,,,PW00719,500,shopify,deny,manual,40,,true,true,,,,,,https://cdn.shopify.com/s/files/1/0724/3038/7509/files/Printworks_classic-games_bridge.jpg?v=1743595735,1,,false,,,,"Vendor: Printworks
Type: Board Game
Weight: 500g",,,,,,,,,,,,,,kg,,,active
classic-bridge-set,,,,,,,,,,,,,,,,,,,,,,,,,,,,,,,https://cdn.shopify.com/s/files/1/0724/3038/7509/files/Printworks_Games_ClassicBridge_mood_1.jpg?v=1744382453,2,,,,,,,,,,,,,,,,,,,,,,,
classic-bridge-set,,,,,,,,,,,,,,,,,,,,,,,,,,,,,,,https://cdn.shopify.com/s/files/1/0724/3038/7509/files/Printworks_classic-games_bridge_2.jpg?v=1744382453,3,,,,,,,,,,,,,,,,,,,,,,,
classic-bridge-set,,,,,,,,,,,,,,,,,,,,,,,,,,,,,,,https://cdn.shopify.com/s/files/1/0724/3038/7509/files/Printworks_classic-games_bridge_3.jpg?v=1743595735,4,,,,,,,,,,,,,,,,,,,,,,,
classic-bridge-set,,,,,,,,,,,,,,,,,,,,,,,,,,,,,,,https://cdn.shopify.com/s/files/1/0724/3038/7509/files/Printworks_classic-games_bridge_4.jpg?v=1743595736,5,,,,,,,,,,,,,,,,,,,,,,,
lacquered-backgammon,Lacquered Backgammon,"<p class=""p1"">Discover our stunning Lacquered Backgammon Set, a true masterpiece of design and elegance. Featuring a large board made of wood and adorned with exquisite acrylic pieces, it beautifully combines classic charm with modern sophistication. Whether you choose to play or display it, this set is sure to impress.</p>",Printworks,Board Game,Board Game,"large-bag, YGroup_LacqueredBackgammon",true,Title,Default Title,,,,,,,,PW00722,1800,shopify,deny,manual,165,,true,true,,,,,,https://cdn.shopify.com/s/files/1/0724/3038/7509/files/Printworks_laquered-backgammon_c354566b-a440-473a-b22f-9827e2b58099.jpg?v=1764756597,1,,false,,,,"Vendor: Printworks
Type: Board Game
Weight: 1800g",,,,,,,,,,,,,,kg,,,active
lacquered-backgammon,,,,,,,,,,,,,,,,,,,,,,,,,,,,,,,https://cdn.shopify.com/s/files/1/0724/3038/7509/files/BackgammonLacquered-BlueBrown-2.jpg?v=1771337886,2,,,,,,,,,,,,,,,,,,,,,,,
lacquered-backgammon,,,,,,,,,,,,,,,,,,,,,,,,,,,,,,,https://cdn.shopify.com/s/files/1/0724/3038/7509/files/Printworks_laquered-backgammon_5_19a5ce99-e695-4e50-a379-f44674025323.jpg?v=1771337886,3,,,,,,,,,,,,,,,,,,,,,,,
lacquered-backgammon,,,,,,,,,,,,,,,,,,,,,,,,,,,,,,,https://cdn.shopify.com/s/files/1/0724/3038/7509/files/Printworks_laquered-backgammon_2_e3412925-3120-4c93-bca2-b2430ae5723a.jpg?v=1771337886,4,,,,,,,,,,,,,,,,,,,,,,,
lacquered-backgammon,,,,,,,,,,,,,,,,,,,,,,,,,,,,,,,https://cdn.shopify.com/s/files/1/0724/3038/7509/files/BackgammonLacquered-BlueBrown_6ef3deb3-5067-4a96-b05d-42ef3e2d1ad2.jpg?v=1771338354,5,,,,,,,,,,,,,,,,,,,,,,,
lacquered-backgammon,,,,,,,,,,,,,,,,,,,,,,,,,,,,,,,https://cdn.shopify.com/s/files/1/0724/3038/7509/files/BackgammonLacquered-BlueBrown-3.jpg?v=1771338354,6,,,,,,,,,,,,,,,,,,,,,,,
lacquered-backgammon,,,,,,,,,,,,,,,,,,,,,,,,,,,,,,,https://cdn.shopify.com/s/files/1/0724/3038/7509/files/Printworks_laquered-backgammon_4_6175cc66-5c88-414a-a675-d9f303594020.jpg?v=1771338354,7,,,,,,,,,,,,,,,,,,,,,,,
lacquered-backgammon,,,,,,,,,,,,,,,,,,,,,,,,,,,,,,,https://cdn.shopify.com/s/files/1/0724/3038/7509/files/Printworks_laquered-backgammon_3_cd9b28a2-ff68-4d1c-81d2-e17aab667d97.jpg?v=1771338354,8,,,,,,,,,,,,,,,,,,,,,,,
play-games-starter-pack,Play Games Starter Pack,"<p><strong>Please note: estimated delivery for this item is approximately 3 weeks.</strong></p>
<p><meta charset=""utf-8""><strong>Start your game collection with classics from our Play Games series in an exclusive bundle deal with 30% off the original price. </strong>Designed for both play and display, these entry-level games feature sleek palettes, bold graphics, and hours of entertainment. Perfect for game nights, coffee tables, and gifting – because great design and fun should always go hand in hand.<br><br>What's included:<br><br>Backgammon<br>Tumbling Tower<br>Playing Cards<br>Yatzy<br>Chess</p>
<p data-is-only-node="""" data-is-last-node="""" data-end=""438"" data-start=""387"">This bundle cannot be combined with discount codes.</p>",Printworks,Curated Set,Curated Set,"_no-sale, bundle",true,Title,Default Title,,,,,,,,PW99979,0,shopify,deny,manual,89,,true,true,,,,,,https://cdn.shopify.com/s/files/1/0724/3038/7509/files/Play-5-pack.jpg?v=1743595670,1,,false,,,,"Vendor: Printworks
Type: Curated Set",,,,,,,,,,,,,,kg,,,active
play-games-starter-pack,,,,,,,,,,,,,,,,,,,,,,,,,,,,,,,https://cdn.shopify.com/s/files/1/0724/3038/7509/files/Printworks_Games_PlayKit_mood_1.jpg?v=1743597104,2,,,,,,,,,,,,,,,,,,,,,,,
play-games-starter-pack,,,,,,,,,,,,,,,,,,,,,,,,,,,,,,,https://cdn.shopify.com/s/files/1/0724/3038/7509/files/Printworks_Games_PlayKit_mood_2.jpg?v=1743597104,3,,,,,,,,,,,,,,,,,,,,,,,
play-games-starter-pack,,,,,,,,,,,,,,,,,,,,,,,,,,,,,,,https://cdn.shopify.com/s/files/1/0724/3038/7509/files/Printworks_play-games_chess_2_5cc86b0e-819a-4d58-af9f-2661b9deafc0.jpg?v=1764770086,4,,,,,,,,,,,,,,,,,,,,,,,
play-games-starter-pack,,,,,,,,,,,,,,,,,,,,,,,,,,,,,,,https://cdn.shopify.com/s/files/1/0724/3038/7509/files/Printworks_play-games_tumbling-tower_2_ea1acb40-021d-466b-b216-05af8c424983.jpg?v=1771336010,5,,,,,,,,,,,,,,,,,,,,,,,
play-games-starter-pack,,,,,,,,,,,,,,,,,,,,,,,,,,,,,,,https://cdn.shopify.com/s/files/1/0724/3038/7509/files/Printworks_play-games_playing-cards_2_ca68b417-2aaa-4fe4-ba56-aa05d9116b99.jpg?v=1764771163,6,,,,,,,,,,,,,,,,,,,,,,,
play-games-starter-pack,,,,,,,,,,,,,,,,,,,,,,,,,,,,,,,https://cdn.shopify.com/s/files/1/0724/3038/7509/files/Printworks_play-games_yatzy_5ae95c59-1d5e-4f4e-a3b7-c832902156fd.jpg?v=1764771277,7,,,,,,,,,,,,,,,,,,,,,,,
play-games-starter-pack,,,,,,,,,,,,,,,,,,,,,,,,,,,,,,,https://cdn.shopify.com/s/files/1/0724/3038/7509/files/Printworks_play-games_backgammon_2_607f9c9d-b1f2-4e23-adb5-9e4ee58cdb27.jpg?v=1764770035,8,,,,,,,,,,,,,,,,,,,,,,,
flower-press-set,Flower Press Set,"<p class=""p1"">Discover our Flower Press Set, thoughtfully packaged in a beautifully designed box. Inside, you'll find all the essential tools needed to press and preserve your favorite flowers with ease. <br><br>Included in this set: <br>• Two wooden plates <br>• Screws for the press plates <br>• Sheets of water-absorbing paper <br>• Sheets of cardboard <br>• Sheets of art paper <br>• Scissor and tweezer of stainless steel <br>• Guide on how to use the Flower Press</p>",Printworks,Crafting Tool,Crafting Tool,medium-bag,true,Title,Default Title,,,,,,,,PW00704,800,shopify,deny,manual,50,,true,true,,,,,,https://cdn.shopify.com/s/files/1/0724/3038/7509/files/Printworks_flower-press.jpg?v=1743595700,1,,false,,,,"Vendor: Printworks
Type: Crafting Tool
Weight: 800g",,,,,,,,,,,,,,kg,,,active
flower-press-set,,,,,,,,,,,,,,,,,,,,,,,,,,,,,,,https://cdn.shopify.com/s/files/1/0724/3038/7509/files/Printworks_FlowerKit_mood_1.jpg?v=1745320164,2,,,,,,,,,,,,,,,,,,,,,,,
flower-press-set,,,,,,,,,,,,,,,,,,,,,,,,,,,,,,,https://cdn.shopify.com/s/files/1/0724/3038/7509/files/Printworks_Flower-press_mood_1.jpg?v=1747749343,3,,,,,,,,,,,,,,,,,,,,,,,
flower-press-set,,,,,,,,,,,,,,,,,,,,,,,,,,,,,,,https://cdn.shopify.com/s/files/1/0724/3038/7509/files/Printworks_flower-press_2.jpg?v=1747749342,4,,,,,,,,,,,,,,,,,,,,,,,
flower-press-set,,,,,,,,,,,,,,,,,,,,,,,,,,,,,,,https://cdn.shopify.com/s/files/1/0724/3038/7509/files/Printworks_Flower-press_mood_2.jpg?v=1747749342,5,,,,,,,,,,,,,,,,,,,,,,,
flower-press-set,,,,,,,,,,,,,,,,,,,,,,,,,,,,,,,https://cdn.shopify.com/s/files/1/0724/3038/7509/files/Printworks_flower-press_3.jpg?v=1747749342,6,,,,,,,,,,,,,,,,,,,,,,,
classic-double-playing-cards,"Double Playing Cards, Classic","<p class=""p1"">Discover our Classic - Double Playing Cards with a stylish twist. Showcasing a sophisticated color palette and unique graphics, these cards bring a vibrant touch to any home interior, making them perfect for both gameplay and display. As a bonus, this set includes two decks of cards, doubling your fun and enjoyment.</p>",Printworks,Game,Game,small-bag,true,Title,Default Title,,,,,,,,PW00730,400,shopify,deny,manual,35,,true,true,,,,,,https://cdn.shopify.com/s/files/1/0724/3038/7509/files/Printworks_classic-games_playing-cards_94fead65-d21f-44ff-8be3-9bea1e89bd71.jpg?v=1764080739,1,,false,,,,"Vendor: Printworks
Type: Game
Weight: 400g",,,,,,,,,,,,,,kg,,,active
classic-double-playing-cards,,,,,,,,,,,,,,,,,,,,,,,,,,,,,,,https://cdn.shopify.com/s/files/1/0724/3038/7509/files/Printworks_Games_ClassicPlayingCards_mood_1.jpg?v=1764080739,2,,,,,,,,,,,,,,,,,,,,,,,
classic-double-playing-cards,,,,,,,,,,,,,,,,,,,,,,,,,,,,,,,https://cdn.shopify.com/s/files/1/0724/3038/7509/files/Printworks_classic-games_playing-cards_2_a3d284b2-b29f-48cb-86fc-b3fd8fd3d785.jpg?v=1764080739,3,,,,,,,,,,,,,,,,,,,,,,,
classic-double-playing-cards,,,,,,,,,,,,,,,,,,,,,,,,,,,,,,,https://cdn.shopify.com/s/files/1/0724/3038/7509/files/Printworks_classic-games_playing-cards_3_8b69ed78-2a9a-4967-868b-51533372dc48.jpg?v=1764080739,4,,,,,,,,,,,,,,,,,,,,,,,
photo-album-little-moments-big-memories-orange,"Little Moments Big Memories, Orange","<p class=""p1"">Discover our Little Moments Big Memories coffee table photo album, featuring an elegant cloth cover in vibrant orange. <br><br><meta charset=""utf-8"">The photo album includes 30 pages of high-quality white photo paper in the size 19x22 cm (60 pages if used double-sided), ready for your memories. Easily attach your photos with our <a href=""https://printworksmarket.com/products/photo-album-photo-stickers"">stickers</a> or <a href=""https://printworksmarket.com/collections/photo-album-accessories/products/photo-album-photo-corners"">corners.</a> The album can hold up to 40 pages, and extra <a href=""https://printworksmarket.com/collections/photo-papers/products/photo-paper-white-10-pack-s"">photo paper</a> (small) is available if you need more space.<br><br>Place the photo album on your coffee table to keep those moments always within reach while elevating your home decor.<br></p>",Printworks,Photo Album,Photo Album,"small-bag, YGroup_PhotoAlbums",true,Title,Default Title,,,,,,,,PW00732,800,shopify,deny,manual,40,,true,true,,,,,,https://cdn.shopify.com/s/files/1/0724/3038/7509/files/Printworks_photo-album_little-moments-big-memories.jpg?v=1743595703,1,,false,,,,"Vendor: Printworks
Type: Photo Album
Weight: 800g",,,,,,,,,,,,,,kg,,,active
photo-album-little-moments-big-memories-orange,,,,,,,,,,,,,,,,,,,,,,,,,,,,,,,https://cdn.shopify.com/s/files/1/0724/3038/7509/files/Printworks_PhotoAlbum_LittleMomentsBigMemories_mood_1.jpg?v=1743597243,2,,,,,,,,,,,,,,,,,,,,,,,
photo-album-little-moments-big-memories-orange,,,,,,,,,,,,,,,,,,,,,,,,,,,,,,,https://cdn.shopify.com/s/files/1/0724/3038/7509/files/Printworks_photo-album_little-moments-big-memories_2_9e8a9bdd-ab3c-48e0-a480-788f48bffb08.jpg?v=1764767986,3,,,,,,,,,,,,,,,,,,,,,,,
photo-album-little-moments-big-memories-orange,,,,,,,,,,,,,,,,,,,,,,,,,,,,,,,https://cdn.shopify.com/s/files/1/0724/3038/7509/files/Printworks_PhotoAlbum_LittleMomentsBigMemories_mood_2.jpg?v=1764767986,4,,,,,,,,,,,,,,,,,,,,,,,
photo-album-little-moments-big-memories-orange,,,,,,,,,,,,,,,,,,,,,,,,,,,,,,,https://cdn.shopify.com/s/files/1/0724/3038/7509/files/Printworks_PhotoAlbum_LittleMomentsBigMemories_mood_3.jpg?v=1764767986,5,,,,,,,,,,,,,,,,,,,,,,,
photo-album-little-moments-big-memories-orange,,,,,,,,,,,,,,,,,,,,,,,,,,,,,,,https://cdn.shopify.com/s/files/1/0724/3038/7509/files/Printworks_PhotoAlbum_LittleMomentsBigMemories_mood_4.jpg?v=1764767986,6,,,,,,,,,,,,,,,,,,,,,,,
photo-album-little-moments-big-memories-orange,,,,,,,,,,,,,,,,,,,,,,,,,,,,,,,https://cdn.shopify.com/s/files/1/0724/3038/7509/files/Printworks_photo-album_little-moments-big-memories_3.jpg?v=1764767986,7,,,,,,,,,,,,,,,,,,,,,,,
photo-album-good-times-beige,"Good Times, Beige","<p>Discover our Good Times coffee table photo album, featuring an elegant beige cloth cover. <br><br><meta charset=""utf-8"">The photo album includes 30 pages of high-quality white photo paper in the size 19x22 cm (60 pages if used double-sided), ready for your memories. Easily attach your photos with our <a href=""https://printworksmarket.com/products/photo-album-photo-stickers"">stickers</a> or <a href=""https://printworksmarket.com/collections/photo-album-accessories/products/photo-album-photo-corners"">corners.</a> The album can hold up to 40 pages, and extra <a href=""https://printworksmarket.com/collections/photo-papers/products/photo-paper-white-10-pack-s"">photo paper</a> (small) is available if you need more space.<br><br>Place the photo album on your coffee table to keep those moments always within reach while elevating your home decor.</p>",Printworks,Photo Album,Photo Album,"small-bag, YGroup_PhotoAlbums",true,Title,Default Title,,,,,,,,PW00731,800,shopify,deny,manual,40,,true,true,,,,,,https://cdn.shopify.com/s/files/1/0724/3038/7509/files/Printworks_photo-album_good-times-beige.jpg?v=1743595706,1,,false,,,,"Vendor: Printworks
Type: Photo Album
Weight: 800g",,,,,,,,,,,,,,kg,,,active
photo-album-good-times-beige,,,,,,,,,,,,,,,,,,,,,,,,,,,,,,,https://cdn.shopify.com/s/files/1/0724/3038/7509/files/Printworks_PhotoAlbum_GoodTimes-Black_mood_3_fa3ee393-945b-4425-a394-e5e1cfcaac6c.jpg?v=1764766322,2,,,,,,,,,,,,,,,,,,,,,,,
photo-album-good-times-beige,,,,,,,,,,,,,,,,,,,,,,,,,,,,,,,https://cdn.shopify.com/s/files/1/0724/3038/7509/files/Printworks_photo-album_good-times-beige_2_b205fde2-f10c-47a2-8f0a-01afd2f2fcec.jpg?v=1764766322,3,,,,,,,,,,,,,,,,,,,,,,,
photo-album-good-times-beige,,,,,,,,,,,,,,,,,,,,,,,,,,,,,,,https://cdn.shopify.com/s/files/1/0724/3038/7509/files/Printworks_photo-album_good-times-beige_3.jpg?v=1764766322,4,,,,,,,,,,,,,,,,,,,,,,,
happily-ever-after-blue,"Happily Ever After, Blue","<p class=""p1"">Celebrate your love story with our wedding album Happily Ever After in a beautiful blue. <meta charset=""utf-8""><span style=""font-family: -apple-system, BlinkMacSystemFont, 'San Francisco', 'Segoe UI', Roboto, 'Helvetica Neue', sans-serif; font-size: 0.875rem;"">Perfect for preserving your most cherished wedding moments, it also makes a thoughtful gift for newlyweds.</span><br><br><meta charset=""utf-8"">The photo album includes 30 pages of high-quality white photo paper in the size 28x21 cm (60 pages if used double-sided), ready for your memories. Easily attach your photos with our <a href=""https://printworksmarket.com/products/photo-album-photo-stickers"">stickers</a> or <a href=""https://printworksmarket.com/collections/photo-album-accessories/products/photo-album-photo-corners"">corners.</a> The album can hold up to 40 pages, and extra <a href=""https://printworksmarket.com/products/photo-paper-large-white-10-pack"">photo paper</a> (large) is available if you need more space.<br><br><meta charset=""utf-8"">Place the photo album on your coffee table to keep those moments always within reach while elevating your home decor.<span style=""font-family: -apple-system, BlinkMacSystemFont, 'San Francisco', 'Segoe UI', Roboto, 'Helvetica Neue', sans-serif; font-size: 0.875rem;""> </span><br></p>",Printworks,Wedding Photo Album,Wedding Photo Album,"medium-bag, YGroup_PhotoAlbums",true,Title,Default Title,,,,,,,,PW00728,1100,shopify,deny,manual,50,,true,true,,,,,,https://cdn.shopify.com/s/files/1/0724/3038/7509/files/Printworks_photo-album_happily-ever-after-blue.jpg?v=1743595709,1,,false,,,,"Vendor: Printworks
Type: Wedding Photo Album
Weight: 1100g",,,,,,,,,,,,,,kg,,,active
happily-ever-after-blue,,,,,,,,,,,,,,,,,,,,,,,,,,,,,,,https://cdn.shopify.com/s/files/1/0724/3038/7509/files/Printworks_PhotoAlbum_HappilyEverAfter-Blue_mood_1.jpg?v=1743595710,2,,,,,,,,,,,,,,,,,,,,,,,
happily-ever-after-blue,,,,,,,,,,,,,,,,,,,,,,,,,,,,,,,https://cdn.shopify.com/s/files/1/0724/3038/7509/files/Printworks_photo-album_happily-ever-after-blue_2_5f57d3eb-4e39-4912-832e-22b68977c0d5.jpg?v=1764766603,3,,,,,,,,,,,,,,,,,,,,,,,
happily-ever-after-blue,,,,,,,,,,,,,,,,,,,,,,,,,,,,,,,https://cdn.shopify.com/s/files/1/0724/3038/7509/files/Printworks_photo-album_happily-ever-after-blue_3.jpg?v=1764766603,4,,,,,,,,,,,,,,,,,,,,,,,
wedding-album-happily-ever-after-beige,"Happily Ever After, Beige","<p class=""p1"">Celebrate your love story with our wedding album Happily Ever After in timeless beige. <meta charset=""utf-8""><span style=""font-family: -apple-system, BlinkMacSystemFont, 'San Francisco', 'Segoe UI', Roboto, 'Helvetica Neue', sans-serif; font-size: 0.875rem;"">Perfect for preserving your most cherished wedding moments, it also makes a thoughtful gift for newlyweds.</span><meta charset=""utf-8""></p>
<p class=""p1""><meta charset=""utf-8"">The photo album includes 30 pages of high-quality white photo paper in the size 28x21 cm (60 pages if used double-sided), ready for your memories. Easily attach your photos with our <a href=""https://printworksmarket.com/products/photo-album-photo-stickers"">stickers</a> or <a href=""https://printworksmarket.com/collections/photo-album-accessories/products/photo-album-photo-corners"">corners.</a> The album can hold up to 40 pages, and extra <a href=""https://printworksmarket.com/products/photo-paper-large-white-10-pack"">photo paper</a> (large) is available if you need more space.<br><br><meta charset=""utf-8"">Place the photo album on your coffee table to keep those moments always within reach while elevating your home decor.<span style=""font-family: -apple-system, BlinkMacSystemFont, 'San Francisco', 'Segoe UI', Roboto, 'Helvetica Neue', sans-serif; font-size: 0.875rem;""> </span></p>",Printworks,Wedding Photo Album,Wedding Photo Album,"medium-bag, YGroup_PhotoAlbums",true,Title,Default Title,,,,,,,,PW00727,1100,shopify,deny,manual,50,,true,true,,,,,,https://cdn.shopify.com/s/files/1/0724/3038/7509/files/Printworks_photo-album_happily-ever-after-beige.jpg?v=1743595712,1,,false,,,,"Vendor: Printworks
Type: Wedding Photo Album
Weight: 1100g",,,,,,,,,,,,,,kg,,,active
wedding-album-happily-ever-after-beige,,,,,,,,,,,,,,,,,,,,,,,,,,,,,,,https://cdn.shopify.com/s/files/1/0724/3038/7509/files/HappilyEverAfter-beige.jpg?v=1771337451,2,,,,,,,,,,,,,,,,,,,,,,,
wedding-album-happily-ever-after-beige,,,,,,,,,,,,,,,,,,,,,,,,,,,,,,,https://cdn.shopify.com/s/files/1/0724/3038/7509/files/Printworks_photo-album_happily-ever-after-beige_2_0659e99b-3164-47e8-814b-46e4d272b4d7.jpg?v=1771337451,3,,,,,,,,,,,,,,,,,,,,,,,
wedding-album-happily-ever-after-beige,,,,,,,,,,,,,,,,,,,,,,,,,,,,,,,https://cdn.shopify.com/s/files/1/0724/3038/7509/files/Printworks_PhotoAlbum_HappilyEverAfterBeige_mood_2.jpg?v=1771337451,4,,,,,,,,,,,,,,,,,,,,,,,
wedding-album-happily-ever-after-beige,,,,,,,,,,,,,,,,,,,,,,,,,,,,,,,https://cdn.shopify.com/s/files/1/0724/3038/7509/files/Printworks_photo-album_happily-ever-after-beige_3.jpg?v=1771337451,5,,,,,,,,,,,,,,,,,,,,,,,
photo-album-life-in-pictures-blue,"Life in Pictures, Blue","<p class=""p1"">Discover our coffee table photo album Life in Pictures, featuring a soft cloth cover in classic blue. <br><br><meta charset=""utf-8"">The photo album includes 30 pages of high-quality white photo paper in the size 28x21 cm (60 pages if used double-sided), ready for your memories. Easily attach your photos with our <a href=""https://printworksmarket.com/products/photo-album-photo-stickers"">stickers</a> or <a href=""https://printworksmarket.com/collections/photo-album-accessories/products/photo-album-photo-corners"">corners.</a> The album can hold up to 40 pages, and extra <a href=""https://printworksmarket.com/products/photo-paper-large-white-10-pack"">photo paper</a> (large) is available if you need more space.<br><br><meta charset=""utf-8"">Place the photo album on your coffee table to keep those moments always within reach while elevating your home decor.<br></p>",Printworks,Photo Album,Photo Album,"medium-bag, YGroup_PhotoAlbums",true,Title,Default Title,,,,,,,,PW00729,1100,shopify,deny,manual,50,,true,true,,,,,,https://cdn.shopify.com/s/files/1/0724/3038/7509/files/Printworks_photo-album_life-in-pictures_0b52d01e-7747-400c-9253-e628ca056f6b.jpg?v=1743595715,1,,false,,,,"Vendor: Printworks
Type: Photo Album
Weight: 1100g",,,,,,,,,,,,,,kg,,,active
photo-album-life-in-pictures-blue,,,,,,,,,,,,,,,,,,,,,,,,,,,,,,,https://cdn.shopify.com/s/files/1/0724/3038/7509/files/Printworks_PhotoAlbum_LifeInPictures-Blue_mood_2.jpg?v=1764767468,2,,,,,,,,,,,,,,,,,,,,,,,
photo-album-life-in-pictures-blue,,,,,,,,,,,,,,,,,,,,,,,,,,,,,,,https://cdn.shopify.com/s/files/1/0724/3038/7509/files/Printworks_photo-album_life-in-pictures_ss25_2.jpg?v=1764767468,3,,,,,,,,,,,,,,,,,,,,,,,
photo-album-life-in-pictures-blue,,,,,,,,,,,,,,,,,,,,,,,,,,,,,,,https://cdn.shopify.com/s/files/1/0724/3038/7509/files/Printworks_PhotoAlbum_LifeInPictures-Blue_mood_1.jpg?v=1764767468,4,,,,,,,,,,,,,,,,,,,,,,,
photo-album-life-in-pictures-blue,,,,,,,,,,,,,,,,,,,,,,,,,,,,,,,https://cdn.shopify.com/s/files/1/0724/3038/7509/files/Printworks_photo-album_life-in-pictures_3_365468cc-2b3e-4d3f-9042-e328b242b050.jpg?v=1764767461,5,,,,,,,,,,,,,,,,,,,,,,,
photo-album-good-times-grey,"Good Times, Grey","<p class=""p1"">Discover our coffee table photo album Good Times, featuring a soft cloth cover in elegant grey.<br><br><meta charset=""utf-8"">The photo album includes 30 pages of high-quality black photo paper in the size 28x21 cm (60 pages if used double-sided), ready for your memories. Easily attach your photos with our <a href=""https://printworksmarket.com/products/photo-album-photo-stickers"">stickers</a> or <a href=""https://printworksmarket.com/collections/photo-album-accessories/products/photo-album-photo-corners"">corners.</a> The album can hold up to 40 pages, and extra <meta charset=""utf-8""><a href=""https://printworksmarket.com/products/photo-album-10-pack-refill-paper-l"">photo paper</a> (large) is available if you need more space.<br><br>Place the photo album on your coffee table to keep those moments always within reach while elevating your home decor.<br></p>",Printworks,Photo Album,Photo Album,"medium-bag, YGroup_PhotoAlbums",true,Title,Default Title,,,,,,,,PW00725,1100,shopify,deny,manual,50,,true,true,,,,,,https://cdn.shopify.com/s/files/1/0724/3038/7509/files/Printworks_photo-album_good-times-grey.jpg?v=1743595718,1,,false,,,,"Vendor: Printworks
Type: Photo Album
Weight: 1100g",,,,,,,,,,,,,,kg,,,active
photo-album-good-times-grey,,,,,,,,,,,,,,,,,,,,,,,,,,,,,,,https://cdn.shopify.com/s/files/1/0724/3038/7509/files/GoodTimesGrey.jpg?v=1771321192,2,,,,,,,,,,,,,,,,,,,,,,,
photo-album-good-times-grey,,,,,,,,,,,,,,,,,,,,,,,,,,,,,,,https://cdn.shopify.com/s/files/1/0724/3038/7509/files/Printworks_photo-album_good-times-grey_2_fc02dd53-e185-47d4-b9f3-09f5122c6dc7.jpg?v=1771321192,3,,,,,,,,,,,,,,,,,,,,,,,
photo-album-good-times-grey,,,,,,,,,,,,,,,,,,,,,,,,,,,,,,,https://cdn.shopify.com/s/files/1/0724/3038/7509/files/Printworks_PhotoAlbum_GoodTimes-Grey_mood_1.jpg?v=1771321192,4,,,,,,,,,,,,,,,,,,,,,,,
photo-album-good-times-grey,,,,,,,,,,,,,,,,,,,,,,,,,,,,,,,https://cdn.shopify.com/s/files/1/0724/3038/7509/files/Printworks_photo-album_good-times-grey_3.jpg?v=1771321192,5,,,,,,,,,,,,,,,,,,,,,,,
photo-album-good-times-black,"Good Times, Black","<p class=""p1"">Discover our coffee table photo album Good Times, featuring a soft cloth cover in classic black with gold foiled text. <br><br><meta charset=""utf-8"">The photo album includes 30 pages of high-quality black photo paper in the size 28x21 cm (60 pages if used double-sided), ready for your memories. Easily attach your photos with our <a href=""https://printworksmarket.com/products/photo-album-photo-stickers"">stickers</a> or <a href=""https://printworksmarket.com/collections/photo-album-accessories/products/photo-album-photo-corners"">corners.</a> The album can hold up to 40 pages, and extra <meta charset=""utf-8""><a href=""https://printworksmarket.com/products/photo-album-10-pack-refill-paper-l"">photo paper</a> (large) is available if you need more space.<br><br>Place the photo album on your coffee table to keep those moments always within reach while elevating your home decor.<br></p>",Printworks,Photo Album,Photo Album,"medium-bag, YGroup_PhotoAlbums",true,Title,Default Title,,,,,,,,PW00726,1100,shopify,deny,manual,50,,true,true,,,,,,https://cdn.shopify.com/s/files/1/0724/3038/7509/files/Printworks_photo-album_good-times-black_2b617b07-81a9-4c8f-a404-75f08b78f928.jpg?v=1743595721,1,,false,,,,"Vendor: Printworks
Type: Photo Album
Weight: 1100g",,,,,,,,,,,,,,kg,,,active
photo-album-good-times-black,,,,,,,,,,,,,,,,,,,,,,,,,,,,,,,https://cdn.shopify.com/s/files/1/0724/3038/7509/files/Printworks_PhotoAlbum_GoodTimes-Black_mood_1.jpg?v=1743595721,2,,,,,,,,,,,,,,,,,,,,,,,
photo-album-good-times-black,,,,,,,,,,,,,,,,,,,,,,,,,,,,,,,https://cdn.shopify.com/s/files/1/0724/3038/7509/files/Printworks_photo-album_good-times-black_ss25_2.jpg?v=1764766348,3,,,,,,,,,,,,,,,,,,,,,,,
photo-album-good-times-black,,,,,,,,,,,,,,,,,,,,,,,,,,,,,,,https://cdn.shopify.com/s/files/1/0724/3038/7509/files/Printworks_PhotoAlbum_GoodTimes-Black_mood_3_9d54c7b9-a675-45da-9b38-fd8e6ec39398.jpg?v=1764766348,4,,,,,,,,,,,,,,,,,,,,,,,
photo-album-good-times-black,,,,,,,,,,,,,,,,,,,,,,,,,,,,,,,https://cdn.shopify.com/s/files/1/0724/3038/7509/files/Printworks_PhotoAlbum_GoodTimes-Black_mood_3.jpg?v=1764766348,5,,,,,,,,,,,,,,,,,,,,,,,
photo-album-good-times-black,,,,,,,,,,,,,,,,,,,,,,,,,,,,,,,https://cdn.shopify.com/s/files/1/0724/3038/7509/files/Printworks_photo-album_good-times-black_3_7ea26732-53ae-4483-b87d-3c27f4c32f55.jpg?v=1764766348,6,,,,,,,,,,,,,,,,,,,,,,,
photo-album-family-and-friends-beige,"Family and Friends, Beige","<p class=""p1"">Discover our coffee table photo album Family and Friends, featuring a soft cloth cover in elegant beige.<br><br><meta charset=""utf-8"">The photo album includes 30 pages of high-quality white photo paper in the size 28x21 cm (60 pages if used double-sided), ready for your memories. Easily attach your photos with our <a href=""https://printworksmarket.com/products/photo-album-photo-stickers"">stickers</a> or <a href=""https://printworksmarket.com/collections/photo-album-accessories/products/photo-album-photo-corners"">corners.</a> The album can hold up to 40 pages, and extra <a href=""https://printworksmarket.com/products/photo-paper-large-white-10-pack"">photo paper</a> (large) is available if you need more space.<br><br><meta charset=""utf-8"">Place the photo album on your coffee table to keep those moments always within reach while elevating your home decor.<br></p>",Printworks,Photo Album,Photo Album,"medium-bag, YGroup_PhotoAlbums",true,Title,Default Title,,,,,,,,PW00724,1100,shopify,deny,manual,50,,true,true,,,,,,https://cdn.shopify.com/s/files/1/0724/3038/7509/files/Printworks_photo-album_family-and-friends_c22aa59e-c2fb-4de3-be93-455dd2332a1f.jpg?v=1743595724,1,,false,,,,"Vendor: Printworks
Type: Photo Album
Weight: 1100g",,,,,,,,,,,,,,kg,,,active
photo-album-family-and-friends-beige,,,,,,,,,,,,,,,,,,,,,,,,,,,,,,,https://cdn.shopify.com/s/files/1/0724/3038/7509/files/Printworks_PhotoAlbum_FriendsFamily_mood_2.jpg?v=1770894333,2,,,,,,,,,,,,,,,,,,,,,,,
photo-album-family-and-friends-beige,,,,,,,,,,,,,,,,,,,,,,,,,,,,,,,https://cdn.shopify.com/s/files/1/0724/3038/7509/files/Printworks_photo-album_family-and-friends_ss25_2.jpg?v=1770894333,3,,,,,,,,,,,,,,,,,,,,,,,
photo-album-family-and-friends-beige,,,,,,,,,,,,,,,,,,,,,,,,,,,,,,,https://cdn.shopify.com/s/files/1/0724/3038/7509/files/Printworks_PhotoAlbum_FriendsAndFamily_mood_1.jpg?v=1770894307,4,,,,,,,,,,,,,,,,,,,,,,,
photo-album-family-and-friends-beige,,,,,,,,,,,,,,,,,,,,,,,,,,,,,,,https://cdn.shopify.com/s/files/1/0724/3038/7509/files/Printworks_photo-album_family-and-friends_3_0abfebf6-b10c-41b4-85a7-85e9f9d9b1eb.jpg?v=1770894307,5,,,,,,,,,,,,,,,,,,,,,,,
baby-album-a-star-is-born-grey,"A Star Is Born, Grey","<p class=""p1"">Celebrate your little one's milestones with our coffee table baby album A Star Is Born, featuring a grey cloth cover with gold foiled text.<br><br><meta charset=""utf-8"">The photo album includes 30 pages of high-quality white photo paper in the size 28x21 cm (60 pages if used double-sided), ready for your memories. Easily attach your photos with our <a href=""https://printworksmarket.com/products/photo-album-photo-stickers"">stickers</a> or <a href=""https://printworksmarket.com/collections/photo-album-accessories/products/photo-album-photo-corners"">corners.</a> The album can hold up to 40 pages, and extra <a href=""https://printworksmarket.com/products/photo-paper-large-white-10-pack"">photo paper</a> (large) is available if you need more space.<br><br><meta charset=""utf-8"">Complement your Baby Album with our <a href=""https://printworksmarket.com/products/baby-album-insert-paper?pr_prod_strat=pinned&amp;pr_rec_id=595e66f1f&amp;pr_rec_pid=8252426256693&amp;pr_ref_pid=8175008579893&amp;pr_seq=uniform"">Baby Album Insert Papers</a> to <meta charset=""utf-8"">document your child's key milestones, ensuring you have memories to remember and cherish for a lifetime.<br></p>",Printworks,Baby Photo Album,Baby Photo Album,"medium-bag, YGroup_PhotoAlbums",true,Title,Default Title,,,,,,,,PW00723,1100,shopify,deny,manual,50,,true,true,,,,,,https://cdn.shopify.com/s/files/1/0724/3038/7509/files/Printworks_photo-album_a-star-is-born.jpg?v=1743595727,1,,false,,,,"Vendor: Printworks
Type: Baby Photo Album
Weight: 1100g",,,,,,,,,,,,,,kg,,,active
baby-album-a-star-is-born-grey,,,,,,,,,,,,,,,,,,,,,,,,,,,,,,,https://cdn.shopify.com/s/files/1/0724/3038/7509/files/Printworks_PhotoAlbum_AStarIsBorn_mood_3.jpg?v=1745320254,2,,,,,,,,,,,,,,,,,,,,,,,
baby-album-a-star-is-born-grey,,,,,,,,,,,,,,,,,,,,,,,,,,,,,,,https://cdn.shopify.com/s/files/1/0724/3038/7509/files/Printworks_photo-album_a-star-is-born_2_8dd99988-b5ed-45c3-bf15-e3ded082bc91.jpg?v=1764758941,3,,,,,,,,,,,,,,,,,,,,,,,
baby-album-a-star-is-born-grey,,,,,,,,,,,,,,,,,,,,,,,,,,,,,,,https://cdn.shopify.com/s/files/1/0724/3038/7509/files/Printworks_PhotoAlbum_AStarIsBorn_mood_4.jpg?v=1764758941,4,,,,,,,,,,,,,,,,,,,,,,,
baby-album-a-star-is-born-grey,,,,,,,,,,,,,,,,,,,,,,,,,,,,,,,https://cdn.shopify.com/s/files/1/0724/3038/7509/files/Printworks_PhotoAlbum_AStarIsBorn_mood_2.jpg?v=1764758941,5,,,,,,,,,,,,,,,,,,,,,,,
baby-album-a-star-is-born-grey,,,,,,,,,,,,,,,,,,,,,,,,,,,,,,,https://cdn.shopify.com/s/files/1/0724/3038/7509/files/Printworks_photo-album_a-star-is-born_3.jpg?v=1764758941,6,,,,,,,,,,,,,,,,,,,,,,,
the-essentials-champagne-tools,Champagne Tools,"<p class=""p1"">Discover our exclusive Champagne Kit, elegantly presented in a stylish, book-like box. Inside, you’ll find all the essential tools for celebrating in style. When not in use, this kit makes a charming addition to your kitchen decor, standing proudly alongside your favorite recipe books. <br><br>Included in this kit:<br><br>• 1 Champagne Opener <br>• 1 Champagne Stopper<br><br>Cheers to effortless celebrations!</p>",Printworks,The Essentials,The Essentials,small-bag,true,Title,Default Title,,,,,,,,PW00702,700,shopify,deny,manual,55,,true,true,,,,,,https://cdn.shopify.com/s/files/1/0724/3038/7509/files/Printworks_Essential_Champagne-tools.jpg?v=1761832103,1,,false,,,,"Vendor: Printworks
Type: The Essentials
Weight: 700g",,,,,,,,,,,,,,kg,,,active
the-essentials-champagne-tools,,,,,,,,,,,,,,,,,,,,,,,,,,,,,,,https://cdn.shopify.com/s/files/1/0724/3038/7509/files/Printworks_essentials_champagne_3_ec2c3a0c-0604-4a73-94f2-baafa8d37b0c.jpg?v=1764082293,2,,,,,,,,,,,,,,,,,,,,,,,
the-essentials-champagne-tools,,,,,,,,,,,,,,,,,,,,,,,,,,,,,,,https://cdn.shopify.com/s/files/1/0724/3038/7509/files/Printworks_Essential_Champagne_mood_3.jpg?v=1764082293,3,,,,,,,,,,,,,,,,,,,,,,,
the-essentials-champagne-tools,,,,,,,,,,,,,,,,,,,,,,,,,,,,,,,https://cdn.shopify.com/s/files/1/0724/3038/7509/files/Printworks_Essentials_Champagne_mood_3.jpg?v=1764082293,4,,,,,,,,,,,,,,,,,,,,,,,
the-essentials-champagne-tools,,,,,,,,,,,,,,,,,,,,,,,,,,,,,,,https://cdn.shopify.com/s/files/1/0724/3038/7509/files/Printworks_essentials_champagne_2_8abbf30b-616a-4349-9d44-c79609e18646.jpg?v=1764082293,5,,,,,,,,,,,,,,,,,,,,,,,
the-essentials-champagne-tools,,,,,,,,,,,,,,,,,,,,,,,,,,,,,,,https://cdn.shopify.com/s/files/1/0724/3038/7509/files/Printworks_essentials_champagne_a1d45d7c-52ea-4cda-ab4d-afd6063752b8.jpg?v=1764082273,6,,,,,,,,,,,,,,,,,,,,,,,
the-essentials-cake-tools,Cake Tools,"<p class=""p1"">Discover our Cake Kit, beautifully presented in an elegant, book-like box. Inside, you’ll find all the essential tools needed to serve your stunning cakes. When not in use, this kit serves as a stylish addition to your kitchen decor, perfectly complementing your favorite recipe books. <br><br>Included in this kit: <br>• 1 Cake Spatula <br>• 1 Cake Knife <br>• 6 Dessert Forks<br><br>Elevate your cake-serving game and delight friends and family with your delicious creations!</p>",Printworks,The Essentials,The Essentials,medium-bag,true,Title,Default Title,,,,,,,,PW00701,700,shopify,deny,manual,50,,true,true,,,,,,https://cdn.shopify.com/s/files/1/0724/3038/7509/files/Printworks_Essential_Cake-tools.jpg?v=1762330556,1,,false,,,,"Vendor: Printworks
Type: The Essentials
Weight: 700g",,,,,,,,,,,,,,kg,,,active
the-essentials-cake-tools,,,,,,,,,,,,,,,,,,,,,,,,,,,,,,,https://cdn.shopify.com/s/files/1/0724/3038/7509/files/Printworks_essentials_cake_3_1c6fd81b-b70a-4628-b59a-749bf22591a8.jpg?v=1764082071,2,,,,,,,,,,,,,,,,,,,,,,,
the-essentials-cake-tools,,,,,,,,,,,,,,,,,,,,,,,,,,,,,,,https://cdn.shopify.com/s/files/1/0724/3038/7509/files/Printworks_Essentials_Cake_mood_1.jpg?v=1764082071,3,,,,,,,,,,,,,,,,,,,,,,,
the-essentials-cake-tools,,,,,,,,,,,,,,,,,,,,,,,,,,,,,,,https://cdn.shopify.com/s/files/1/0724/3038/7509/files/Printworks_essentials_cake_2_08802c5a-d788-4197-8d8a-6ee77833bd89.jpg?v=1764082071,4,,,,,,,,,,,,,,,,,,,,,,,
the-essentials-cake-tools,,,,,,,,,,,,,,,,,,,,,,,,,,,,,,,https://cdn.shopify.com/s/files/1/0724/3038/7509/files/Printworks_essentials_cake_cbb8305b-d0c1-4d28-8ac7-6cd832b4fc97.jpg?v=1764082048,5,,,,,,,,,,,,,,,,,,,,,,,
frame-book-great-art-blue,"Great Art, Blue","<p class=""p1"">The Frame Book - Great Art<span class=""Apple-converted-space""> </span>is perfect for showcasing your children's artwork or your own creative pieces. With 19 built-in frames, you can easily slide in your favorite artwork, while the opposite page provides space to jot down notes or special messages from the artist, creating a personal story for each creation.</p>",Printworks,Frame Book,Frame Book,YGroup_FrameBook,true,Title,Default Title,,,,,,,,PW00733,900,shopify,deny,manual,35,,true,true,,,,,,https://cdn.shopify.com/s/files/1/0724/3038/7509/files/Printworks_frame-book_blue_1efbbbbf-b5ad-4882-80dc-d6ef9a44868a.jpg?v=1764085933,1,,false,,,,"Vendor: Printworks
Type: Frame Book
Weight: 900g",,,,,,,,,,,,,,kg,,,active
frame-book-great-art-blue,,,,,,,,,,,,,,,,,,,,,,,,,,,,,,,https://cdn.shopify.com/s/files/1/0724/3038/7509/files/Printworks_frame-book_blue_5.jpg?v=1764085933,2,,,,,,,,,,,,,,,,,,,,,,,
frame-book-great-art-blue,,,,,,,,,,,,,,,,,,,,,,,,,,,,,,,https://cdn.shopify.com/s/files/1/0724/3038/7509/files/Printworks_frame-book_blue_4.jpg?v=1764085933,3,,,,,,,,,,,,,,,,,,,,,,,
frame-book-great-art-blue,,,,,,,,,,,,,,,,,,,,,,,,,,,,,,,https://cdn.shopify.com/s/files/1/0724/3038/7509/files/Printworks_frame-book_blue_2.jpg?v=1764085933,4,,,,,,,,,,,,,,,,,,,,,,,
frame-book-great-art-blue,,,,,,,,,,,,,,,,,,,,,,,,,,,,,,,https://cdn.shopify.com/s/files/1/0724/3038/7509/files/Printworks_FrameBook_Blue_mood_1.jpg?v=1764085933,5,,,,,,,,,,,,,,,,,,,,,,,
frame-book-great-art-blue,,,,,,,,,,,,,,,,,,,,,,,,,,,,,,,https://cdn.shopify.com/s/files/1/0724/3038/7509/files/Printworks_frame-book_blue_3_d7d6ad24-52c9-4f25-b251-c601abf0f4d5.jpg?v=1764085933,6,,,,,,,,,,,,,,,,,,,,,,,
wine-tasting-journal,Wine Tasting,"<p class=""p1"">Take notes, rate, and remember forever. This exquisite wine journal is tailored for the wine lover’s journey. Document each bottle’s type, occasion, and serving while reflecting on your tasting experiences. Enhance your knowledge with an overview of wine glasses and a sweetness chart that elevates each sip.</p>",Printworks,Fill-in Book,Fill-in Book,"small-bag, YGroup_Journal_New",true,Title,Default Title,,,,,,,,PW00707,700,shopify,deny,manual,39,,true,true,,,,,,https://cdn.shopify.com/s/files/1/0724/3038/7509/files/Printworks_wine-journal_cc1d1b1e-c2f9-4c62-863c-ddff5044f778.jpg?v=1764773342,1,,false,,,,"Vendor: Printworks
Type: Fill-in Book
Weight: 700g",,,,,,,,,,,,,,kg,,,active
wine-tasting-journal,,,,,,,,,,,,,,,,,,,,,,,,,,,,,,,https://cdn.shopify.com/s/files/1/0724/3038/7509/files/Printworks_Fill-in_Wine_mood_4.jpg?v=1764773342,2,,,,,,,,,,,,,,,,,,,,,,,
wine-tasting-journal,,,,,,,,,,,,,,,,,,,,,,,,,,,,,,,https://cdn.shopify.com/s/files/1/0724/3038/7509/files/Printworks_wine-journal_2_256a7a4a-9fef-4f70-854e-0919ebaa5d06.jpg?v=1764773342,3,,,,,,,,,,,,,,,,,,,,,,,
wine-tasting-journal,,,,,,,,,,,,,,,,,,,,,,,,,,,,,,,https://cdn.shopify.com/s/files/1/0724/3038/7509/files/Printworks_wine-journal_3_2c2ae1b1-9275-461c-91aa-2c87fc453dd3.jpg?v=1764773342,4,,,,,,,,,,,,,,,,,,,,,,,
wine-tasting-journal,,,,,,,,,,,,,,,,,,,,,,,,,,,,,,,https://cdn.shopify.com/s/files/1/0724/3038/7509/files/Printworks_Fill-in_Wine_mood_3.jpg?v=1764773342,5,,,,,,,,,,,,,,,,,,,,,,,
wine-tasting-journal,,,,,,,,,,,,,,,,,,,,,,,,,,,,,,,https://cdn.shopify.com/s/files/1/0724/3038/7509/files/Printworks_Fill-in_Wine_mood_5.jpg?v=1764773342,6,,,,,,,,,,,,,,,,,,,,,,,
wine-tasting-journal,,,,,,,,,,,,,,,,,,,,,,,,,,,,,,,https://cdn.shopify.com/s/files/1/0724/3038/7509/files/Printworks_Fill-in_Wine_mood_6.jpg?v=1764773342,7,,,,,,,,,,,,,,,,,,,,,,,
wine-tasting-journal,,,,,,,,,,,,,,,,,,,,,,,,,,,,,,,https://cdn.shopify.com/s/files/1/0724/3038/7509/files/Printworks_wine-journal_5_4f0ffd7b-f2bc-429f-9aa9-fea167273c55.jpg?v=1764773342,8,,,,,,,,,,,,,,,,,,,,,,,
wine-tasting-journal,,,,,,,,,,,,,,,,,,,,,,,,,,,,,,,https://cdn.shopify.com/s/files/1/0724/3038/7509/files/Printworks_wine-journal_4_c76336ba-bd4c-4fae-834a-1829655ec8f9.jpg?v=1764773342,9,,,,,,,,,,,,,,,,,,,,,,,
wellness-journal,Wellness,"<p><meta charset=""utf-8""><meta charset=""utf-8"">Welcome to your journey toward a more mindful, grateful, and fulfilling life! In this wellness journal, you'll discover a variety of prompts and exercises designed to guide you through daily, weekly, and monthly reflections. Each section is thoughtfully crafted to help you explore different aspects of your life, from your achievements and challenges to your goals and dreams. This journal encourages you to slow down, savor the little moments, and cultivate a positive mindset.<br></p>",Printworks,Fill-in Book,Fill-in Book,"small-bag, YGroup_Journal_New",true,Title,Default Title,,,,,,,,PW00709,700,shopify,deny,manual,39,,true,true,,,,,,https://cdn.shopify.com/s/files/1/0724/3038/7509/files/Printworks_wellnes-journal_c0714145-d885-43c6-8297-874c28cae8bc.jpg?v=1764773286,1,,false,,,,"Vendor: Printworks
Type: Fill-in Book
Weight: 700g",,,,,,,,,,,,,,kg,,,active
wellness-journal,,,,,,,,,,,,,,,,,,,,,,,,,,,,,,,https://cdn.shopify.com/s/files/1/0724/3038/7509/files/Printworks_wellnes-journal_2_ad694061-95b3-4cfc-8e9d-a9daf690fb6c.jpg?v=1764773286,2,,,,,,,,,,,,,,,,,,,,,,,
wellness-journal,,,,,,,,,,,,,,,,,,,,,,,,,,,,,,,https://cdn.shopify.com/s/files/1/0724/3038/7509/files/Printworks_FillInBook_Wellnes_mood_1.jpg?v=1764773286,3,,,,,,,,,,,,,,,,,,,,,,,
wellness-journal,,,,,,,,,,,,,,,,,,,,,,,,,,,,,,,https://cdn.shopify.com/s/files/1/0724/3038/7509/files/Printworks_wellnes-journal_3_3f0244de-46f3-45f7-b614-d9d6dfa8855e.jpg?v=1764773286,4,,,,,,,,,,,,,,,,,,,,,,,
wellness-journal,,,,,,,,,,,,,,,,,,,,,,,,,,,,,,,https://cdn.shopify.com/s/files/1/0724/3038/7509/files/Printworks_wellnes-journal_4_659170e4-5e5b-46dd-8c21-7c90e1c05507.jpg?v=1764773286,5,,,,,,,,,,,,,,,,,,,,,,,
the-book-club-reading-journal,The Book Club,"<p class=""p1"">Keep track of your literary adventures with The Book Club - Reading Journal. Its green multi-tone cover adds a unique touch, while its pages are thoughtfully designed for logging book reviews, tracking your reading progress, and jotting down must-read books. Whether you're an avid reader or just beginning your reading journey, this journal will be your perfect companion.</p>
<table style=""border-collapse: collapse; width: 975px; height: 5px;"" width=""964"" cellspacing=""0"" cellpadding=""0"" border=""0"">
<colgroup style=""font-family: -apple-system, BlinkMacSystemFont, 'San Francisco', 'Segoe UI', Roboto, 'Helvetica Neue', sans-serif; font-size: 0.875rem;""><col style=""width: 974px;"" width=""964""></colgroup>
<tbody style=""font-family: -apple-system, BlinkMacSystemFont, 'San Francisco', 'Segoe UI', Roboto, 'Helvetica Neue', sans-serif; font-size: 0.875rem;"">
<tr style=""height: 21.3281px;"" height=""21""></tr>
</tbody>
</table>",Printworks,Fill-in Book,Fill-in Book,"small-bag, YGroup_Journal_New",true,Title,Default Title,,,,,,,,PW00705,700,shopify,deny,manual,39,,true,true,,,,,,https://cdn.shopify.com/s/files/1/0724/3038/7509/files/Printworks_book-clubPINK_e8fd9706-fd38-4ff2-8912-dcda9712d551.jpg?v=1764079632,1,,false,,,,"Vendor: Printworks
Type: Fill-in Book
Weight: 700g",,,,,,,,,,,,,,kg,,,active
the-book-club-reading-journal,,,,,,,,,,,,,,,,,,,,,,,,,,,,,,,https://cdn.shopify.com/s/files/1/0724/3038/7509/files/Printworks_book-club_2_be1793b5-d0c5-4371-846b-27ede619cee0.jpg?v=1764079632,2,,,,,,,,,,,,,,,,,,,,,,,
the-book-club-reading-journal,,,,,,,,,,,,,,,,,,,,,,,,,,,,,,,https://cdn.shopify.com/s/files/1/0724/3038/7509/files/book_club_1PINK.jpg?v=1764079632,3,,,,,,,,,,,,,,,,,,,,,,,
the-book-club-reading-journal,,,,,,,,,,,,,,,,,,,,,,,,,,,,,,,https://cdn.shopify.com/s/files/1/0724/3038/7509/files/Printworks_book-club_3_02063fd1-ff74-44b4-a931-5ae5f25b75a2.jpg?v=1764079632,4,,,,,,,,,,,,,,,,,,,,,,,
the-book-club-reading-journal,,,,,,,,,,,,,,,,,,,,,,,,,,,,,,,https://cdn.shopify.com/s/files/1/0724/3038/7509/files/Printworks_FillInBook_BookClub_mood_2.jpg?v=1764079632,5,,,,,,,,,,,,,,,,,,,,,,,
the-book-club-reading-journal,,,,,,,,,,,,,,,,,,,,,,,,,,,,,,,https://cdn.shopify.com/s/files/1/0724/3038/7509/files/Printworks_book-club_4-PINK.jpg?v=1764079632,6,,,,,,,,,,,,,,,,,,,,,,,
the-book-club-reading-journal,,,,,,,,,,,,,,,,,,,,,,,,,,,,,,,https://cdn.shopify.com/s/files/1/0724/3038/7509/files/Printworks_book-club_5PINK.jpg?v=1764079632,7,,,,,,,,,,,,,,,,,,,,,,,
sweet-dreams-sleep-journal,Sweet Dreams,"<p><meta charset=""utf-8"">Welcome to your journey toward better sleep! In this sleep journal, you'll find comprehensive tools to help you understand and improve your sleep patterns. Sleep is fundamental to our overall health and well-being, yet it is often overlooked in our hectic lives. This journal is designed to empower you to take control of your sleep habits, starting with a daily sleep journal and a monthly sleep tracker to monitor your progress.</p>",Printworks,Fill-in Book,Fill-in Book,"small-bag, YGroup_Journal_New",true,Title,Default Title,,,,,,,,PW00708,700,shopify,deny,manual,39,,true,true,,,,,,https://cdn.shopify.com/s/files/1/0724/3038/7509/files/Printworks_sweet-dreams_90d66cbf-8fdf-49cc-ade5-650757f9f98c.jpg?v=1764772142,1,,false,,,,"Vendor: Printworks
Type: Fill-in Book
Weight: 700g",,,,,,,,,,,,,,kg,,,active
sweet-dreams-sleep-journal,,,,,,,,,,,,,,,,,,,,,,,,,,,,,,,https://cdn.shopify.com/s/files/1/0724/3038/7509/files/Printworks_FillInBook_SweetDreams_mood_1.jpg?v=1764772142,2,,,,,,,,,,,,,,,,,,,,,,,
sweet-dreams-sleep-journal,,,,,,,,,,,,,,,,,,,,,,,,,,,,,,,https://cdn.shopify.com/s/files/1/0724/3038/7509/files/Printworks_sweet-dreams_2_db4d3362-ab9f-4de6-a02d-30246cf86e4d.jpg?v=1764772142,3,,,,,,,,,,,,,,,,,,,,,,,
sweet-dreams-sleep-journal,,,,,,,,,,,,,,,,,,,,,,,,,,,,,,,https://cdn.shopify.com/s/files/1/0724/3038/7509/files/Printworks_sweet-dreams_3_d5d640aa-7a3a-4609-bf29-ad20aa5d297c.jpg?v=1764772142,4,,,,,,,,,,,,,,,,,,,,,,,
sweet-dreams-sleep-journal,,,,,,,,,,,,,,,,,,,,,,,,,,,,,,,https://cdn.shopify.com/s/files/1/0724/3038/7509/files/Printworks_FillInBook_SweetDreams_mood_2.jpg?v=1764772142,5,,,,,,,,,,,,,,,,,,,,,,,
sweet-dreams-sleep-journal,,,,,,,,,,,,,,,,,,,,,,,,,,,,,,,https://cdn.shopify.com/s/files/1/0724/3038/7509/files/Printworks_sweet-dreams_5_2ad46758-3df8-4555-a4d1-ffa6cb6f0601.jpg?v=1764772142,6,,,,,,,,,,,,,,,,,,,,,,,
sweet-dreams-sleep-journal,,,,,,,,,,,,,,,,,,,,,,,,,,,,,,,https://cdn.shopify.com/s/files/1/0724/3038/7509/files/Printworks_sweet-dreams_4_ac640065-2166-4605-aa84-a4a58ab2df06.jpg?v=1764772142,7,,,,,,,,,,,,,,,,,,,,,,,
bon-voyage-travel-journal,Bon Voyage,"<p><meta charset=""utf-8"">Capture every detail of your adventures with the Bon Voyage - Travel Journal. Featuring a beautiful blue and beige cloth-bound cover, this journal is designed to help you prepare for your journey and reflect on your travels, ensuring your experiences are preserved for years to come.</p>",Printworks,Fill-in Book,Fill-in Book,"small-bag, YGroup_Journal_New",true,Title,Default Title,,,,,,,,PW00706,700,shopify,deny,manual,39,,true,true,,,,,,https://cdn.shopify.com/s/files/1/0724/3038/7509/files/Printworks_travel-journal_c2c18aab-13e9-4263-9ce1-1f14769edea9.jpg?v=1764772282,1,,false,,,,"Vendor: Printworks
Type: Fill-in Book
Weight: 700g",,,,,,,,,,,,,,kg,,,active
bon-voyage-travel-journal,,,,,,,,,,,,,,,,,,,,,,,,,,,,,,,https://cdn.shopify.com/s/files/1/0724/3038/7509/files/Printworks_FillInBook_Travel_mood_1.jpg?v=1764772282,2,,,,,,,,,,,,,,,,,,,,,,,
bon-voyage-travel-journal,,,,,,,,,,,,,,,,,,,,,,,,,,,,,,,https://cdn.shopify.com/s/files/1/0724/3038/7509/files/Printworks_travel-journal_2_6c2c3a59-b84e-4adf-b919-e7f3728ccfcf.jpg?v=1764772282,3,,,,,,,,,,,,,,,,,,,,,,,
bon-voyage-travel-journal,,,,,,,,,,,,,,,,,,,,,,,,,,,,,,,https://cdn.shopify.com/s/files/1/0724/3038/7509/files/Printworks_travel-journal_3_60df330f-18c1-4ee3-92ac-99c161af2c81.jpg?v=1764772282,4,,,,,,,,,,,,,,,,,,,,,,,
bon-voyage-travel-journal,,,,,,,,,,,,,,,,,,,,,,,,,,,,,,,https://cdn.shopify.com/s/files/1/0724/3038/7509/files/Printworks_travel-journal_5_7e3e4431-97fc-4938-882c-1baa3959000b.jpg?v=1764772282,5,,,,,,,,,,,,,,,,,,,,,,,
bon-voyage-travel-journal,,,,,,,,,,,,,,,,,,,,,,,,,,,,,,,https://cdn.shopify.com/s/files/1/0724/3038/7509/files/Printworks_travel-journal_4_39be8af0-ae29-4761-8948-a8ef44d363ca.jpg?v=1764772282,6,,,,,,,,,,,,,,,,,,,,,,,
chess-nyc-the-new-yorker-x-printworks,Chess NYC - The New Yorker x Printworks,"<p class=""p1"">In celebration of The New Yorker's hundredth anniversary, we’ve teamed up with the iconic magazine to bring you a reimagined chess set that captures the true spirit of New York City. <br><br>This special edition features the city’s landmarks as chess pieces — from the ever-watchful Statue of Liberty as the Queen to pigeons flying in as Knights, and the hustle of yellow cabs as Pawns. Each piece represents a part of New York’s vibrant character, creating a playful tribute to the city that never sleeps. The Chess Set is Illustrated by Christoph Niemann, a recurring contributor to The New Yorker.</p>",Printworks,Board Game,Board Game,large-bag,true,Title,Default Title,,,,,,,,PW00720,2400,shopify,deny,manual,120,,true,true,,,,,,https://cdn.shopify.com/s/files/1/0724/3038/7509/files/Printworks_new-yorker-chess_19d8867c-469d-4d4b-b662-7b2d32ddd6e9.jpg?v=1764757673,1,,false,,,,"Vendor: Printworks
Type: Board Game
Weight: 2400g",,,,,,,,,,,,,,kg,,,active
chess-nyc-the-new-yorker-x-printworks,,,,,,,,,,,,,,,,,,,,,,,,,,,,,,,https://cdn.shopify.com/s/files/1/0724/3038/7509/files/Printworks_new-yorker-chess_mood_3.jpg?v=1764757673,2,,,,,,,,,,,,,,,,,,,,,,,
chess-nyc-the-new-yorker-x-printworks,,,,,,,,,,,,,,,,,,,,,,,,,,,,,,,https://cdn.shopify.com/s/files/1/0724/3038/7509/files/Printworks_new-yorker-chess_mood_1.jpg?v=1764757673,3,,,,,,,,,,,,,,,,,,,,,,,
chess-nyc-the-new-yorker-x-printworks,,,,,,,,,,,,,,,,,,,,,,,,,,,,,,,https://cdn.shopify.com/s/files/1/0724/3038/7509/files/Printworks_new-yorker-chess_mood_2.jpg?v=1764757673,4,,,,,,,,,,,,,,,,,,,,,,,
chess-nyc-the-new-yorker-x-printworks,,,,,,,,,,,,,,,,,,,,,,,,,,,,,,,https://cdn.shopify.com/s/files/1/0724/3038/7509/files/Printworks_new-yorker-chess_3_630f67ad-04d2-4bb6-b40f-26b492b389b7.jpg?v=1764757673,5,,,,,,,,,,,,,,,,,,,,,,,
chess-nyc-the-new-yorker-x-printworks,,,,,,,,,,,,,,,,,,,,,,,,,,,,,,,https://cdn.shopify.com/s/files/1/0724/3038/7509/files/Printworks_new-yorker-chess_4_33c323df-acf0-460f-a412-0e9a985e4ac2.jpg?v=1764757673,6,,,,,,,,,,,,,,,,,,,,,,,
chess-nyc-the-new-yorker-x-printworks,,,,,,,,,,,,,,,,,,,,,,,,,,,,,,,https://cdn.shopify.com/s/files/1/0724/3038/7509/files/Printworks_new-yorker-chess_2_b071d32a-4390-4e32-85c2-8f3e78e20933.jpg?v=1764757673,7,,,,,,,,,,,,,,,,,,,,,,,
wedding-kit,Wedding Set White,"<p><strong>Double the memories, one great price. Celebrate love and cherished memories with both of our popular Wedding Photo Album and Guest Book in an exclusive bundle deal with 20% off original price.</strong><br><br>What's included:<br><br><meta charset=""utf-8""><strong data-start=""150"" data-end=""178"">A Love Story Photo Album</strong> – A beautifully crafted wedding album with cream-white high-quality pages, perfect for preserving your special day. </p>
<p data-start=""373"" data-end=""550""><strong data-start=""376"" data-end=""390"">Guest Book</strong> <strong>Grey/Yellow</strong> – An elegant keepsake with 100 pages for heartfelt messages and well wishes for the happy couple. Comes in a grey/yellow slipcase to protect and display your treasured wedding memories.</p>
<p data-start=""552"" data-end=""609"">This bundle cannot be combined with discount codes.</p>",Printworks,Curated Set,Curated Set,"_no-sale, bundle",true,Title,Default Title,,,,,,,,PW99984,0,shopify,deny,manual,72,,true,true,,,,,,https://cdn.shopify.com/s/files/1/0724/3038/7509/files/Bundle-6.jpg?v=1743595672,1,,false,,,,"Vendor: Printworks
Type: Curated Set",,,,,,,,,,,,,,kg,,,active
wedding-kit,,,,,,,,,,,,,,,,,,,,,,,,,,,,,,,https://cdn.shopify.com/s/files/1/0724/3038/7509/files/Printworks_GuestBook_GreyYellow_mood_2_eeec066a-1fb0-4da2-8def-c15e372ecbc3.jpg?v=1743595672,2,,,,,,,,,,,,,,,,,,,,,,,
wedding-kit,,,,,,,,,,,,,,,,,,,,,,,,,,,,,,,https://cdn.shopify.com/s/files/1/0724/3038/7509/files/Printworks_PhotoAlbum_ALoveStory_mood_3_de74d91a-4aa0-4cf6-b36a-cbdcd24d2c1e.jpg?v=1743595672,3,,,,,,,,,,,,,,,,,,,,,,,
wedding-kit,,,,,,,,,,,,,,,,,,,,,,,,,,,,,,,https://cdn.shopify.com/s/files/1/0724/3038/7509/files/Printworks_PhotoAlbum_ALoveStory_mood_5_7c66c1f0-f3df-4cf8-ab5b-e5aa6811f0d0.jpg?v=1743595672,4,,,,,,,,,,,,,,,,,,,,,,,
baby-kit,Baby Set,"<p data-end=""140"" data-start=""42""><meta charset=""utf-8""><meta charset=""utf-8""><strong>Capture every precious moment with both of our popular Baby Photo Album and Baby Fill-in Journal in an exclusive bundle deal with 20% off original price. </strong><br><br>What's included:<br><meta charset=""utf-8""></p>
<p data-start=""156"" data-end=""288""><strong data-start=""159"" data-end=""195"">Dream Big Little One Photo Album</strong> – A stylish coffee table album to document your baby’s first years or gift to new parents. <meta charset=""utf-8"">Designed to complement any home décor and a beautiful way to document your baby's journey.</p>
<p data-start=""290"" data-end=""419""><strong data-start=""293"" data-end=""331"">One Step at a Time Fill-in Journal</strong> – A beautifully designed keepsake to record milestones from pregnancy to first steps, <meta charset=""utf-8"">creating a treasured memory book to look back on for years to come.<br><br><meta charset=""utf-8"">This bundle cannot be combined with discount codes.<br></p>",Printworks,Curated Set,Curated Set,"_no-sale, bundle",true,Title,Default Title,,,,,,,,PW99985,0,shopify,deny,manual,75,,true,true,,,,,,https://cdn.shopify.com/s/files/1/0724/3038/7509/files/Bundle-4.jpg?v=1743595679,1,,false,,,,"Vendor: Printworks
Type: Curated Set",,,,,,,,,,,,,,kg,,,active
baby-kit,,,,,,,,,,,,,,,,,,,,,,,,,,,,,,,https://cdn.shopify.com/s/files/1/0724/3038/7509/files/Printworks_PhotoAlbum_DreamBigLittleOneWhite_mood_2_3d90c59a-7eb7-44f7-a208-f8b3c4328b45.jpg?v=1743595679,2,,,,,,,,,,,,,,,,,,,,,,,
baby-kit,,,,,,,,,,,,,,,,,,,,,,,,,,,,,,,https://cdn.shopify.com/s/files/1/0724/3038/7509/files/Printworks_FillInBook_OneStepAtTime_mood_2_42f6d314-e0f1-420c-967b-3117fcb40e8b.jpg?v=1743595679,3,,,,,,,,,,,,,,,,,,,,,,,
baby-kit,,,,,,,,,,,,,,,,,,,,,,,,,,,,,,,https://cdn.shopify.com/s/files/1/0724/3038/7509/files/Printworks_FillInBook_OneStepAtTime_mood_1_32a232c0-6a01-4cdd-a713-6e01ad6ba0ef.jpg?v=1743595679,4,,,,,,,,,,,,,,,,,,,,,,,
baby-kit,,,,,,,,,,,,,,,,,,,,,,,,,,,,,,,https://cdn.shopify.com/s/files/1/0724/3038/7509/files/Printworks_photo-album_dream-big-white_2_a4933e34-163b-48ff-9e9a-ef45ca68b9be.jpg?v=1743595679,5,,,,,,,,,,,,,,,,,,,,,,,
album-accessories-kit-small-black,Album Accessories Kit Small Black,"<p data-start=""41"" data-end=""349""><strong>Get all the essentials for your photo album with our Album Accessories Kit Small Black, now 25% off in an exclusive bundle deal. </strong>Attach your photos effortlessly with photo stickers or black corners, add extra refill pages, and personalize <meta charset=""utf-8""><span>with our metallic pencils</span><span> that stand out beautifully on both light and dark paper</span><span>.</span> <meta charset=""utf-8"">This set of paper is suitable for all our small albums in sizes 24,5x24,5 cm or <meta charset=""utf-8"">19x20,5 cm. Please see product information on your album to see which paper suits your album</p>
<p data-start=""351"" data-end=""549"">What’s included:<br><br data-start=""371"" data-end=""374"">500 photo stickers<br data-start=""408"" data-end=""411"">48 black photo corners<br data-start=""439"" data-end=""442"">10 sheets of black refill photo paper<br>5 metallic pencils for heartfelt notes</p>
<p data-start=""551"" data-end=""614"">This bundle cannot be combined with other discount codes.</p>",Printworks,Curated Set,Curated Set,"_no-sale, bundle",true,Title,Default Title,,,,,,,,PW99987,0,shopify,deny,manual,32,,true,true,,,,,,https://cdn.shopify.com/s/files/1/0724/3038/7509/files/NY-albumblacksmall.jpg?v=1761051031,1,,false,,,,"Vendor: Printworks
Type: Curated Set",,,,,,,,,,,,,,kg,,,active
album-accessories-kit-small-black,,,,,,,,,,,,,,,,,,,,,,,,,,,,,,,https://cdn.shopify.com/s/files/1/0724/3038/7509/files/Printworks_corner_black_1938d3e8-2a78-4f43-a9cc-2584b3782fa4.jpg?v=1761051031,2,,,,,,,,,,,,,,,,,,,,,,,
album-accessories-kit-small-black,,,,,,,,,,,,,,,,,,,,,,,,,,,,,,,https://cdn.shopify.com/s/files/1/0724/3038/7509/files/Printworks_stickers_3_732ac866-50b7-4595-be5b-c64b1f2aa6e1.jpg?v=1761051031,3,,,,,,,,,,,,,,,,,,,,,,,
album-accessories-kit-small-black,,,,,,,,,,,,,,,,,,,,,,,,,,,,,,,https://cdn.shopify.com/s/files/1/0724/3038/7509/files/Printworks_stickers_4_77123a0a-ecbe-40a6-885f-2a6275e68e3a.jpg?v=1761051031,4,,,,,,,,,,,,,,,,,,,,,,,
album-accessories-kit-large-black,Album Accessories Kit Large Black,"<p data-start=""41"" data-end=""349""><strong>Get all the essentials for your photo album with our Album Accessories Kit Large Black, now 25% off in an exclusive bundle deal.</strong> Attach your photos effortlessly with photo stickers or black corners, add extra refill pages, and personalize with our metallic pencils<span> that stand out beautifully on both light and dark paper</span>. <meta charset=""utf-8"">This set of paper is suitable for all our small albums in sizes <meta charset=""utf-8"">33x27 cm or 31,5x26 cm. Please see product information on your album to see which paper suits your album</p>
<p data-start=""351"" data-end=""549"">What’s included:<br><br data-start=""371"" data-end=""374"">500 photo stickers<br data-start=""408"" data-end=""411"">48 black photo corners<br data-start=""439"" data-end=""442"">10 sheets of black refill photo paper<br>5 metallic pencils for heartfelt notes</p>
<p data-start=""551"" data-end=""614"">This bundle cannot be combined with other discount codes.</p>",Printworks,Curated Set,Curated Set,"_no-sale, bundle",true,Title,Default Title,,,,,,,,PW99987,0,shopify,deny,manual,32,,true,true,,,,,,https://cdn.shopify.com/s/files/1/0724/3038/7509/files/NY-albumblack.jpg?v=1759819695,1,,false,,,,"Vendor: Printworks
Type: Curated Set",,,,,,,,,,,,,,kg,,,active
album-accessories-kit-large-black,,,,,,,,,,,,,,,,,,,,,,,,,,,,,,,https://cdn.shopify.com/s/files/1/0724/3038/7509/files/Printworks_stickers_5_aa63c602-eb27-4b82-80cb-022e4016f283.jpg?v=1759819695,2,,,,,,,,,,,,,,,,,,,,,,,
album-accessories-kit-large-black,,,,,,,,,,,,,,,,,,,,,,,,,,,,,,,https://cdn.shopify.com/s/files/1/0724/3038/7509/files/Printworks_corner_black_2_33294ec7-0bad-4c84-a822-c84de5ed42d4.jpg?v=1759819695,3,,,,,,,,,,,,,,,,,,,,,,,
album-accessories-kit-large-black,,,,,,,,,,,,,,,,,,,,,,,,,,,,,,,https://cdn.shopify.com/s/files/1/0724/3038/7509/files/Printworks_stickers_4_320da74a-d805-4396-9069-293d30d20fd3.jpg?v=1759819695,4,,,,,,,,,,,,,,,,,,,,,,,
album-accessories-kit-large-black,,,,,,,,,,,,,,,,,,,,,,,,,,,,,,,https://cdn.shopify.com/s/files/1/0724/3038/7509/files/Printworks_corner_black_4c4450bf-45ad-4683-b25d-b0c02f73a773.jpg?v=1759819695,5,,,,,,,,,,,,,,,,,,,,,,,
album-accessories-kit-large-white,Album Accessories Kit Large White,"<p data-start=""41"" data-end=""349""><meta charset=""utf-8""><strong>Get all the essentials for your photo album with our Album Accessories Kit Large White, now 25% off in an exclusive bundle deal.</strong> Attach your photos effortlessly with photo stickers or white corners, add extra refill pages, and personalize with our metallic pencils<span> that stand out beautifully on both light and dark paper</span>. <meta charset=""utf-8"">This set of paper is suitable for all our small albums in sizes <meta charset=""utf-8"">33x27 cm or 31,5x26 cm. Please see product information on your album to see which paper suits your album.</p>
<p data-start=""351"" data-end=""549"">What’s included:<br><br data-start=""371"" data-end=""374"">500 photo stickers<br data-start=""408"" data-end=""411"">48 white photo corners<br data-start=""439"" data-end=""442"">10 sheets of white refill photo paper<br>5 metallic pencils for heartfelt notes</p>
<p data-start=""551"" data-end=""614"">This bundle cannot be combined with other discount codes.</p>",Printworks,Curated Set,Curated Set,"_no-sale, bundle",true,Title,Default Title,,,,,,,,PW99987,0,shopify,deny,manual,32,,true,true,,,,,,https://cdn.shopify.com/s/files/1/0724/3038/7509/files/NY-albumwhite.jpg?v=1759819879,1,,false,,,,"Vendor: Printworks
Type: Curated Set",,,,,,,,,,,,,,kg,,,active
album-accessories-kit-large-white,,,,,,,,,,,,,,,,,,,,,,,,,,,,,,,https://cdn.shopify.com/s/files/1/0724/3038/7509/files/Printworks_corner_white_2_dd2f9ee2-6eef-420c-a2d6-359a874e6dde.jpg?v=1759819879,2,,,,,,,,,,,,,,,,,,,,,,,
album-accessories-kit-large-white,,,,,,,,,,,,,,,,,,,,,,,,,,,,,,,https://cdn.shopify.com/s/files/1/0724/3038/7509/files/Printworks_corner_white_2f0434da-0b65-498f-aafa-2165125c10ea.jpg?v=1759819879,3,,,,,,,,,,,,,,,,,,,,,,,
album-accessories-kit-large-white,,,,,,,,,,,,,,,,,,,,,,,,,,,,,,,https://cdn.shopify.com/s/files/1/0724/3038/7509/files/Printworks_stickers_6_b442cb45-cbcc-4bd1-bf9f-e7b26a382aaa.jpg?v=1759819879,4,,,,,,,,,,,,,,,,,,,,,,,
album-accessories-kit-large-white,,,,,,,,,,,,,,,,,,,,,,,,,,,,,,,https://cdn.shopify.com/s/files/1/0724/3038/7509/files/Printworks_stickers_4_6a4222c1-ea97-4923-bae4-23a2f19b74af.jpg?v=1759819879,5,,,,,,,,,,,,,,,,,,,,,,,
music-charades,Music Charades,"<p class=""p1"">Put your musical knowledge to the test with Music Charades. With beautifully illustrated cards made from 100% FSC-certified paper, players act out songs or artists, creating a fun and engaging challenge for everyone involved.</p>",Printworks,Game,Game,"small-bag, YGroup_Cardgame",true,Title,Default Title,,,,,,,,PW00716,337,shopify,deny,manual,25,,true,true,,,,,,https://cdn.shopify.com/s/files/1/0724/3038/7509/files/Printworks_photo-charades_music.jpg?v=1743595740,1,,false,,,,"Vendor: Printworks
Type: Game
Weight: 337g",,,,,,,,,,,,,,kg,,,active
music-charades,,,,,,,,,,,,,,,,,,,,,,,,,,,,,,,https://cdn.shopify.com/s/files/1/0724/3038/7509/files/Printworks_photo-charades_music_2.jpg?v=1743595740,2,,,,,,,,,,,,,,,,,,,,,,,
music-charades,,,,,,,,,,,,,,,,,,,,,,,,,,,,,,,https://cdn.shopify.com/s/files/1/0724/3038/7509/files/Printworks_photo-charades_music_3.jpg?v=1743595740,3,,,,,,,,,,,,,,,,,,,,,,,
movie-charades,Movie Charades,"<p class=""p1"">Get ready for endless fun with Movie Charades! This card game is perfect for parties and gatherings, where players act out iconic movie scenes. With beautifully illustrated cards made from 100% FSC-certified paper, this game is sure to be a hit with film buffs and casual players alike.</p>",Printworks,Game,Game,"small-bag, YGroup_Cardgame",true,Title,Default Title,,,,,,,,PW00717,337,shopify,deny,manual,25,,true,true,,,,,,https://cdn.shopify.com/s/files/1/0724/3038/7509/files/Printworks_photo-charades_movie.jpg?v=1743595742,1,,false,,,,"Vendor: Printworks
Type: Game
Weight: 337g",,,,,,,,,,,,,,kg,,,active
movie-charades,,,,,,,,,,,,,,,,,,,,,,,,,,,,,,,https://cdn.shopify.com/s/files/1/0724/3038/7509/files/Printworks_photo-charades_movie_2.jpg?v=1743595743,2,,,,,,,,,,,,,,,,,,,,,,,
movie-charades,,,,,,,,,,,,,,,,,,,,,,,,,,,,,,,https://cdn.shopify.com/s/files/1/0724/3038/7509/files/Printworks_photo-charades_movie_3.jpg?v=1743595743,3,,,,,,,,,,,,,,,,,,,,,,,
matcha-tools-cafe-kitsune-x-printworks,Matcha Tools - Cafe Kitsuné x Printworks,"<p class=""p1"">Discover our exclusive Matcha Kit, designed in collaboration with Café Kitsuné. Presented in an elegant, book-like box, this kit includes all the essential tools for creating the perfect matcha at home. By blending Café Kitsuné's knowledge of Japanese tea culture with PRINTWORKS' signature design aesthetic, this kit elevates your tea ritual with both beauty and functionality. <br><br>Included in this kit:<br>• 1 Bamboo Whisk (Chasen - <span class=""s1"">茶筅</span>) <br>• 1 Matcha Spoon (Chashaku - <span class=""s1"">茶杓</span>) <br>• 1 Matcha Bowl (Chawan - <span class=""s1"">抹茶椀</span>). <br><br>A refined matcha experience, blending tradition with modern design.</p>",Printworks,The Essentials,The Essentials,medium-bag,true,Title,Default Title,,,,,,,,PW00672,800,shopify,deny,manual,85,,true,true,,,,,,https://cdn.shopify.com/s/files/1/0724/3038/7509/files/Printworks_Essential_Matcha-tools.jpg?v=1762330602,1,,false,,,,"Vendor: Printworks
Type: The Essentials
Weight: 800g",,,,,,,,,,,,,,kg,,,active
matcha-tools-cafe-kitsune-x-printworks,,,,,,,,,,,,,,,,,,,,,,,,,,,,,,,https://cdn.shopify.com/s/files/1/0724/3038/7509/files/Printworks_essentials_matcha_3_d6d40a7a-dcda-4d19-8f1a-0cd7d1d36d66.jpg?v=1764083954,2,,,,,,,,,,,,,,,,,,,,,,,
matcha-tools-cafe-kitsune-x-printworks,,,,,,,,,,,,,,,,,,,,,,,,,,,,,,,https://cdn.shopify.com/s/files/1/0724/3038/7509/files/Printworks_Essentials_Matcha_mood_1.jpg?v=1764083954,3,,,,,,,,,,,,,,,,,,,,,,,
matcha-tools-cafe-kitsune-x-printworks,,,,,,,,,,,,,,,,,,,,,,,,,,,,,,,https://cdn.shopify.com/s/files/1/0724/3038/7509/files/Printworks_essentials_matcha_2_6dfd5953-8208-4393-9861-703c09d2bb37.jpg?v=1764083954,4,,,,,,,,,,,,,,,,,,,,,,,
matcha-tools-cafe-kitsune-x-printworks,,,,,,,,,,,,,,,,,,,,,,,,,,,,,,,https://cdn.shopify.com/s/files/1/0724/3038/7509/files/Printworks_essentials_matcha_8d61f344-2a44-4f83-92bb-bda32ba25c0d.jpg?v=1764083922,5,,,,,,,,,,,,,,,,,,,,,,,
wine-cheese-tool-kit,Wine & Cheese Tools Set,"<p><strong>The Perfect Pair: Cheese &amp; Wine Tools. Indulge in the ultimate tasting experience with our popular Cheese Tools and Wine Tools, now available at a special package price.</strong></p>
<p>What's included:</p>
<p><strong>Essential Cheese Kit:</strong> A stylish toolbox featuring three premium knives designed for all your favorite cheese varieties.</p>
<p><strong>Essential Wine Kit:</strong> Complete with an opener, stopper, pourer, and collar — everything you need to elevate your wine experience.</p>
<p>Crafted from durable stainless steel and dishwasher safe for effortless entertaining.<span></span></p>
<p class=""p1"">This bundle cannot be combined with discount codes.</p>",Printworks,Curated Set,Curated Set,"_no-sale, bundle",true,Title,Default Title,,,,,,,,PW99997,0,shopify,deny,manual,75,,true,true,,,,,,https://cdn.shopify.com/s/files/1/0724/3038/7509/files/NY-2-WineCheese.jpg?v=1762422730,1,,false,,,,"Vendor: Printworks
Type: Curated Set",,,,,,,,,,,,,,kg,,,active
wine-cheese-tool-kit,,,,,,,,,,,,,,,,,,,,,,,,,,,,,,,https://cdn.shopify.com/s/files/1/0724/3038/7509/files/Printworks_BundleWineCheese_mood_1.jpg?v=1762422730,2,,,,,,,,,,,,,,,,,,,,,,,
wine-cheese-tool-kit,,,,,,,,,,,,,,,,,,,,,,,,,,,,,,,https://cdn.shopify.com/s/files/1/0724/3038/7509/files/Printworks_BundleWineCheese_mood_2.jpg?v=1762422730,3,,,,,,,,,,,,,,,,,,,,,,,
wine-cheese-tool-kit,,,,,,,,,,,,,,,,,,,,,,,,,,,,,,,https://cdn.shopify.com/s/files/1/0724/3038/7509/files/Printworks_essentials_cheese_2_c9df1ab9-05ed-477c-9969-7d086cc122be.jpg?v=1762422730,4,,,,,,,,,,,,,,,,,,,,,,,
wine-cheese-tool-kit,,,,,,,,,,,,,,,,,,,,,,,,,,,,,,,https://cdn.shopify.com/s/files/1/0724/3038/7509/files/Printworks_essentials_wine-beige_4_d49845e9-800b-419b-b370-0d96a04d2843.jpg?v=1762422730,5,,,,,,,,,,,,,,,,,,,,,,,
photo-books-2-pack-light,"Photo Books 2-pack, Light","<p class=""p1""><meta charset=""utf-8""><meta charset=""utf-8""><strong>Buy both of our popular Photo Books at a favorable package price. </strong>Preserve your cherished memories with our beautifully crafted photo books. Each book features 80 off-white pages (150 gsm), ideal for displaying 160 horizontal photos (max. 11x15 cm). Size: 28x19.5x3.5 cm. Easily attach your pictures with our photo stickers or corners (sold separately) for an organized display.<br></p>
<p>What's included:</p>
<p><strong>Life Photo Book:</strong> Beige cloth hardcover with white text for a minimalist and elegant bookshelf design.</p>
<p><strong>The Wonder Years:</strong> Grey cloth hardcover with silver foiled text, thoughtfully crafted to showcase your favorite moments.</p>
<p>This bundle cannot be combined with discount codes.</p>",Printworks,Curated Set,Curated Set,"_no-sale, bundle",true,Title,Default Title,,,,,,,,PW99992,0,shopify,deny,manual,62,,true,true,,,,,,https://cdn.shopify.com/s/files/1/0724/3038/7509/files/Bundle_14.jpg?v=1743595894,1,,false,,,,"Vendor: Printworks
Type: Curated Set",,,,,,,,,,,,,,kg,,,active
photo-books-2-pack-light,,,,,,,,,,,,,,,,,,,,,,,,,,,,,,,https://cdn.shopify.com/s/files/1/0724/3038/7509/files/Printworks_photo-book_life-beige_2_07fed82b-9824-451c-bd9e-8f9e55cc1345.jpg?v=1743595894,2,,,,,,,,,,,,,,,,,,,,,,,
photo-books-2-pack-light,,,,,,,,,,,,,,,,,,,,,,,,,,,,,,,https://cdn.shopify.com/s/files/1/0724/3038/7509/files/Printworks_photo-book_the-wonder-years_2_6388ab2e-e91e-4a49-9991-aad22c435d06.jpg?v=1743595895,3,,,,,,,,,,,,,,,,,,,,,,,
photo-books-2-pack-light,,,,,,,,,,,,,,,,,,,,,,,,,,,,,,,https://cdn.shopify.com/s/files/1/0724/3038/7509/files/Printworks_PhotoBook_LifeBeige_mood_3_2a5115e4-317c-431a-bbd3-ffbec2d658fe.jpg?v=1743595895,4,,,,,,,,,,,,,,,,,,,,,,,
photo-books-2-pack-light,,,,,,,,,,,,,,,,,,,,,,,,,,,,,,,https://cdn.shopify.com/s/files/1/0724/3038/7509/files/Printworks_Bookend_Travertin_mood_2.jpg?v=1743595895,5,,,,,,,,,,,,,,,,,,,,,,,
aquarelle-kit,Aquarelle Kit,"<p><strong>Get inspired with our Art Essential Kit, featuring Aquarelle Paper and Aquarelle Watercolors at a special bundle price. </strong></p>
<p>What’s included:</p>
<p><strong>Aquarelle Paper:</strong> Premium ivory white sheets (21x30 cm, A4) with a smooth hot-pressed finish — perfect for detailed watercolor artwork.</p>
<p><strong>Aquarelle Watercolors:</strong> 24 high-pigment shades, complete with a brush and mixing palette for endless creative possibilities.</p>
<p class=""p1""><span><meta charset=""utf-8"">This bundle cannot be combined with discount codes.</span></p>",Printworks,Curated Set,Curated Set,"_no-sale, bundle",true,Title,Default Title,,,,,,,,PW99990,0,shopify,deny,manual,21,,true,true,,,,,,https://cdn.shopify.com/s/files/1/0724/3038/7509/files/Bundle_12.jpg?v=1743595685,1,,false,,,,"Vendor: Printworks
Type: Curated Set",,,,,,,,,,,,,,kg,,,active
aquarelle-kit,,,,,,,,,,,,,,,,,,,,,,,,,,,,,,,https://cdn.shopify.com/s/files/1/0724/3038/7509/files/Printworks_Art_Watercolour_mood_1_b5e30e05-a4d1-4ffa-abb1-8c4b54feeb25.jpg?v=1743595685,2,,,,,,,,,,,,,,,,,,,,,,,
2-pack-swell-l-swell-s-pink,"Trays 2-pack, Pink","<p><strong>Upgrade your home decor with our Lacquered Tray Set in the stunning maroon/pink color combination, available at a special package price.</strong></p>
<p>What’s included:</p>
<p><strong>Swell Large (42x27x7 cm)</strong> – Ideal for serving and elegant displays.<br><br><strong>Swell Small (34x20x5 cm)</strong> – Perfect for organizing and accenting any space.</p>
<p>Crafted from painted and lacquered MDF, these trays bring a sleek and sophisticated touch to your home, whether you're serving guests or simply elevating everyday organization.</p>
<p class=""p1"">This bundle cannot be combined with discount codes.</p>",Printworks,Curated Set,Curated Set,"_no-sale, bundle",true,Title,Default Title,,,,,,,,PW99993,0,shopify,deny,manual,74,,true,true,,,,,,https://cdn.shopify.com/s/files/1/0724/3038/7509/files/Bundle_8.jpg?v=1743595686,1,,false,,,,"Vendor: Printworks
Type: Curated Set",,,,,,,,,,,,,,kg,,,active
2-pack-swell-l-swell-s-pink,,,,,,,,,,,,,,,,,,,,,,,,,,,,,,,https://cdn.shopify.com/s/files/1/0724/3038/7509/files/Printworks_Tray_MaroonPinkL_mood_1_942c7910-5033-4415-adb0-317ebc39e1ae.jpg?v=1743595686,2,,,,,,,,,,,,,,,,,,,,,,,
2-pack-swell-l-swell-s-pink,,,,,,,,,,,,,,,,,,,,,,,,,,,,,,,https://cdn.shopify.com/s/files/1/0724/3038/7509/files/Printworks_Tray_MaroonPinkL_mood_2_9d8e74f8-e071-4688-aa19-a0657243a485.jpg?v=1743595686,3,,,,,,,,,,,,,,,,,,,,,,,
2-pack-swell-l-swell-s-green,"Trays 2-pack, Green","<p><strong>Transform your home decor with our Lacquered Trays in vibrant green and turquoise, now available at a special package price.</strong></p>
<p>What's included:</p>
<p><strong>Swell Large (42x27x7 cm)</strong> – Perfect for serving and elegant displays.</p>
<p><strong>Swell Small (34x20x5 cm)</strong> – Ideal for organizing or adding stylish accents.</p>
<p>Crafted from painted and lacquered MDF, these trays are as functional as they are beautiful, bringing a bold and sophisticated touch to any space.</p>
<p class=""p1"">This bundle cannot be combined with discount codes.</p>",Printworks,Curated Set,Curated Set,"_no-sale, bundle",true,Title,Default Title,,,,,,,,PW99993,0,shopify,deny,manual,74,,true,true,,,,,,https://cdn.shopify.com/s/files/1/0724/3038/7509/files/Bundle_7.jpg?v=1743595687,1,,false,,,,"Vendor: Printworks
Type: Curated Set",,,,,,,,,,,,,,kg,,,active
2-pack-swell-l-swell-s-green,,,,,,,,,,,,,,,,,,,,,,,,,,,,,,,https://cdn.shopify.com/s/files/1/0724/3038/7509/files/Printworks_Tray_TurquoiseGreenL_mood_2_66139d9c-2700-48f6-ac3e-dd09ec19c100.jpg?v=1743595687,2,,,,,,,,,,,,,,,,,,,,,,,
2-pack-swell-l-swell-s-green,,,,,,,,,,,,,,,,,,,,,,,,,,,,,,,https://cdn.shopify.com/s/files/1/0724/3038/7509/files/Printworks_Tray_TurquoiseGreenM_mood_2_326a7a50-311d-4699-ab07-3fe76aaaa166.jpg?v=1743595688,3,,,,,,,,,,,,,,,,,,,,,,,
2-pack-planner-notebook-beige,"Planner & Notebook Bundle, Beige","<p><strong>Elevate your organization with our beige Planner and Notebook duo, now available at a special package price. Perfect for planning your day and capturing your ideas with elegance.</strong><meta charset=""utf-8""></p>
<p>What's included:</p>
<p><strong>Planner:</strong> A sleek beige cloth cover with a functional layout to help you manage tasks, appointments, and personal goals effortlessly.</p>
<p><strong>Notebook:</strong> Features a chic beige cloth cover and premium paper to beautifully preserve your thoughts, notes, and ideas.</p>
<p class=""p1"">This bundle cannot be combined with discount codes.</p>",Printworks,Curated Set,Curated Set,"_no-sale, bundle, YGroup_Notebook_New, YGroup_Planner_New",true,Title,Default Title,,,,,,,,PW99998,0,shopify,deny,manual,40,,true,true,,,,,,https://cdn.shopify.com/s/files/1/0724/3038/7509/files/Bundle_4.jpg?v=1743595694,1,,false,,,,"Vendor: Printworks
Type: Curated Set",,,,,,,,,,,,,,kg,,,active
2-pack-planner-notebook-beige,,,,,,,,,,,,,,,,,,,,,,,,,,,,,,,https://cdn.shopify.com/s/files/1/0724/3038/7509/files/Printworks_planner_beige_2_a74756b7-2ba4-4076-bde5-3b12cc12f42d.jpg?v=1743595694,2,,,,,,,,,,,,,,,,,,,,,,,
2-pack-planner-notebook-beige,,,,,,,,,,,,,,,,,,,,,,,,,,,,,,,https://cdn.shopify.com/s/files/1/0724/3038/7509/files/Printworks_notebook_beige_2_a3ad26ae-1249-4e38-8b13-2a62c4750716.jpg?v=1743595694,3,,,,,,,,,,,,,,,,,,,,,,,
2-pack-planner-notebook-beige,,,,,,,,,,,,,,,,,,,,,,,,,,,,,,,https://cdn.shopify.com/s/files/1/0724/3038/7509/files/Printworks_planner_beige_mood_1_fb9bb506-210b-4eb0-932c-db932175323f.jpg?v=1743595694,4,,,,,,,,,,,,,,,,,,,,,,,
2-pack-planner-notebook-beige,,,,,,,,,,,,,,,,,,,,,,,,,,,,,,,https://cdn.shopify.com/s/files/1/0724/3038/7509/files/Printworks_notebook_beige_mood_1_bd31052a-9ed7-438e-a2a7-34480ddbb9c3.jpg?v=1743595694,5,,,,,,,,,,,,,,,,,,,,,,,
2-pack-planner-notebook-blue,"Planner & Notebook Bundle, Blue","<p><strong>Elevate your organization with our blue Planner and Notebook duo, now available at a special package price. Perfect for planning your day and capturing your ideas with elegance.</strong><meta charset=""utf-8""></p>
<p>What's included:</p>
<p><strong>Planner:</strong> A sleek blue cloth cover with a functional layout to help you manage tasks, appointments, and personal goals effortlessly.</p>
<p><strong>Notebook:</strong> Features a chic blue cloth cover and premium paper to beautifully preserve your thoughts, notes, and ideas.</p>
<p class=""p1"">This bundle cannot be combined with discount codes.</p>",Printworks,Curated Set,Curated Set,"_no-sale, bundle, YGroup_Notebook_New, YGroup_Planner_New",true,Title,Default Title,,,,,,,,PW99998,0,shopify,deny,manual,40,,true,true,,,,,,https://cdn.shopify.com/s/files/1/0724/3038/7509/files/Bundle_3.jpg?v=1743595695,1,,false,,,,"Vendor: Printworks
Type: Curated Set",,,,,,,,,,,,,,kg,,,active
2-pack-planner-notebook-blue,,,,,,,,,,,,,,,,,,,,,,,,,,,,,,,https://cdn.shopify.com/s/files/1/0724/3038/7509/files/Printworks_planner_blue_2_5172fe98-e005-4c3e-96d3-7d15a99900c2.jpg?v=1743595695,2,,,,,,,,,,,,,,,,,,,,,,,
2-pack-planner-notebook-blue,,,,,,,,,,,,,,,,,,,,,,,,,,,,,,,https://cdn.shopify.com/s/files/1/0724/3038/7509/files/Printworks_notebook_blue_2_19f0e8be-f4d5-4fb9-9e81-5b3d1a7cc66a.jpg?v=1743595695,3,,,,,,,,,,,,,,,,,,,,,,,
2-pack-planner-notebook-blue,,,,,,,,,,,,,,,,,,,,,,,,,,,,,,,https://cdn.shopify.com/s/files/1/0724/3038/7509/files/Printworks_planner_blue_mood_1_8ace5f0e-9ac5-4284-80b8-6e53bc6b06ce.jpg?v=1743595695,4,,,,,,,,,,,,,,,,,,,,,,,
2-pack-planner-notebook-blue,,,,,,,,,,,,,,,,,,,,,,,,,,,,,,,https://cdn.shopify.com/s/files/1/0724/3038/7509/files/Printworks_notebook_blue_mood_1_623c0e63-e521-445b-bdcc-f7cd64f5210f.jpg?v=1743595696,5,,,,,,,,,,,,,,,,,,,,,,,
2-pack-planner-notebook-violet,"Planner & Notebook Bundle, Violet","<div class=""Dropdown product-module__dropdown mt-l"">
<div aria-hidden=""false"" class=""Dropdown--Content product-module__dropdown-content"">
<div class=""product-module__dropdown-inner-content rte u-t3"">
<p><strong>Elevate your organization with our violet Planner and Notebook duo, now available at a special package price. Perfect for planning your day and capturing your ideas with elegance.</strong><meta charset=""utf-8""></p>
<p>What's included:</p>
<p><strong>Planner:</strong> A sleek violet cloth cover with a functional layout to help you manage tasks, appointments, and personal goals effortlessly.</p>
<p><strong>Notebook:</strong> Features a chic violet cloth cover and premium paper to beautifully preserve your thoughts, notes, and ideas.</p>
<p class=""p1"">This bundle cannot be combined with discount codes.</p>
</div>
</div>
</div>",Printworks,Curated Set,Curated Set,"_no-sale, bundle, YGroup_Notebook_New, YGroup_Planner_New",true,Title,Default Title,,,,,,,,PW99998,0,shopify,deny,manual,40,,true,true,,,,,,https://cdn.shopify.com/s/files/1/0724/3038/7509/files/Bundle_2.jpg?v=1743595697,1,,false,,,,"Vendor: Printworks
Type: Curated Set",,,,,,,,,,,,,,kg,,,active
2-pack-planner-notebook-violet,,,,,,,,,,,,,,,,,,,,,,,,,,,,,,,https://cdn.shopify.com/s/files/1/0724/3038/7509/files/Printworks_planner_purple_2_dd27507a-39ae-45a3-a17b-6d57bd9e1f35.jpg?v=1743595697,2,,,,,,,,,,,,,,,,,,,,,,,
2-pack-planner-notebook-violet,,,,,,,,,,,,,,,,,,,,,,,,,,,,,,,https://cdn.shopify.com/s/files/1/0724/3038/7509/files/Printworks_notebook_purple_2_f2a96342-1b12-499a-abbc-fadd29f18ba9.jpg?v=1743595697,3,,,,,,,,,,,,,,,,,,,,,,,
2-pack-planner-notebook-violet,,,,,,,,,,,,,,,,,,,,,,,,,,,,,,,https://cdn.shopify.com/s/files/1/0724/3038/7509/files/Printworks_planner_purple_mood_1_4766a781-0b93-4dff-9d07-d9156b7315b3.jpg?v=1743595697,4,,,,,,,,,,,,,,,,,,,,,,,
2-pack-planner-notebook-violet,,,,,,,,,,,,,,,,,,,,,,,,,,,,,,,https://cdn.shopify.com/s/files/1/0724/3038/7509/files/Printworks_notebook_purple_mood_1_37f9ab98-1829-495e-8ff3-40109dba0061.jpg?v=1743595697,5,,,,,,,,,,,,,,,,,,,,,,,
photo-books-2-pack-dark,"Photo Books 2-pack, Dark","<p><strong>Buy both of our popular Photo Books at a favorable package price. </strong>Preserve your cherished memories with our beautifully crafted photo books. Each book features 80 off-white pages (150 gsm), ideal for displaying 160 horizontal photos (max. 11x15 cm). Size: 28x19.5x3.5 cm. Easily attach your pictures with our photo stickers or corners (sold separately) for an organized display.<strong></strong><meta charset=""utf-8""></p>
<p>What's included:</p>
<p><strong>Life Photo Book:</strong> Black cloth hardcover with white text for a sleek, bookshelf-friendly design.</p>
<p><strong>Every Picture Tells a Story:</strong> Dark grey cloth hardcover with black text, crafted to beautifully showcase your favorite moments.</p>
<p>This bundle cannot be combined with discount codes.</p>",Printworks,Curated Set,Curated Set,"_no-sale, bundle",true,Title,Default Title,,,,,,,,PW99999,0,shopify,deny,manual,62,,true,true,,,,,,https://cdn.shopify.com/s/files/1/0724/3038/7509/files/Bundle_1.jpg?v=1743595698,1,,false,,,,"Vendor: Printworks
Type: Curated Set",,,,,,,,,,,,,,kg,,,active
photo-books-2-pack-dark,,,,,,,,,,,,,,,,,,,,,,,,,,,,,,,https://cdn.shopify.com/s/files/1/0724/3038/7509/files/Printworks_photo-book_life-black_2_03c1e9b7-f09a-4536-bf31-7dd89bf61feb.jpg?v=1743595698,2,,,,,,,,,,,,,,,,,,,,,,,
photo-books-2-pack-dark,,,,,,,,,,,,,,,,,,,,,,,,,,,,,,,https://cdn.shopify.com/s/files/1/0724/3038/7509/files/Printworks_photo-book_every-picture-tells-a-story_2_5a94c0bd-443f-49a6-81f8-f5aa403b5292.jpg?v=1743595698,3,,,,,,,,,,,,,,,,,,,,,,,
photo-books-2-pack-dark,,,,,,,,,,,,,,,,,,,,,,,,,,,,,,,https://cdn.shopify.com/s/files/1/0724/3038/7509/files/Printworks_PhotoBook_LifeBlack_mood_1_1523bfdd-8188-4bd8-9204-d05e770d611f.jpg?v=1743595698,4,,,,,,,,,,,,,,,,,,,,,,,
photo-books-2-pack-dark,,,,,,,,,,,,,,,,,,,,,,,,,,,,,,,https://cdn.shopify.com/s/files/1/0724/3038/7509/files/Printworks_PhotoBook_EveryPictureTellsAStory_mood_2_e03a6f60-9464-4988-ae3c-cda41276f232.jpg?v=1743595698,5,,,,,,,,,,,,,,,,,,,,,,,
four-in-a-row-classic,"Four in a Row, Classic","<p><meta charset=""utf-8""><span data-mce-fragment=""1"">Explore our ""Four in a Row"" game with an exciting new twist. With a soft pink and grey color scheme, it adds a touch of vibrant fun to any home decor. This game is crafted from lacquered wood and includes 42 playing discs (21 of each color). Its sturdy design folds into a compact shape for easy storage. It also includes easy-to-read instructions in English, French, and German. Perfect for two players aged 4+. </span></p>
<p><span data-mce-fragment=""1"">This game is a part of our exclusive collection, ""Classic"", featuring high-quality products with beautiful palettes and typography. Enjoy hours of gameplay while also elevating your home wherever you place it. Whether you play or display it, it's a guaranteed win.</span></p>",Printworks,Board Game,Board Game,"medium-bag, YGroup_FourinarowClassic",true,Title,Default Title,,,,,,,,PW00687,815,shopify,deny,manual,50,,true,true,,,,,,https://cdn.shopify.com/s/files/1/0724/3038/7509/files/Printworks_classic-games_four-in-a-row_2.jpg?v=1743595848,1,,false,,,,"Vendor: Printworks
Type: Board Game
Weight: 815g",,,,,,,,,,,,,,kg,,,active
four-in-a-row-classic,,,,,,,,,,,,,,,,,,,,,,,,,,,,,,,https://cdn.shopify.com/s/files/1/0724/3038/7509/files/Printworks_Games_ClassicFourInARow_mood_3.jpg?v=1743595848,2,,,,,,,,,,,,,,,,,,,,,,,
four-in-a-row-classic,,,,,,,,,,,,,,,,,,,,,,,,,,,,,,,https://cdn.shopify.com/s/files/1/0724/3038/7509/files/Printworks_Games_ClassicFourInARow_mood_1.jpg?v=1743595849,3,,,,,,,,,,,,,,,,,,,,,,,
four-in-a-row-classic,,,,,,,,,,,,,,,,,,,,,,,,,,,,,,,https://cdn.shopify.com/s/files/1/0724/3038/7509/files/Printworks_Games_ClassicFourInARow_mood_2.jpg?v=1743595849,4,,,,,,,,,,,,,,,,,,,,,,,
four-in-a-row-classic,,,,,,,,,,,,,,,,,,,,,,,,,,,,,,,https://cdn.shopify.com/s/files/1/0724/3038/7509/files/Printworks_classic-games_four-in-a-row_527bd003-999b-4eb1-ae83-f1b0520675a5.jpg?v=1764080233,5,,,,,,,,,,,,,,,,,,,,,,,
four-in-a-row-classic,,,,,,,,,,,,,,,,,,,,,,,,,,,,,,,https://cdn.shopify.com/s/files/1/0724/3038/7509/files/Printworks_classic-games_four-in-a-row_3_2c7f8508-b64a-4584-97db-4360880747ab.jpg?v=1764080233,6,,,,,,,,,,,,,,,,,,,,,,,
weekly-planner-the-perfect-plan-violet,"The Perfect Plan, Violet","<p class=""p1"">Plan your days with ease using the Weekly Planner - The Perfect Plan. This stylish planner features a sleek violet cloth cover and a functional layout that helps you manage tasks, appointments, and personal goals efficiently. These undated planners offer the flexibility to start anytime—add your dates and weeks at the top, while the year and month are highlighted at the bottom.</p>",Printworks,Planner,Planner,"small-bag, YGroup_Planner_New",true,Title,Default Title,,,,,,,,PW00712,300,shopify,deny,manual,25,,true,true,,,,,,https://cdn.shopify.com/s/files/1/0724/3038/7509/files/Printworks_planner_purple_1_64e45248-390a-4de6-b54e-bbabf5ac420e.jpg?v=1743595777,1,,false,,,,"Vendor: Printworks
Type: Planner
Weight: 300g",,,,,,,,,,,,,,kg,,,active
weekly-planner-the-perfect-plan-violet,,,,,,,,,,,,,,,,,,,,,,,,,,,,,,,https://cdn.shopify.com/s/files/1/0724/3038/7509/files/Printworks_planner_purple_2.jpg?v=1743595777,2,,,,,,,,,,,,,,,,,,,,,,,
weekly-planner-the-perfect-plan-violet,,,,,,,,,,,,,,,,,,,,,,,,,,,,,,,https://cdn.shopify.com/s/files/1/0724/3038/7509/files/Printworks_planner_purple_mood_1.jpg?v=1743595777,3,,,,,,,,,,,,,,,,,,,,,,,
weekly-planner-the-perfect-plan-violet,,,,,,,,,,,,,,,,,,,,,,,,,,,,,,,https://cdn.shopify.com/s/files/1/0724/3038/7509/files/Printworks_planner_purple_3.jpg?v=1743595777,4,,,,,,,,,,,,,,,,,,,,,,,
the-perfect-plan-blue,"The Perfect Plan, Blue","<p class=""p1"">Plan your days with ease using the Weekly Planner - The Perfect Plan. This stylish planner features a sleek blue cloth cover and a functional layout that helps you manage tasks, appointments, and personal goals efficiently. These undated planners offer the flexibility to start anytime—add your dates and weeks at the top, while the year and month are highlighted at the bottom.</p>",Printworks,Planner,Planner,"small-bag, YGroup_Planner_New",true,Title,Default Title,,,,,,,,PW00711,300,shopify,deny,manual,25,,true,true,,,,,,https://cdn.shopify.com/s/files/1/0724/3038/7509/files/Printworks_planner_blue_1_d1a49847-20d2-4a7d-9c54-081e31d94193.jpg?v=1743595779,1,,false,,,,"Vendor: Printworks
Type: Planner
Weight: 300g",,,,,,,,,,,,,,kg,,,active
the-perfect-plan-blue,,,,,,,,,,,,,,,,,,,,,,,,,,,,,,,https://cdn.shopify.com/s/files/1/0724/3038/7509/files/Printworks_planner_blue_2_38d4fdc8-32e9-47bf-bce0-62773544c6eb.jpg?v=1743595779,2,,,,,,,,,,,,,,,,,,,,,,,
the-perfect-plan-blue,,,,,,,,,,,,,,,,,,,,,,,,,,,,,,,https://cdn.shopify.com/s/files/1/0724/3038/7509/files/Printworks_planner_blue_mood_1.jpg?v=1743595779,3,,,,,,,,,,,,,,,,,,,,,,,
the-perfect-plan-blue,,,,,,,,,,,,,,,,,,,,,,,,,,,,,,,https://cdn.shopify.com/s/files/1/0724/3038/7509/files/Printworks_planner_blue_3.jpg?v=1743595780,4,,,,,,,,,,,,,,,,,,,,,,,
weekly-planner-the-perfect-plan-beige,"The Perfect Plan, Beige","<p class=""p1"">Plan your days with ease using the Weekly Planner - The Perfect Plan. This stylish planner features a sleek beige cloth cover and a functional layout that helps you manage tasks, appointments, and personal goals efficiently. These undated planners offer the flexibility to start anytime—add your dates and weeks at the top, while the year and month are highlighted at the bottom.</p>",Printworks,Planner,Planner,"small-bag, YGroup_Planner_New",true,Title,Default Title,,,,,,,,PW00710,300,shopify,deny,manual,25,,true,true,,,,,,https://cdn.shopify.com/s/files/1/0724/3038/7509/files/Printworks_planner_beige_1_1f8b951b-2d01-4d06-a5e3-d89a659040cb.jpg?v=1743595782,1,,false,,,,"Vendor: Printworks
Type: Planner
Weight: 300g",,,,,,,,,,,,,,kg,,,active
weekly-planner-the-perfect-plan-beige,,,,,,,,,,,,,,,,,,,,,,,,,,,,,,,https://cdn.shopify.com/s/files/1/0724/3038/7509/files/Printworks_planner_beige_2.jpg?v=1743595782,2,,,,,,,,,,,,,,,,,,,,,,,
weekly-planner-the-perfect-plan-beige,,,,,,,,,,,,,,,,,,,,,,,,,,,,,,,https://cdn.shopify.com/s/files/1/0724/3038/7509/files/Printworks_planner_beige_mood_1.jpg?v=1743595782,3,,,,,,,,,,,,,,,,,,,,,,,
weekly-planner-the-perfect-plan-beige,,,,,,,,,,,,,,,,,,,,,,,,,,,,,,,https://cdn.shopify.com/s/files/1/0724/3038/7509/files/Printworks_planner_beige_3.jpg?v=1743595782,4,,,,,,,,,,,,,,,,,,,,,,,
notebook-just-a-note-violet,"Just a Note, Violet","<p class=""p1"">Elevate your organization with the Notebook - Just a Note. Featuring a chic violet cloth cover, this notebook combines style with functionality. The high-quality paper ensures your notes are beautifully preserved, making it the perfect companion for all your thoughts and ideas.</p>",Printworks,Notebook,Notebook,"small-bag, YGroup_Notebook_New",true,Title,Default Title,,,,,,,,PW00715,300,shopify,deny,manual,25,,true,true,,,,,,https://cdn.shopify.com/s/files/1/0724/3038/7509/files/Printworks_notebook_purple_1_a89343b5-558f-4522-a57d-bf61ed9479d3.jpg?v=1743595784,1,,false,,,,"Vendor: Printworks
Type: Notebook
Weight: 300g",,,,,,,,,,,,,,kg,,,active
notebook-just-a-note-violet,,,,,,,,,,,,,,,,,,,,,,,,,,,,,,,https://cdn.shopify.com/s/files/1/0724/3038/7509/files/Printworks_notebook_purple_2.jpg?v=1743595784,2,,,,,,,,,,,,,,,,,,,,,,,
notebook-just-a-note-violet,,,,,,,,,,,,,,,,,,,,,,,,,,,,,,,https://cdn.shopify.com/s/files/1/0724/3038/7509/files/Printworks_notebook_purple_mood_1.jpg?v=1743595784,3,,,,,,,,,,,,,,,,,,,,,,,
notebook-just-a-note-violet,,,,,,,,,,,,,,,,,,,,,,,,,,,,,,,https://cdn.shopify.com/s/files/1/0724/3038/7509/files/Printworks_notebook_purple_3.jpg?v=1743595784,4,,,,,,,,,,,,,,,,,,,,,,,
notebook-just-a-note-blue,"Just a Note, Blue","<p class=""p1"">Elevate your organization with the Notebook - Just a Note. Featuring a chic blue cloth cover, this notebook combines style with functionality. The high-quality paper ensures your notes are beautifully preserved, making it the perfect companion for all your thoughts and ideas.</p>",Printworks,Notebook,Notebook,"small-bag, YGroup_Notebook_New",true,Title,Default Title,,,,,,,,PW00714,300,shopify,deny,manual,25,,true,true,,,,,,https://cdn.shopify.com/s/files/1/0724/3038/7509/files/Printworks_notebook_blue_1_62ecac30-831c-4d3f-bcc0-36bff8aa5dac.jpg?v=1743595786,1,,false,,,,"Vendor: Printworks
Type: Notebook
Weight: 300g",,,,,,,,,,,,,,kg,,,active
notebook-just-a-note-blue,,,,,,,,,,,,,,,,,,,,,,,,,,,,,,,https://cdn.shopify.com/s/files/1/0724/3038/7509/files/Printworks_notebook_blue_2.jpg?v=1743595786,2,,,,,,,,,,,,,,,,,,,,,,,
notebook-just-a-note-blue,,,,,,,,,,,,,,,,,,,,,,,,,,,,,,,https://cdn.shopify.com/s/files/1/0724/3038/7509/files/Printworks_notebook_blue_mood_1.jpg?v=1743595787,3,,,,,,,,,,,,,,,,,,,,,,,
notebook-just-a-note-blue,,,,,,,,,,,,,,,,,,,,,,,,,,,,,,,https://cdn.shopify.com/s/files/1/0724/3038/7509/files/Printworks_notebook_blue_3.jpg?v=1743595787,4,,,,,,,,,,,,,,,,,,,,,,,
notebook-just-a-note-beige,"Just a Note, Beige","<p><meta charset=""utf-8"">Elevate your organization with the Notebook - Just a Note. Featuring a chic beige cloth cover, this notebook combines style with functionality. The high-quality paper ensures your notes are beautifully preserved, making it the perfect companion for all your thoughts and ideas.</p>",Printworks,Notebook,Notebook,"small-bag, YGroup_Notebook_New",true,Title,Default Title,,,,,,,,PW00713,300,shopify,deny,manual,25,,true,true,,,,,,https://cdn.shopify.com/s/files/1/0724/3038/7509/files/Printworks_notebook_beige_1_896d46ec-eff0-43bc-91df-b2c8d01a7247.jpg?v=1743595789,1,,false,,,,"Vendor: Printworks
Type: Notebook
Weight: 300g",,,,,,,,,,,,,,kg,,,active
notebook-just-a-note-beige,,,,,,,,,,,,,,,,,,,,,,,,,,,,,,,https://cdn.shopify.com/s/files/1/0724/3038/7509/files/Printworks_notebook_beige_2.jpg?v=1743595789,2,,,,,,,,,,,,,,,,,,,,,,,
notebook-just-a-note-beige,,,,,,,,,,,,,,,,,,,,,,,,,,,,,,,https://cdn.shopify.com/s/files/1/0724/3038/7509/files/Printworks_notebook_beige_mood_1.jpg?v=1743595789,3,,,,,,,,,,,,,,,,,,,,,,,
notebook-just-a-note-beige,,,,,,,,,,,,,,,,,,,,,,,,,,,,,,,https://cdn.shopify.com/s/files/1/0724/3038/7509/files/Printworks_notebook_beige_3.jpg?v=1743595789,4,,,,,,,,,,,,,,,,,,,,,,,
chinese-checkers-classic,"Chinese Checkers, Classic","<p><meta charset=""utf-8""><span data-mce-fragment=""1"">Discover your new favorite Chinese Checkers set – where aesthetics meet entertainment. This set features a 26x23 cm wooden board and lacquered wooden pieces. It also includes easy-to-read English, French, and German instructions and is suitable for up to 6 players, ages 4 and above. </span></p>
<p><meta charset=""utf-8""><span>This game is a part of our exclusive game collection, ""Classic"", featuring high-quality products with beautiful palettes and typography. Enjoy hours of gameplay while also elevating your home wherever you place it. Whether you play or display it, it's a guaranteed win.</span></p>",Printworks,Board Game,Board Game,"medium-bag, YGroup_ChinesecheckersClassic",true,Title,Default Title,,,,,,,,PW00685,770,shopify,deny,manual,55,,true,true,,,,,,https://cdn.shopify.com/s/files/1/0724/3038/7509/files/Printworks_classic-games_chinese-checkers_4f70923d-92e3-42bd-b00a-ec89eb866756.jpg?v=1764080111,1,,false,,,,"Vendor: Printworks
Type: Board Game
Weight: 770g",,,,,,,,,,,,,,kg,,,active
chinese-checkers-classic,,,,,,,,,,,,,,,,,,,,,,,,,,,,,,,https://cdn.shopify.com/s/files/1/0724/3038/7509/files/Printworks_Games_ClassicChineseCheckers_mood_1.jpg?v=1764080111,2,,,,,,,,,,,,,,,,,,,,,,,
chinese-checkers-classic,,,,,,,,,,,,,,,,,,,,,,,,,,,,,,,https://cdn.shopify.com/s/files/1/0724/3038/7509/files/Printworks_Games_ClassicChineseCheckers_mood_2.jpg?v=1764080111,3,,,,,,,,,,,,,,,,,,,,,,,
chinese-checkers-classic,,,,,,,,,,,,,,,,,,,,,,,,,,,,,,,https://cdn.shopify.com/s/files/1/0724/3038/7509/files/Printworks_classic-games_chinese-checkers_2_719f9809-5631-4a91-acfe-97f228589f58.jpg?v=1764080111,4,,,,,,,,,,,,,,,,,,,,,,,
chinese-checkers-classic,,,,,,,,,,,,,,,,,,,,,,,,,,,,,,,https://cdn.shopify.com/s/files/1/0724/3038/7509/files/Printworks_classic-games_chinese-checkers_3_92f9bd36-2769-451b-b8de-284f1c0d7aee.jpg?v=1764080111,5,,,,,,,,,,,,,,,,,,,,,,,
lacquered-chess-poseidon,"Lacquered Chess, Poseidon","<p>Discover our stunning Lacquered Chess Set - Poseidon, a masterpiece of design and elegance. Featuring a large board made of solid wood and complemented by beautiful wooden pieces, it offers the perfect blend of classic expression and modern design. Whether you choose to play or display, it's a guaranteed win.</p>
<!---->",Printworks,Board Game,Board Game,"large-bag, YGroup_LacqueredChess",true,Title,Default Title,,,,,,,,PW00673,2000,shopify,deny,manual,165,,true,true,,,,,,https://cdn.shopify.com/s/files/1/0724/3038/7509/files/Printworks_wood-chess_poseidon_2_b2e4ae6d-fe01-4ac4-9488-23e00677520f.jpg?v=1764773447,1,,false,,,,"Vendor: Printworks
Type: Board Game
Weight: 2000g",,,,,,,,,,,,,,kg,,,active
lacquered-chess-poseidon,,,,,,,,,,,,,,,,,,,,,,,,,,,,,,,https://cdn.shopify.com/s/files/1/0724/3038/7509/files/Printworks_Games_LacqueredChessPoseidon_mood_2.jpg?v=1764773447,2,,,,,,,,,,,,,,,,,,,,,,,
lacquered-chess-poseidon,,,,,,,,,,,,,,,,,,,,,,,,,,,,,,,https://cdn.shopify.com/s/files/1/0724/3038/7509/files/Printworks_Games_LacqueredChessPoseidon_mood_6.jpg?v=1764773447,3,,,,,,,,,,,,,,,,,,,,,,,
lacquered-chess-poseidon,,,,,,,,,,,,,,,,,,,,,,,,,,,,,,,https://cdn.shopify.com/s/files/1/0724/3038/7509/files/Printworks_Games_LacqueredChessPoseidon_mood_3.jpg?v=1764773447,4,,,,,,,,,,,,,,,,,,,,,,,
lacquered-chess-poseidon,,,,,,,,,,,,,,,,,,,,,,,,,,,,,,,https://cdn.shopify.com/s/files/1/0724/3038/7509/files/Printworks_wood-chess_poseidon.jpg?v=1764773447,5,,,,,,,,,,,,,,,,,,,,,,,
lacquered-chess-poseidon,,,,,,,,,,,,,,,,,,,,,,,,,,,,,,,https://cdn.shopify.com/s/files/1/0724/3038/7509/files/Printworks_Games_LacqueredChessPoseidon_mood_5.jpg?v=1764773447,6,,,,,,,,,,,,,,,,,,,,,,,
lacquered-chess-poseidon,,,,,,,,,,,,,,,,,,,,,,,,,,,,,,,https://cdn.shopify.com/s/files/1/0724/3038/7509/files/Printworks_Games_LacqueredChessPoseidon_mood_4.jpg?v=1764773447,7,,,,,,,,,,,,,,,,,,,,,,,
lacquered-chess-poseidon,,,,,,,,,,,,,,,,,,,,,,,,,,,,,,,https://cdn.shopify.com/s/files/1/0724/3038/7509/files/Printworks_wood-chess_poseidon_4.jpg?v=1764773447,8,,,,,,,,,,,,,,,,,,,,,,,
lacquered-chess-poseidon,,,,,,,,,,,,,,,,,,,,,,,,,,,,,,,https://cdn.shopify.com/s/files/1/0724/3038/7509/files/Printworks_wood-chess_poseidon_3_b88374c2-732d-463c-bd59-b9bf8361ece4.jpg?v=1764773447,9,,,,,,,,,,,,,,,,,,,,,,,
lacquered-chess-poseidon,,,,,,,,,,,,,,,,,,,,,,,,,,,,,,,https://cdn.shopify.com/s/files/1/0724/3038/7509/files/Printworks_wood-chess_poseidon_5.jpg?v=1764773447,10,,,,,,,,,,,,,,,,,,,,,,,
lacquered-chess-athena,"Lacquered Chess, Athena","<p>Discover our stunning Lacquered Chess Set - Athena, a masterpiece of design and elegance. Featuring a large board made of solid wood and complemented by beautiful wooden pieces, it offers the perfect blend of classic expression and modern design. Whether you choose to play or display, it's a guaranteed win. </p>
<!---->",Printworks,Board Game,Board Game,"large-bag, YGroup_LacqueredChess",true,Title,Default Title,,,,,,,,PW00691,2000,shopify,deny,manual,165,,true,true,,,,,,https://cdn.shopify.com/s/files/1/0724/3038/7509/files/Printworks_wood-chess_athena_2_cffebb73-c423-483f-9366-8a6898148e24.jpg?v=1764773398,1,,false,,,,"Vendor: Printworks
Type: Board Game
Weight: 2000g",,,,,,,,,,,,,,kg,,,active
lacquered-chess-athena,,,,,,,,,,,,,,,,,,,,,,,,,,,,,,,https://cdn.shopify.com/s/files/1/0724/3038/7509/files/Printworks_Games_LacqueredChessAthena_mood_2.jpg?v=1764773398,2,,,,,,,,,,,,,,,,,,,,,,,
lacquered-chess-athena,,,,,,,,,,,,,,,,,,,,,,,,,,,,,,,https://cdn.shopify.com/s/files/1/0724/3038/7509/files/Printworks_wood-chess_athena.jpg?v=1764773398,3,,,,,,,,,,,,,,,,,,,,,,,
lacquered-chess-athena,,,,,,,,,,,,,,,,,,,,,,,,,,,,,,,https://cdn.shopify.com/s/files/1/0724/3038/7509/files/Printworks_Games_LacqueredChessAthena_mood_1.jpg?v=1764773398,4,,,,,,,,,,,,,,,,,,,,,,,
lacquered-chess-athena,,,,,,,,,,,,,,,,,,,,,,,,,,,,,,,https://cdn.shopify.com/s/files/1/0724/3038/7509/files/Printworks_Games_LacqueredChessAthena_mood_3.jpg?v=1764773398,5,,,,,,,,,,,,,,,,,,,,,,,
lacquered-chess-athena,,,,,,,,,,,,,,,,,,,,,,,,,,,,,,,https://cdn.shopify.com/s/files/1/0724/3038/7509/files/Printworks_Games_LacqueredChessAthena_mood_5.jpg?v=1764773398,6,,,,,,,,,,,,,,,,,,,,,,,
lacquered-chess-athena,,,,,,,,,,,,,,,,,,,,,,,,,,,,,,,https://cdn.shopify.com/s/files/1/0724/3038/7509/files/Printworks_Games_LacqueredChessAthena_mood_4.jpg?v=1764773398,7,,,,,,,,,,,,,,,,,,,,,,,
lacquered-chess-athena,,,,,,,,,,,,,,,,,,,,,,,,,,,,,,,https://cdn.shopify.com/s/files/1/0724/3038/7509/files/Printworks_wood-chess_athena_4.jpg?v=1764773398,8,,,,,,,,,,,,,,,,,,,,,,,
lacquered-chess-athena,,,,,,,,,,,,,,,,,,,,,,,,,,,,,,,https://cdn.shopify.com/s/files/1/0724/3038/7509/files/Printworks_wood-chess_athena_3_f1a38eda-2351-47b2-ad0b-f647392f1806.jpg?v=1764773398,9,,,,,,,,,,,,,,,,,,,,,,,
lacquered-chess-athena,,,,,,,,,,,,,,,,,,,,,,,,,,,,,,,https://cdn.shopify.com/s/files/1/0724/3038/7509/files/Printworks_wood-chess_athena_5.jpg?v=1764773398,10,,,,,,,,,,,,,,,,,,,,,,,
backgammon-classic,"Backgammon, Classic","<p><meta charset=""utf-8""><span data-mce-fragment=""1"">Our ""Classic - Backgammon"" opens like a book and features a sleek, thin layer of acrylic embellished with intricate patterns, inviting you to enjoy hours of strategic play. It also comes with easy-to-read instructions in English, French, and German. Suitable for two players and recommended for ages 5 and above. </span></p>
<p><span data-mce-fragment=""1"">Immerse yourself in the world of classic board games with our exquisite Backgammon, perfectly designed to complement our concept of ""Coffee Table Games."" This Backgammon combines timeless appeal with contemporary elegance, making it a beautiful addition to your home. Whether you play or display it, it's a guaranteed win. </span><meta charset=""utf-8""><span data-mce-fragment=""1""></span></p>",Printworks,Board Game,Board Game,"medium-bag, YGroup_BackgammonClassic",true,Title,Default Title,,,,,,,,PW00682,967,shopify,deny,manual,65,,true,true,,,,,,https://cdn.shopify.com/s/files/1/0724/3038/7509/files/Printworks_classic-games_backgammon_47f6e36c-b7aa-4aea-92d0-a85695a769f9.jpg?v=1764079691,1,,false,,,,"Vendor: Printworks
Type: Board Game
Weight: 967g",,,,,,,,,,,,,,kg,,,active
backgammon-classic,,,,,,,,,,,,,,,,,,,,,,,,,,,,,,,https://cdn.shopify.com/s/files/1/0724/3038/7509/files/Printworks_classic-games_backgammon_2.jpg?v=1764079691,2,,,,,,,,,,,,,,,,,,,,,,,
backgammon-classic,,,,,,,,,,,,,,,,,,,,,,,,,,,,,,,https://cdn.shopify.com/s/files/1/0724/3038/7509/files/Printworks_Games_ClassicBackgammon_mood_1.jpg?v=1764079691,3,,,,,,,,,,,,,,,,,,,,,,,
backgammon-classic,,,,,,,,,,,,,,,,,,,,,,,,,,,,,,,https://cdn.shopify.com/s/files/1/0724/3038/7509/files/Printworks_Games_ClassicBackgammon_mood_2.jpg?v=1764079691,4,,,,,,,,,,,,,,,,,,,,,,,
backgammon-classic,,,,,,,,,,,,,,,,,,,,,,,,,,,,,,,https://cdn.shopify.com/s/files/1/0724/3038/7509/files/Printworks_classic-games_backgammon_3.jpg?v=1764079691,5,,,,,,,,,,,,,,,,,,,,,,,
backgammon-classic,,,,,,,,,,,,,,,,,,,,,,,,,,,,,,,https://cdn.shopify.com/s/files/1/0724/3038/7509/files/Printworks_classic-games_backgammon_4.jpg?v=1764079691,6,,,,,,,,,,,,,,,,,,,,,,,
chess-classic,"Chess, Classic","<p><meta charset=""utf-8""><span data-mce-fragment=""1"">Our bestselling ""Classic Chess"" symbolizes timeless strategic gameplay and refined elegance. Crafted with attention to detail, this Chess set features wooden game pieces and a chess board made of MDF with a mounted acrylic top measuring 25x25 cm. It also includes easy-to-read instructions in English, French, and German. Suitable for two players and recommended for ages 5 and above. </span></p>
<p><span data-mce-fragment=""1"">Immerse yourself in the world of classic board games with our exquisite Chess, perfectly designed to complement our concept of ""Coffee Table Games,"" elevating your home wherever you place it. Whether you play or display it, it's a guaranteed win.</span></p>",Printworks,Board Game,Board Game,"medium-bag, YGroup_ChessClassic",true,Title,Default Title,,,,,,,,PW00684,985,shopify,deny,manual,65,,true,true,,,,,,https://cdn.shopify.com/s/files/1/0724/3038/7509/files/Printworks_classic-games_chess_2_3cf3bc2b-e5dc-4bca-9d6e-63eb9ed07b76.jpg?v=1764079806,1,,false,,,,"Vendor: Printworks
Type: Board Game
Weight: 985g",,,,,,,,,,,,,,kg,,,active
chess-classic,,,,,,,,,,,,,,,,,,,,,,,,,,,,,,,https://cdn.shopify.com/s/files/1/0724/3038/7509/files/Printworks_Games_ClassicChess_mood_4.jpg?v=1764079806,2,,,,,,,,,,,,,,,,,,,,,,,
chess-classic,,,,,,,,,,,,,,,,,,,,,,,,,,,,,,,https://cdn.shopify.com/s/files/1/0724/3038/7509/files/Printworks_Games_ClassicChess_mood_1.jpg?v=1764079806,3,,,,,,,,,,,,,,,,,,,,,,,
chess-classic,,,,,,,,,,,,,,,,,,,,,,,,,,,,,,,https://cdn.shopify.com/s/files/1/0724/3038/7509/files/Printworks_Games_ClassicChess_mood_3.jpg?v=1771320928,4,,,,,,,,,,,,,,,,,,,,,,,
chess-classic,,,,,,,,,,,,,,,,,,,,,,,,,,,,,,,https://cdn.shopify.com/s/files/1/0724/3038/7509/files/Printworks_Games_ClassicChess_mood_5.jpg?v=1771320928,5,,,,,,,,,,,,,,,,,,,,,,,
chess-classic,,,,,,,,,,,,,,,,,,,,,,,,,,,,,,,https://cdn.shopify.com/s/files/1/0724/3038/7509/files/Printworks_classic-games_chess_e46f3a67-90e6-4b1a-acba-56a2e3164b04.jpg?v=1771320928,6,,,,,,,,,,,,,,,,,,,,,,,
chess-classic,,,,,,,,,,,,,,,,,,,,,,,,,,,,,,,https://cdn.shopify.com/s/files/1/0724/3038/7509/files/Printworks_classic-games_chess_3_5f8c0721-8c9f-4e7f-8c41-67d5358beb6c.jpg?v=1771320928,7,,,,,,,,,,,,,,,,,,,,,,,
chess-classic,,,,,,,,,,,,,,,,,,,,,,,,,,,,,,,https://cdn.shopify.com/s/files/1/0724/3038/7509/files/Printworks_classic-games_chess_4.jpg?v=1771320928,8,,,,,,,,,,,,,,,,,,,,,,,
art-lover-part-and-whole,"Art Lover, Part and Whole, 1000 pieces","<p>Discover the Art Lover Puzzle series – meticulously curated puzzles featuring contemporary artists. Each puzzle unveils remarkable talent, inviting you to explore captivating universes and boundless creativity.</p>
<p>In this puzzle, you'll become part of Andrew Watch's vibrant world. Based in Toronto, Ontario, Canada, Andrew's art captures nostalgic moments and playful landscapes, inspiring imagination. Complete the puzzle, frame the extraordinary artwork, and transform your home. Start your artistic journey today.</p>
<!---->",Printworks,Puzzle,Puzzle,"medium-bag, YGroup_ArtLover",true,Title,Default Title,,,,,,,,PW00695,1200,shopify,deny,manual,35,,true,true,,,,,,https://cdn.shopify.com/s/files/1/0724/3038/7509/files/Printworks_art-lover-puzzles_part-and-whole.jpg?v=1743595793,1,,false,,,,"Vendor: Printworks
Type: Puzzle
Weight: 1200g",,,,,,,,,,,,,,kg,,,active
art-lover-part-and-whole,,,,,,,,,,,,,,,,,,,,,,,,,,,,,,,https://cdn.shopify.com/s/files/1/0724/3038/7509/files/Printworks_art-lover-puzzles_part-and-whole_2_fc9bfb5a-7963-4241-90ea-afedffebdb01.jpg?v=1764077139,2,,,,,,,,,,,,,,,,,,,,,,,
art-lover-part-and-whole,,,,,,,,,,,,,,,,,,,,,,,,,,,,,,,https://cdn.shopify.com/s/files/1/0724/3038/7509/files/Printworks_Puzzle_ArtloverPartWhole_mood_1.jpg?v=1764077139,3,,,,,,,,,,,,,,,,,,,,,,,
art-lover-part-and-whole,,,,,,,,,,,,,,,,,,,,,,,,,,,,,,,https://cdn.shopify.com/s/files/1/0724/3038/7509/files/Printworks_Puzzle_ArtloverPartWhole_mood_2.jpg?v=1764077139,4,,,,,,,,,,,,,,,,,,,,,,,
art-lover-part-and-whole,,,,,,,,,,,,,,,,,,,,,,,,,,,,,,,https://cdn.shopify.com/s/files/1/0724/3038/7509/files/Printworks_art-lover-puzzles_part-and-whole_3.jpg?v=1764077139,5,,,,,,,,,,,,,,,,,,,,,,,
art-lover-morning-fields,"Art Lover, Morning Fields, 1000 pieces","<p>Discover the Art Lover Puzzle series – meticulously curated puzzles featuring contemporary artists. Each puzzle unveils remarkable talent, inviting you to explore captivating universes and boundless creativity.</p>
<p>In this puzzle, immerse yourself in Marina Ester Castaldo's vibrant world. Inspired by Naples, Italy, Marina's art captures folklore, hospitality, and vivid emotions with abstract shapes and vibrant colors. Join her creative journey as you piece together this puzzle, frame the masterpiece, and add Italian charm to your home. Start your adventure today.</p>
<!---->",Printworks,Puzzle,Puzzle,"medium-bag, YGroup_ArtLover",true,Title,Default Title,,,,,,,,PW00693,1200,shopify,deny,manual,35,,true,true,,,,,,https://cdn.shopify.com/s/files/1/0724/3038/7509/files/Printworks_art-lover-puzzles_morning-fields_e76771b0-ee70-4445-89f0-15c03f371bb7.jpg?v=1764077093,1,,false,,,,"Vendor: Printworks
Type: Puzzle
Weight: 1200g",,,,,,,,,,,,,,kg,,,active
art-lover-morning-fields,,,,,,,,,,,,,,,,,,,,,,,,,,,,,,,https://cdn.shopify.com/s/files/1/0724/3038/7509/files/Printworks_art-lover-puzzles_morning-fields_2_ba67fd7a-e3f4-42de-a5d4-22580e9097ad.jpg?v=1764077093,2,,,,,,,,,,,,,,,,,,,,,,,
art-lover-morning-fields,,,,,,,,,,,,,,,,,,,,,,,,,,,,,,,https://cdn.shopify.com/s/files/1/0724/3038/7509/files/Printworks_Puzzle_ArtloverMorningFields_mood_2.jpg?v=1764077093,3,,,,,,,,,,,,,,,,,,,,,,,
art-lover-morning-fields,,,,,,,,,,,,,,,,,,,,,,,,,,,,,,,https://cdn.shopify.com/s/files/1/0724/3038/7509/files/Printworks_Puzzle_ArtloverMorningFields_mood_1.jpg?v=1764077093,4,,,,,,,,,,,,,,,,,,,,,,,
art-lover-morning-fields,,,,,,,,,,,,,,,,,,,,,,,,,,,,,,,https://cdn.shopify.com/s/files/1/0724/3038/7509/files/Printworks_art-lover-puzzles_morning-fields_3.jpg?v=1764077093,5,,,,,,,,,,,,,,,,,,,,,,,
poker-set-classic,"Poker Set, Classic","<p>Discover our Poker Set, where design meets excitement. <meta charset=""utf-8"">This set has everything you need for a high-stakes game night — from classic poker chips to professional-grade playing cards.</p>
<p>Step into the world of classic board games with our exclusive Classic Game Series. With a clean, minimalistic design translated into vivid colors, they will elevate your home decor wherever you place them. Whether played or displayed, they are guaranteed to win.</p>
<!---->",Printworks,Board Game,Board Game,large-bag,true,Title,Default Title,,,,,,,,PW00668,1600,shopify,deny,manual,79,,true,true,,,,,,https://cdn.shopify.com/s/files/1/0724/3038/7509/files/Printworks_classic-games_poker-set.jpg?v=1743595840,1,,false,,,,"Vendor: Printworks
Type: Board Game
Weight: 1600g",,,,,,,,,,,,,,kg,,,active
poker-set-classic,,,,,,,,,,,,,,,,,,,,,,,,,,,,,,,https://cdn.shopify.com/s/files/1/0724/3038/7509/files/Printworks_Games_ClassicPokerSet_mood_1.jpg?v=1743595840,2,,,,,,,,,,,,,,,,,,,,,,,
poker-set-classic,,,,,,,,,,,,,,,,,,,,,,,,,,,,,,,https://cdn.shopify.com/s/files/1/0724/3038/7509/files/Printworks_Games_ClassicPokerSet_mood_3.jpg?v=1743595840,3,,,,,,,,,,,,,,,,,,,,,,,
poker-set-classic,,,,,,,,,,,,,,,,,,,,,,,,,,,,,,,https://cdn.shopify.com/s/files/1/0724/3038/7509/files/Printworks_Games_ClassicPokerSet_mood_2.jpg?v=1743595840,4,,,,,,,,,,,,,,,,,,,,,,,
poker-set-classic,,,,,,,,,,,,,,,,,,,,,,,,,,,,,,,https://cdn.shopify.com/s/files/1/0724/3038/7509/files/Printworks_classic-games_poker-set_2_7de9df48-bd46-4aee-8847-3cf8e09cb782.jpg?v=1764080773,5,,,,,,,,,,,,,,,,,,,,,,,
yatzy-classic-red,"Yatzy, Classic Red","<p><meta charset=""utf-8""><span data-mce-fragment=""1"">Discover a modern twist to your beloved game, Yatzy, where aesthetics meet entertainment. Our Yatzy Classic includes five black dice, two black pencils, and a 50-page scorecard. It has easy-to-read English, French, and German instructions and is suitable for up to 6 players, ages 4+. </span></p>
<p><span data-mce-fragment=""1"">This game is a part of our exclusive collection, ""Classic"", featuring high-quality products with beautiful palettes and typography. Enjoy hours of gameplay while also elevating your home wherever you place it. Whether you play or display it, it's a guaranteed win.</span></p>",Printworks,Game,Game,"small-bag, YGroup_Yatzy",true,Title,Default Title,,,,,,,,PW00690,250,shopify,deny,manual,25,,true,true,,,,,,https://cdn.shopify.com/s/files/1/0724/3038/7509/files/Printworks_classic-games_yatzy-red_4.jpg?v=1767963384,1,,false,,,,"Vendor: Printworks
Type: Game
Weight: 250g",,,,,,,,,,,,,,kg,,,active
yatzy-classic-red,,,,,,,,,,,,,,,,,,,,,,,,,,,,,,,https://cdn.shopify.com/s/files/1/0724/3038/7509/files/NEW_Printworks_Games_ClassicYatzy_mood_3.jpg?v=1767963384,2,,,,,,,,,,,,,,,,,,,,,,,
yatzy-classic-red,,,,,,,,,,,,,,,,,,,,,,,,,,,,,,,https://cdn.shopify.com/s/files/1/0724/3038/7509/files/NEW_Printworks_Games_ClassicYatzy_mood_1.jpg?v=1767963384,3,,,,,,,,,,,,,,,,,,,,,,,
yatzy-classic-red,,,,,,,,,,,,,,,,,,,,,,,,,,,,,,,https://cdn.shopify.com/s/files/1/0724/3038/7509/files/Printworks_classic-games_yatzy-red_db3e85d9-53f2-433b-b99f-51a654990472.jpg?v=1767963384,4,,,,,,,,,,,,,,,,,,,,,,,
yatzy-classic-red,,,,,,,,,,,,,,,,,,,,,,,,,,,,,,,https://cdn.shopify.com/s/files/1/0724/3038/7509/files/Printworks_classic-games_yatzy-red_3.jpg?v=1767963384,5,,,,,,,,,,,,,,,,,,,,,,,
tic-tac-toe-classic-new,"Tic Tac Toe, Classic Beige","<p><meta charset=""utf-8""><span data-mce-fragment=""1"">Introducing a modern</span><span data-mce-fragment=""1""> </span><span data-mce-fragment=""1"">twist to your beloved childhood game, Tic Tac Toe, where aesthetics blend with entertainment. Crafted from MDF wood with a fine layer of mounted acrylic on top, the game exudes elegance. The board measures 19x19 cm and includes lacquered wooden pieces. It also has easy-to-read instructions in English, French, and German. Suitable for two players, ages 5+. </span></p>
<p><span data-mce-fragment=""1"">Immerse yourself in the world of classic board games with our exquisite Tic Tac Toe, perfectly designed to complement our concept of ""Coffee Table Games,"" elevating your home wherever you place it. Whether you play or display it, it's a guaranteed win.</span></p>",Printworks,Board Game,Board Game,"medium-bag, YGroup_Tictactoe",true,Title,Default Title,,,,,,,,PW00689,740,shopify,deny,manual,55,,true,true,,,,,,https://cdn.shopify.com/s/files/1/0724/3038/7509/files/Printworks_classic-games_tic-tac-toe-beige_b1694e68-dbad-4186-aa27-a823ab52f503.jpg?v=1764081278,1,,false,,,,"Vendor: Printworks
Type: Board Game
Weight: 740g",,,,,,,,,,,,,,kg,,,active
tic-tac-toe-classic-new,,,,,,,,,,,,,,,,,,,,,,,,,,,,,,,https://cdn.shopify.com/s/files/1/0724/3038/7509/files/NEW_Printworks_Games_ClassicTicTacToe_mood_1.jpg?v=1764081278,2,,,,,,,,,,,,,,,,,,,,,,,
tic-tac-toe-classic-new,,,,,,,,,,,,,,,,,,,,,,,,,,,,,,,https://cdn.shopify.com/s/files/1/0724/3038/7509/files/NEW_Printworks_Games_ClassicTicTacToe_mood_2.jpg?v=1764081278,3,,,,,,,,,,,,,,,,,,,,,,,
tic-tac-toe-classic-new,,,,,,,,,,,,,,,,,,,,,,,,,,,,,,,https://cdn.shopify.com/s/files/1/0724/3038/7509/files/Printworks_classic-games_tic-tac-toe-beige_2_0d175cd3-0f13-4bbb-b456-ff30ecdcf2a1.jpg?v=1764081278,4,,,,,,,,,,,,,,,,,,,,,,,
tic-tac-toe-classic-new,,,,,,,,,,,,,,,,,,,,,,,,,,,,,,,https://cdn.shopify.com/s/files/1/0724/3038/7509/files/Printworks_classic-games_tic-tac-toe-beige_3.jpg?v=1764081278,5,,,,,,,,,,,,,,,,,,,,,,,
solitaire-classic,"Solitaire Patience, Classic","<p>Discover our Solitaire game set, a classic game of patience and skill, where the only competitor is yourself. The set includes a wooden board and marbles for gameplay. With easy-to-read English, French, and German instructions, it's suitable for players aged 5 and up.</p>
<p><meta charset=""utf-8"">Since Solitaire is a single-player game, it's perfect for solo entertainment, strategy, and concentration.</p>
<p>Step into the world of classic board games with our exclusive Classic Game Series. With a clean, minimalistic design translated into vivid colors, they will elevate your home decor wherever you place them. Whether played or displayed, they are guaranteed to win.</p>
<!---->",Printworks,Board Game,Board Game,medium-bag,true,Title,Default Title,,,,,,,,PW00669,900,shopify,deny,manual,65,,true,true,,,,,,https://cdn.shopify.com/s/files/1/0724/3038/7509/files/Printworks_classic-games_solitaire_5c77a7b1-3553-4f94-a9e9-73de96f784e1.jpg?v=1764080967,1,,false,,,,"Vendor: Printworks
Type: Board Game
Weight: 900g",,,,,,,,,,,,,,kg,,,active
solitaire-classic,,,,,,,,,,,,,,,,,,,,,,,,,,,,,,,https://cdn.shopify.com/s/files/1/0724/3038/7509/files/Printworks_Games_ClassicSolitaire_mood_2.jpg?v=1764080967,2,,,,,,,,,,,,,,,,,,,,,,,
solitaire-classic,,,,,,,,,,,,,,,,,,,,,,,,,,,,,,,https://cdn.shopify.com/s/files/1/0724/3038/7509/files/Printworks_Games_ClassicSolitaire_mood_3.jpg?v=1764080967,3,,,,,,,,,,,,,,,,,,,,,,,
solitaire-classic,,,,,,,,,,,,,,,,,,,,,,,,,,,,,,,https://cdn.shopify.com/s/files/1/0724/3038/7509/files/Printworks_Games_ClassicSolitaire_mood_1.jpg?v=1764080967,4,,,,,,,,,,,,,,,,,,,,,,,
solitaire-classic,,,,,,,,,,,,,,,,,,,,,,,,,,,,,,,https://cdn.shopify.com/s/files/1/0724/3038/7509/files/Printworks_classic-games_solitaire_2_369cf24f-2c22-4c88-8891-b4718a0e00ed.jpg?v=1764080967,5,,,,,,,,,,,,,,,,,,,,,,,
solitaire-classic,,,,,,,,,,,,,,,,,,,,,,,,,,,,,,,https://cdn.shopify.com/s/files/1/0724/3038/7509/files/Printworks_classic-games_solitaire_3.jpg?v=1764080967,6,,,,,,,,,,,,,,,,,,,,,,,
shut-the-box-classic,"Shut the Box, Classic","<p>Discover our Shut the Box game set, the perfect blend of strategy and fun. This set features a wooden board with numbered tiles and two dice. With easy-to-read instructions in English, French, and German, it's suitable for players aged 5 and up.</p>
<p>Step into the world of classic board games with our exclusive Classic Game Series. With a clean, minimalistic design translated into vivid colors, they will elevate your home decor wherever you place them. Whether played or displayed, they are guaranteed to win.</p>
<!---->",Printworks,Board Game,Board Game,small-bag,true,Title,Default Title,,,,,,,,PW00670,676,shopify,deny,manual,55,,true,true,,,,,,https://cdn.shopify.com/s/files/1/0724/3038/7509/files/Printworks_classic-games_shut-the-box.jpg?v=1743595836,1,,false,,,,"Vendor: Printworks
Type: Board Game
Weight: 676g",,,,,,,,,,,,,,kg,,,active
shut-the-box-classic,,,,,,,,,,,,,,,,,,,,,,,,,,,,,,,https://cdn.shopify.com/s/files/1/0724/3038/7509/files/Printworks_Games_ClassicShutTheBox_mood_1.jpg?v=1743595836,2,,,,,,,,,,,,,,,,,,,,,,,
shut-the-box-classic,,,,,,,,,,,,,,,,,,,,,,,,,,,,,,,https://cdn.shopify.com/s/files/1/0724/3038/7509/files/Printworks_Games_ClassicShutTheBox_mood_2.jpg?v=1743595836,3,,,,,,,,,,,,,,,,,,,,,,,
shut-the-box-classic,,,,,,,,,,,,,,,,,,,,,,,,,,,,,,,https://cdn.shopify.com/s/files/1/0724/3038/7509/files/Printworks_classic-games_shut-the-box_2_ac577ae1-5a4f-4db4-adb4-1acb8f455d08.jpg?v=1764080843,4,,,,,,,,,,,,,,,,,,,,,,,
shut-the-box-classic,,,,,,,,,,,,,,,,,,,,,,,,,,,,,,,https://cdn.shopify.com/s/files/1/0724/3038/7509/files/Printworks_classic-games_shut-the-box_3.jpg?v=1764080843,5,,,,,,,,,,,,,,,,,,,,,,,
nine-mens-morris-classic,"Nine Men's Morris, Classic","<p>Discover our reimagined Nine Men's Morris game, where design meets entertainment. This game set features a wooden board and nine playing pieces for each player. It also has easy-to-read instructions in English, French, and German. Suitable for two players, ages 5+.</p>
<p>Step into the world of classic board games with our exclusive Classic Game Series. With a clean, minimalistic design translated into vivid colors, they will elevate your home decor wherever you place them. Whether played or displayed, they are guaranteed to win.</p>
<!---->",Printworks,Board Game,Board Game,medium-bag,true,Title,Default Title,,,,,,,,PW00671,982,shopify,deny,manual,55,,true,true,,,,,,https://cdn.shopify.com/s/files/1/0724/3038/7509/files/Printworks_classic-games_nine-mens-morris_d8cc7ca6-bddf-42c6-8b32-829e9d61fe96.jpg?v=1764080596,1,,false,,,,"Vendor: Printworks
Type: Board Game
Weight: 982g",,,,,,,,,,,,,,kg,,,active
nine-mens-morris-classic,,,,,,,,,,,,,,,,,,,,,,,,,,,,,,,https://cdn.shopify.com/s/files/1/0724/3038/7509/files/Printworks_Games_ClassicNineMen_s_mood_1.jpg?v=1764080596,2,,,,,,,,,,,,,,,,,,,,,,,
nine-mens-morris-classic,,,,,,,,,,,,,,,,,,,,,,,,,,,,,,,https://cdn.shopify.com/s/files/1/0724/3038/7509/files/Printworks_classic-games_nine-mens-morris_2_171f1b6a-4b2e-4131-b869-61d134eda50f.jpg?v=1764080596,3,,,,,,,,,,,,,,,,,,,,,,,
nine-mens-morris-classic,,,,,,,,,,,,,,,,,,,,,,,,,,,,,,,https://cdn.shopify.com/s/files/1/0724/3038/7509/files/Printworks_Games_ClassicNineMen_s_mood_2.jpg?v=1764080596,4,,,,,,,,,,,,,,,,,,,,,,,
nine-mens-morris-classic,,,,,,,,,,,,,,,,,,,,,,,,,,,,,,,https://cdn.shopify.com/s/files/1/0724/3038/7509/files/Printworks_Games_ClassicNineMen_s_mood_3.jpg?v=1764080596,5,,,,,,,,,,,,,,,,,,,,,,,
nine-mens-morris-classic,,,,,,,,,,,,,,,,,,,,,,,,,,,,,,,https://cdn.shopify.com/s/files/1/0724/3038/7509/files/Printworks_classic-games_nine-mens-morris_3_4c0f9ecb-73a9-45e4-9631-cb0087814f83.jpg?v=1764080587,6,,,,,,,,,,,,,,,,,,,,,,,
vanity-fair-august-1929-cover,"Vanity Fair, August 1929 Cover","<p><meta charset=""utf-8"">Discover our exclusive coffee table photo album, created in collaboration with Vanity Fair. Step back in time with the iconic cover from 1929; this album pays homage to cultural history and art.</p>
<p><meta charset=""utf-8"">The photo album includes 30 pages of high-quality white photo paper in the size 28x21 cm (60 pages if used double-sided), ready for your memories. Easily attach your photos with our <a href=""https://printworksmarket.com/products/photo-album-photo-stickers"">stickers</a> or <a href=""https://printworksmarket.com/collections/photo-album-accessories/products/photo-album-photo-corners"">corners.</a> The album can hold up to 40 pages, and extra <a href=""https://printworksmarket.com/products/photo-paper-large-white-10-pack"">photo paper</a> (large) is available if you need more space.<br><br><meta charset=""utf-8"">Place the photo album on your coffee table to keep those moments always within reach while elevating your home decor.</p>",Printworks,Photo Album,Photo Album,"Large Photo Albums, medium-bag, YGroup_PhotoAlbums",true,Title,Default Title,,,,,,,,PW00698,1300,shopify,deny,manual,55,,true,true,,,,,,https://cdn.shopify.com/s/files/1/0724/3038/7509/files/Printworks_photo-album_vanity-fair-1929.jpg?v=1743595807,1,,false,,,,"Vendor: Printworks
Type: Photo Album
Weight: 1300g",,,,,,,,,,,,,,kg,,,active
vanity-fair-august-1929-cover,,,,,,,,,,,,,,,,,,,,,,,,,,,,,,,https://cdn.shopify.com/s/files/1/0724/3038/7509/files/Printworks_PhotoAlbum_VanityFairPurple_mood_1.jpg?v=1743595807,2,,,,,,,,,,,,,,,,,,,,,,,
vanity-fair-august-1929-cover,,,,,,,,,,,,,,,,,,,,,,,,,,,,,,,https://cdn.shopify.com/s/files/1/0724/3038/7509/files/Printworks_photo-album_vanity-fair-1929_2_8d27e2d7-a549-40a6-8723-8b0816a37c1d.jpg?v=1764768998,3,,,,,,,,,,,,,,,,,,,,,,,
vanity-fair-august-1929-cover,,,,,,,,,,,,,,,,,,,,,,,,,,,,,,,https://cdn.shopify.com/s/files/1/0724/3038/7509/files/Printworks_PhotoAlbum_VanityFairPurple_mood_3.jpg?v=1764768998,4,,,,,,,,,,,,,,,,,,,,,,,
vanity-fair-august-1929-cover,,,,,,,,,,,,,,,,,,,,,,,,,,,,,,,https://cdn.shopify.com/s/files/1/0724/3038/7509/files/Printworks_PhotoAlbum_VanityFairPurple_mood_2.jpg?v=1764768998,5,,,,,,,,,,,,,,,,,,,,,,,
vanity-fair-august-1929-cover,,,,,,,,,,,,,,,,,,,,,,,,,,,,,,,https://cdn.shopify.com/s/files/1/0724/3038/7509/files/Printworks_photo-album_vanity-fair-1929_3.jpg?v=1764768998,6,,,,,,,,,,,,,,,,,,,,,,,
vanity-fair-march-1927-cover,"Vanity Fair, March 1927 Cover","<p>Discover our exclusive coffee table photo album, created in collaboration with Vanity Fair. Step back in time with the iconic cover from 1927; this album pays homage to cultural history and art.</p>
<p><meta charset=""utf-8"">The photo album includes 30 pages of high-quality black photo paper in the size 28x21 cm (60 pages if used double-sided), ready for your memories. Easily attach your photos with our <a href=""https://printworksmarket.com/products/photo-album-photo-stickers"">stickers</a> or <a href=""https://printworksmarket.com/collections/photo-album-accessories/products/photo-album-photo-corners"">corners.</a> The album can hold up to 40 pages, and extra <meta charset=""utf-8""><a href=""https://printworksmarket.com/products/photo-album-10-pack-refill-paper-l"">photo paper</a> (large) is available if you need more space.<br><br>Place the photo album on your coffee table to keep those moments always within reach while elevating your home decor.</p>",Printworks,Photo Album,Photo Album,"Large Photo Albums, medium-bag, YGroup_PhotoAlbums",true,Title,Default Title,,,,,,,,PW00699,1300,shopify,deny,manual,55,,true,true,,,,,,https://cdn.shopify.com/s/files/1/0724/3038/7509/files/Printworks_photo-album_vanity-fair-1927.jpg?v=1743595805,1,,false,,,,"Vendor: Printworks
Type: Photo Album
Weight: 1300g",,,,,,,,,,,,,,kg,,,active
vanity-fair-march-1927-cover,,,,,,,,,,,,,,,,,,,,,,,,,,,,,,,https://cdn.shopify.com/s/files/1/0724/3038/7509/files/Printworks_PhotoAlbum_VanityFairGreen_mood_1.jpg?v=1743595805,2,,,,,,,,,,,,,,,,,,,,,,,
vanity-fair-march-1927-cover,,,,,,,,,,,,,,,,,,,,,,,,,,,,,,,https://cdn.shopify.com/s/files/1/0724/3038/7509/files/Printworks_photo-album_vanity-fair-1927_2_d96a06f5-cf4e-4454-865e-9ad49cc251cc.jpg?v=1764768978,3,,,,,,,,,,,,,,,,,,,,,,,
vanity-fair-march-1927-cover,,,,,,,,,,,,,,,,,,,,,,,,,,,,,,,https://cdn.shopify.com/s/files/1/0724/3038/7509/files/Printworks_PhotoAlbum_VanityFairGreen_mood_2.jpg?v=1764768978,4,,,,,,,,,,,,,,,,,,,,,,,
vanity-fair-march-1927-cover,,,,,,,,,,,,,,,,,,,,,,,,,,,,,,,https://cdn.shopify.com/s/files/1/0724/3038/7509/files/Printworks_photo-album_vanity-fair-1927_3.jpg?v=1764768978,5,,,,,,,,,,,,,,,,,,,,,,,
the-essentials-sushi-tools,Sushi Tools,"<p>Discover our Essential Kit for Sushi Nights, cleverly disguised as an elegant book-like box. Upon opening it, you will discover all the essential tools for a successful sushi-making adventure. <meta charset=""utf-8""><span data-mce-fragment=""1"">All tools are made of stainless steel and are dishwasher safe.</span></p>
<p><strong>Included in this kit:</strong> <br><meta charset=""utf-8"">• 1 Bamboo Rice Paddle<br><meta charset=""utf-8"">• 1 Bamboo Spreading Knife<br><meta charset=""utf-8"">• 1 Bamboo Rolling Mat<br><meta charset=""utf-8"">• 8 Chopsticks</p>
<!---->",Printworks,The Essentials,The Essentials,medium-bag,true,Title,Default Title,,,,,,,,PW00674,690,shopify,deny,manual,59,,true,true,,,,,,https://cdn.shopify.com/s/files/1/0724/3038/7509/files/Printworks_Essential_Sushi-tools.jpg?v=1761831552,1,,false,,,,"Vendor: Printworks
Type: The Essentials
Weight: 690g",,,,,,,,,,,,,,kg,,,active
the-essentials-sushi-tools,,,,,,,,,,,,,,,,,,,,,,,,,,,,,,,https://cdn.shopify.com/s/files/1/0724/3038/7509/files/Printworks_essentials_sushi_3.jpg?v=1761831552,2,,,,,,,,,,,,,,,,,,,,,,,
the-essentials-sushi-tools,,,,,,,,,,,,,,,,,,,,,,,,,,,,,,,https://cdn.shopify.com/s/files/1/0724/3038/7509/files/Printworks_Essentials_Sushi_mood_2.jpg?v=1761831552,3,,,,,,,,,,,,,,,,,,,,,,,
the-essentials-sushi-tools,,,,,,,,,,,,,,,,,,,,,,,,,,,,,,,https://cdn.shopify.com/s/files/1/0724/3038/7509/files/Printworks_Essentials_Sushi_mood_1.jpg?v=1761831552,4,,,,,,,,,,,,,,,,,,,,,,,
the-essentials-sushi-tools,,,,,,,,,,,,,,,,,,,,,,,,,,,,,,,https://cdn.shopify.com/s/files/1/0724/3038/7509/files/Printworks_essentials_sushi_2_7ed0bff7-24cf-47e3-8049-dccba4df9a32.jpg?v=1761831552,5,,,,,,,,,,,,,,,,,,,,,,,
the-essentials-sushi-tools,,,,,,,,,,,,,,,,,,,,,,,,,,,,,,,https://cdn.shopify.com/s/files/1/0724/3038/7509/files/Printworks_essentials_sushi.jpg?v=1761831552,6,,,,,,,,,,,,,,,,,,,,,,,
picture-perfect-blue,"Picture Perfect, Blue","<p><meta charset=""utf-8""><span>Discover our Picture Perfect coffee table photo album, featuring a subtle dusty blue cloth cover with light blue text.<br><br><meta charset=""utf-8"">The photo album includes 30 pages of high-quality white photo paper in the size 28x21 cm (60 pages if used double-sided), ready for your memories. Easily attach your photos with our <a href=""https://printworksmarket.com/products/photo-album-photo-stickers"">stickers</a> or <a href=""https://printworksmarket.com/collections/photo-album-accessories/products/photo-album-photo-corners"">corners.</a> The album can hold up to 40 pages, and extra <a href=""https://printworksmarket.com/products/photo-paper-large-white-10-pack"">photo paper</a> (large) is available if you need more space.<br><br><meta charset=""utf-8"">Place the photo album on your coffee table to keep those moments always within reach while elevating your home decor.<br></span></p>",Printworks,Photo Album,Photo Album,"Large Photo Albums, medium-bag, YGroup_PhotoAlbums",true,Title,Default Title,,,,,,,,PW00677,1300,shopify,deny,manual,55,,true,true,,,,,,https://cdn.shopify.com/s/files/1/0724/3038/7509/files/Printworks_photo-album_picture-perfect-blue.jpg?v=1743595810,1,,false,,,,"Vendor: Printworks
Type: Photo Album
Weight: 1300g",,,,,,,,,,,,,,kg,,,active
picture-perfect-blue,,,,,,,,,,,,,,,,,,,,,,,,,,,,,,,https://cdn.shopify.com/s/files/1/0724/3038/7509/files/Printworks_PhotoAlbum_PicturePerfectBlue_mood_1.jpg?v=1745320804,2,,,,,,,,,,,,,,,,,,,,,,,
picture-perfect-blue,,,,,,,,,,,,,,,,,,,,,,,,,,,,,,,https://cdn.shopify.com/s/files/1/0724/3038/7509/files/Printworks_photo-album_picture-perfect-blue_2_206c3bd7-b05a-49ad-9231-97fa0458545a.jpg?v=1764768242,3,,,,,,,,,,,,,,,,,,,,,,,
picture-perfect-blue,,,,,,,,,,,,,,,,,,,,,,,,,,,,,,,https://cdn.shopify.com/s/files/1/0724/3038/7509/files/Printworks_PhotoAlbum_PicturePerfectBlue_mood_2.jpg?v=1764768242,4,,,,,,,,,,,,,,,,,,,,,,,
picture-perfect-blue,,,,,,,,,,,,,,,,,,,,,,,,,,,,,,,https://cdn.shopify.com/s/files/1/0724/3038/7509/files/Printworks_photo-album_picture-perfect-blue_3.jpg?v=1764768242,5,,,,,,,,,,,,,,,,,,,,,,,
moments-that-matter-the-most-black,"Moments that Matter the Most, Black","<p><meta charset=""utf-8"">Discover our bestselling Moments that Matter the Most coffee table photo album, featuring an elegant black cloth cover with gold foiled text. <br></p>
<p><meta charset=""utf-8"">The photo album includes 30 pages of high-quality black photo paper in the size 28x21 cm (60 pages if used double-sided), ready for your memories. Easily attach your photos with our <a href=""https://printworksmarket.com/products/photo-album-photo-stickers"">stickers</a> or <a href=""https://printworksmarket.com/collections/photo-album-accessories/products/photo-album-photo-corners"">corners.</a> The album can hold up to 40 pages, and extra <meta charset=""utf-8""><a href=""https://printworksmarket.com/products/photo-album-10-pack-refill-paper-l"">photo paper</a> (large) is available if you need more space.<br><br>Place the photo album on your coffee table to keep those moments always within reach while elevating your home decor.</p>",Printworks,Photo Album,Photo Album,"Large Photo Albums, medium-bag, YGroup_PhotoAlbums",true,Title,Default Title,,,,,,,,PW00679,1300,shopify,deny,manual,55,,true,true,,,,,,https://cdn.shopify.com/s/files/1/0724/3038/7509/files/Printworks_photo-album_moments-that-matters-the-most-black.jpg?v=1743595812,1,,false,,,,"Vendor: Printworks
Type: Photo Album
Weight: 1300g",,,,,,,,,,,,,,kg,,,active
moments-that-matter-the-most-black,,,,,,,,,,,,,,,,,,,,,,,,,,,,,,,https://cdn.shopify.com/s/files/1/0724/3038/7509/files/Printworks_PhotoAlbum_MomentsThatMattersTheMostBlack_mood_1.jpg?v=1743595812,2,,,,,,,,,,,,,,,,,,,,,,,
moments-that-matter-the-most-black,,,,,,,,,,,,,,,,,,,,,,,,,,,,,,,https://cdn.shopify.com/s/files/1/0724/3038/7509/files/Printworks_photo-album_moments-that-matters-the-most-black_2_a6f3ac21-f3c2-4714-b7db-849942e559ca.jpg?v=1764768118,3,,,,,,,,,,,,,,,,,,,,,,,
moments-that-matter-the-most-black,,,,,,,,,,,,,,,,,,,,,,,,,,,,,,,https://cdn.shopify.com/s/files/1/0724/3038/7509/files/Printworks_PhotoAlbum_MomentsThatMattersTheMostBlack_mood_2.jpg?v=1764768118,4,,,,,,,,,,,,,,,,,,,,,,,
moments-that-matter-the-most-black,,,,,,,,,,,,,,,,,,,,,,,,,,,,,,,https://cdn.shopify.com/s/files/1/0724/3038/7509/files/Printworks_photo-album_moments-that-matters-the-most-black_3.jpg?v=1764768118,5,,,,,,,,,,,,,,,,,,,,,,,
moments-that-matter-the-most-beige,"Moments that Matter the Most, Beige","<p><meta charset=""utf-8"">Discover our bestselling Moments that Matter the Most coffee table photo album, featuring an elegant beige cloth cover with gold foiled text.</p>
<p><meta charset=""utf-8"">The photo album includes 30 pages of high-quality white photo paper in the size 28x21 cm (60 pages if used double-sided), ready for your memories. Easily attach your photos with our <a href=""https://printworksmarket.com/products/photo-album-photo-stickers"">stickers</a> or <a href=""https://printworksmarket.com/collections/photo-album-accessories/products/photo-album-photo-corners"">corners.</a> The album can hold up to 40 pages, and extra <a href=""https://printworksmarket.com/products/photo-paper-large-white-10-pack"">photo paper</a> (large) is available if you need more space.<br><br><meta charset=""utf-8"">Place the photo album on your coffee table to keep those moments always within reach while elevating your home decor.</p>",Printworks,Photo Album,Photo Album,"Large Photo Albums, medium-bag, YGroup_PhotoAlbums",true,Title,Default Title,,,,,,,,PW00678,1300,shopify,deny,manual,55,,true,true,,,,,,https://cdn.shopify.com/s/files/1/0724/3038/7509/files/Printworks_photo-album_moments-that-matters-the-most-beige.jpg?v=1743595820,1,,false,,,,"Vendor: Printworks
Type: Photo Album
Weight: 1300g",,,,,,,,,,,,,,kg,,,active
moments-that-matter-the-most-beige,,,,,,,,,,,,,,,,,,,,,,,,,,,,,,,https://cdn.shopify.com/s/files/1/0724/3038/7509/files/MomentsThatMattersTheMost-beige.jpg?v=1771331652,2,,,,,,,,,,,,,,,,,,,,,,,
moments-that-matter-the-most-beige,,,,,,,,,,,,,,,,,,,,,,,,,,,,,,,https://cdn.shopify.com/s/files/1/0724/3038/7509/files/Printworks_photo-album_moments-that-matters-the-most-beige_2_4a808137-a596-4ef6-86ba-651a4a3735dc.jpg?v=1771331652,3,,,,,,,,,,,,,,,,,,,,,,,
moments-that-matter-the-most-beige,,,,,,,,,,,,,,,,,,,,,,,,,,,,,,,https://cdn.shopify.com/s/files/1/0724/3038/7509/files/MomentsThatMattersTheMost-beige-3.jpg?v=1771331652,4,,,,,,,,,,,,,,,,,,,,,,,
moments-that-matter-the-most-beige,,,,,,,,,,,,,,,,,,,,,,,,,,,,,,,https://cdn.shopify.com/s/files/1/0724/3038/7509/files/MomentsThatMattersTheMost-beige-2.jpg?v=1771331597,5,,,,,,,,,,,,,,,,,,,,,,,
moments-that-matter-the-most-beige,,,,,,,,,,,,,,,,,,,,,,,,,,,,,,,https://cdn.shopify.com/s/files/1/0724/3038/7509/files/Printworks_photo-album_moments-that-matters-the-most-beige_3.jpg?v=1771331597,6,,,,,,,,,,,,,,,,,,,,,,,
life-large-beige,"Life, Large Beige","<div role=""presentation"" data-qa=""slack_kit_scrollbar"">
<div role=""presentation"">
<div aria-label=""Mikaela Niemetz (direct message, away)"" role=""list"" data-qa=""slack_kit_list"">
<div data-item-key=""1719405282.290939"" data-qa=""virtual-list-item"" id=""1719405282.290939"" role=""listitem"" aria-setsize=""-1"" tabindex=""0"">
<div data-qa-placeholder=""false"" data-qa-unprocessed=""false"" data-qa=""message_container"" role=""presentation"">
<div data-qa-hover=""true"" aria-roledescription=""message"" role=""document"">
<div>
<div>
<div data-qa=""message_content"" role=""presentation"">
<div>
<div data-qa=""message-text"">
<div data-qa=""block-kit-renderer"">
<div>
<div dir=""auto"">
<div>Discover our beautiful Life coffee table photo album, featuring an elegant beige cloth cover with white text. <br><br>The photo album includes 30 pages of high-quality white photo paper in the size 28x21 cm (60 pages if used double-sided), ready for your memories. Easily attach your photos with our <a href=""https://printworksmarket.com/products/photo-album-photo-stickers"">stickers</a> or <a href=""https://printworksmarket.com/collections/photo-album-accessories/products/photo-album-photo-corners"">corners.</a> The album can hold up to 40 pages, and extra <a href=""https://printworksmarket.com/products/photo-paper-large-white-10-pack"">photo paper</a> (large) is available if you need more space.<br><br><meta charset=""utf-8"">Place the photo album on your coffee table to keep those moments always within reach while elevating your home decor.<br>
</div>
</div>
</div>
</div>
</div>
</div>
</div>
</div>
</div>
</div>
</div>
</div>
</div>
</div>
</div>
<div role=""presentation""><br></div>
<div role=""presentation"">Find our smaller version of Life as a photo book <a href=""https://printworksmarket.com/collections/bestsellers/products/coffee-table-photo-book-life"">here</a>. </div>
<!---->",Printworks,Photo Album,Photo Album,"Large Photo Albums, medium-bag, YGroup_PhotoAlbums",true,Title,Default Title,,,,,,,,PW00680,1300,shopify,deny,manual,55,,true,true,,,,,,https://cdn.shopify.com/s/files/1/0724/3038/7509/files/Printworks_photo-album_life.jpg?v=1743595802,1,,false,,,,"Vendor: Printworks
Type: Photo Album
Weight: 1300g",,,,,,,,,,,,,,kg,,,active
life-large-beige,,,,,,,,,,,,,,,,,,,,,,,,,,,,,,,https://cdn.shopify.com/s/files/1/0724/3038/7509/files/Printworks_PhotoAlbum_Life_mood_1.jpg?v=1743595802,2,,,,,,,,,,,,,,,,,,,,,,,
life-large-beige,,,,,,,,,,,,,,,,,,,,,,,,,,,,,,,https://cdn.shopify.com/s/files/1/0724/3038/7509/files/Printworks_photo-album_life_2_5c8f23c1-8029-4b12-a9f6-72f31a79fbee.jpg?v=1764767218,3,,,,,,,,,,,,,,,,,,,,,,,
life-large-beige,,,,,,,,,,,,,,,,,,,,,,,,,,,,,,,https://cdn.shopify.com/s/files/1/0724/3038/7509/files/Printworks_PhotoAlbum_Life_mood_2_a8d61a49-cd6f-4091-b420-e040cc2d66f9.jpg?v=1764767218,4,,,,,,,,,,,,,,,,,,,,,,,
life-large-beige,,,,,,,,,,,,,,,,,,,,,,,,,,,,,,,https://cdn.shopify.com/s/files/1/0724/3038/7509/files/Printworks_PhotoAlbum_Life_mood_3.jpg?v=1764767218,5,,,,,,,,,,,,,,,,,,,,,,,
life-large-beige,,,,,,,,,,,,,,,,,,,,,,,,,,,,,,,https://cdn.shopify.com/s/files/1/0724/3038/7509/files/Printworks_photo-album_life_3.jpg?v=1764767218,6,,,,,,,,,,,,,,,,,,,,,,,
the-essentials-ice-cream-tools,Ice Cream Tools,"<p>Discover our Essential Ice Cream Kit, cleverly disguised as an elegant book-like box. Upon opening it, you will discover all the essential tools for a successful ice cream party. <meta charset=""utf-8"">All tools are made of stainless steel and are dishwasher safe.</p>
<p>Included in this kit: <br><meta charset=""utf-8"">• 2 Cone Shapes<br><meta charset=""utf-8"">• 1 Ice Cream Scoop<br><meta charset=""utf-8"">• 2 Sprinkle Scoops</p>
<!---->",Printworks,The Essentials,The Essentials,medium-bag,true,Title,Default Title,,,,,,,,PW00675,650,shopify,deny,manual,55,,true,true,,,,,,https://cdn.shopify.com/s/files/1/0724/3038/7509/files/Printworks_Essential_IceCream-tools.jpg?v=1762330798,1,,false,,,,"Vendor: Printworks
Type: The Essentials
Weight: 650g",,,,,,,,,,,,,,kg,,,active
the-essentials-ice-cream-tools,,,,,,,,,,,,,,,,,,,,,,,,,,,,,,,https://cdn.shopify.com/s/files/1/0724/3038/7509/files/Printworks_essentials_ice-cream_3_30e9d5c4-2642-41af-b538-2aefc1638f4b.jpg?v=1764083782,2,,,,,,,,,,,,,,,,,,,,,,,
the-essentials-ice-cream-tools,,,,,,,,,,,,,,,,,,,,,,,,,,,,,,,https://cdn.shopify.com/s/files/1/0724/3038/7509/files/Printworks_Essentials_IceCream_mood_1.jpg?v=1764083782,3,,,,,,,,,,,,,,,,,,,,,,,
the-essentials-ice-cream-tools,,,,,,,,,,,,,,,,,,,,,,,,,,,,,,,https://cdn.shopify.com/s/files/1/0724/3038/7509/files/Printworks_essentials_ice-cream_2_e6d9cbef-0ed7-4230-a18b-5d7257f4588c.jpg?v=1764083782,4,,,,,,,,,,,,,,,,,,,,,,,
the-essentials-ice-cream-tools,,,,,,,,,,,,,,,,,,,,,,,,,,,,,,,https://cdn.shopify.com/s/files/1/0724/3038/7509/files/Printworks_essentials_ice-cream.jpg?v=1764083782,5,,,,,,,,,,,,,,,,,,,,,,,
fire-blanket-cerise,"Fire Blanket, Cerise","<p>Introducing our Fire Blanket: Safety Disguised in Style. Available in beige, black, or cerise, this elegant coffee table box conceals a vital safety tool. Place it within easy reach, and in case of emergency, use the fire blanket quickly to tackle small fires. Stay safe, stay stylish.</p>
<!---->",Printworks,Home Decor,Home Decor,"medium-bag, YGroup_FireBlanket",true,Title,Default Title,,,,,,,,PW00692,1200,shopify,deny,manual,65,,true,true,,,,,,https://cdn.shopify.com/s/files/1/0724/3038/7509/files/Printworks_fire-blanket_pink_e14a225a-5086-4465-b9bd-249bfa3af202.jpg?v=1764084947,1,,false,,,,"Vendor: Printworks
Type: Home Decor
Weight: 1200g",,,,,,,,,,,,,,kg,,,active
fire-blanket-cerise,,,,,,,,,,,,,,,,,,,,,,,,,,,,,,,https://cdn.shopify.com/s/files/1/0724/3038/7509/files/Printworks_fire-blanket_pink_2_cdb16b2c-5992-4c70-bfb7-60a559bd027a.jpg?v=1764084947,2,,,,,,,,,,,,,,,,,,,,,,,
fire-blanket-cerise,,,,,,,,,,,,,,,,,,,,,,,,,,,,,,,https://cdn.shopify.com/s/files/1/0724/3038/7509/files/Printworks_FireBlanker_Cerise_mood_1.jpg?v=1764084947,3,,,,,,,,,,,,,,,,,,,,,,,
fire-blanket-cerise,,,,,,,,,,,,,,,,,,,,,,,,,,,,,,,https://cdn.shopify.com/s/files/1/0724/3038/7509/files/Printworks_FireBlanker_Cerise_mood_2.jpg?v=1764084947,4,,,,,,,,,,,,,,,,,,,,,,,
fire-blanket-cerise,,,,,,,,,,,,,,,,,,,,,,,,,,,,,,,https://cdn.shopify.com/s/files/1/0724/3038/7509/files/Printworks_fire-blanket_pink_3.jpg?v=1764084947,5,,,,,,,,,,,,,,,,,,,,,,,
fire-blanket-cerise,,,,,,,,,,,,,,,,,,,,,,,,,,,,,,,https://cdn.shopify.com/s/files/1/0724/3038/7509/files/Printworks_fire-blanket_pink_4_de0e206f-e954-4aa2-b3ab-febc387371ce.jpg?v=1764084947,6,,,,,,,,,,,,,,,,,,,,,,,
fire-blanket-cerise,,,,,,,,,,,,,,,,,,,,,,,,,,,,,,,https://cdn.shopify.com/s/files/1/0724/3038/7509/files/Printworks_fire-blanket_5_0c5a0570-cb7a-4261-8a15-2ca72e3fb122.jpg?v=1764084947,7,,,,,,,,,,,,,,,,,,,,,,,
fire-blanket-beige,"Fire Blanket, Beige","<p>Introducing our Fire Blanket: Safety Disguised in Style. Available in beige, black, or cerise, this elegant coffee table box conceals a vital safety tool. Place it within easy reach, and in case of emergency, use the fire blanket quickly to tackle small fires. Stay safe, stay stylish.</p>
<!---->",Printworks,Home Decor,Home Decor,"medium-bag, YGroup_FireBlanket",true,Title,Default Title,,,,,,,,PW00676,1200,shopify,deny,manual,65,,true,true,,,,,,https://cdn.shopify.com/s/files/1/0724/3038/7509/files/Printworks_fire-blanket_beige_4e238d1b-c5bc-48b4-987d-c330d4df354b.jpg?v=1764084854,1,,false,,,,"Vendor: Printworks
Type: Home Decor
Weight: 1200g",,,,,,,,,,,,,,kg,,,active
fire-blanket-beige,,,,,,,,,,,,,,,,,,,,,,,,,,,,,,,https://cdn.shopify.com/s/files/1/0724/3038/7509/files/Printworks_fire-blanket_beige_2_a5ce1b86-8c36-4200-91a2-417af11c5ddc.jpg?v=1764084854,2,,,,,,,,,,,,,,,,,,,,,,,
fire-blanket-beige,,,,,,,,,,,,,,,,,,,,,,,,,,,,,,,https://cdn.shopify.com/s/files/1/0724/3038/7509/files/Printworks_FireBlanker_Beige_mood_3.jpg?v=1764084854,3,,,,,,,,,,,,,,,,,,,,,,,
fire-blanket-beige,,,,,,,,,,,,,,,,,,,,,,,,,,,,,,,https://cdn.shopify.com/s/files/1/0724/3038/7509/files/Printworks_FireBlanker_Beige_mood_2.jpg?v=1764084854,4,,,,,,,,,,,,,,,,,,,,,,,
fire-blanket-beige,,,,,,,,,,,,,,,,,,,,,,,,,,,,,,,https://cdn.shopify.com/s/files/1/0724/3038/7509/files/Printworks_FireBlanker_Beige_mood_4.jpg?v=1764084854,5,,,,,,,,,,,,,,,,,,,,,,,
fire-blanket-beige,,,,,,,,,,,,,,,,,,,,,,,,,,,,,,,https://cdn.shopify.com/s/files/1/0724/3038/7509/files/Printworks_fire-blanket_beige_3.jpg?v=1764084854,6,,,,,,,,,,,,,,,,,,,,,,,
fire-blanket-beige,,,,,,,,,,,,,,,,,,,,,,,,,,,,,,,https://cdn.shopify.com/s/files/1/0724/3038/7509/files/Printworks_fire-blanket_beige_4_5b3dcf16-5368-4354-be91-3f6994a7c901.jpg?v=1764084854,7,,,,,,,,,,,,,,,,,,,,,,,
fire-blanket-beige,,,,,,,,,,,,,,,,,,,,,,,,,,,,,,,https://cdn.shopify.com/s/files/1/0724/3038/7509/files/Printworks_fire-blanket_5.jpg?v=1764084854,8,,,,,,,,,,,,,,,,,,,,,,,
fire-blanket-black,"Fire Blanket, Black","<p>Introducing our Fire Blanket: Safety Disguised in Style. Available in beige, black, or cerise, this elegant coffee table box conceals a vital safety tool. Place it within easy reach, and in case of emergency, use the fire blanket quickly to tackle small fires. Stay safe, stay stylish.</p>
<!---->",Printworks,Home Decor,Home Decor,"medium-bag, YGroup_FireBlanket",true,Title,Default Title,,,,,,,,PW00696,1200,shopify,deny,manual,65,,true,true,,,,,,https://cdn.shopify.com/s/files/1/0724/3038/7509/files/Printworks_fire-blanket_black_dd150078-2473-406f-adb1-b01ba3c77ee3.jpg?v=1764084907,1,,false,,,,"Vendor: Printworks
Type: Home Decor
Weight: 1200g",,,,,,,,,,,,,,kg,,,active
fire-blanket-black,,,,,,,,,,,,,,,,,,,,,,,,,,,,,,,https://cdn.shopify.com/s/files/1/0724/3038/7509/files/Printworks_fire-blanket_black_2_66b1ba37-6c16-4387-933e-711a6abfeb77.jpg?v=1764084907,2,,,,,,,,,,,,,,,,,,,,,,,
fire-blanket-black,,,,,,,,,,,,,,,,,,,,,,,,,,,,,,,https://cdn.shopify.com/s/files/1/0724/3038/7509/files/Printworks_FireBlanker_Black_mood_1.jpg?v=1764084907,3,,,,,,,,,,,,,,,,,,,,,,,
fire-blanket-black,,,,,,,,,,,,,,,,,,,,,,,,,,,,,,,https://cdn.shopify.com/s/files/1/0724/3038/7509/files/Printworks_FireBlanker_Black_mood_2.jpg?v=1764084907,4,,,,,,,,,,,,,,,,,,,,,,,
fire-blanket-black,,,,,,,,,,,,,,,,,,,,,,,,,,,,,,,https://cdn.shopify.com/s/files/1/0724/3038/7509/files/Printworks_fire-blanket_black_3.jpg?v=1764084907,5,,,,,,,,,,,,,,,,,,,,,,,
fire-blanket-black,,,,,,,,,,,,,,,,,,,,,,,,,,,,,,,https://cdn.shopify.com/s/files/1/0724/3038/7509/files/Printworks_fire-blanket_black_4_5ac7c09b-18aa-4a66-a2ac-cda5781d7742.jpg?v=1764084907,6,,,,,,,,,,,,,,,,,,,,,,,
fire-blanket-black,,,,,,,,,,,,,,,,,,,,,,,,,,,,,,,https://cdn.shopify.com/s/files/1/0724/3038/7509/files/Printworks_fire-blanket_5_5bdb7ed0-7a45-4527-b39c-074405976af1.jpg?v=1764084907,7,,,,,,,,,,,,,,,,,,,,,,,
portable-fan-wood-beige,"Fantastic, Wood Beige","<p><meta charset=""utf-8""> <meta charset=""utf-8""></p>
<p data-mce-fragment=""1""><span data-mce-fragment=""1"">Discover ""Fantastic,"" a rechargeable portable fan designed for your desk or coffee table. This fan operates in absolute silence and features three levels of wind speed, offering customizable cooling. With a 360-degree rotation capability, you can direct the breeze precisely where you need it. Experience a refreshing escape on hot summer days like never before. <meta charset=""utf-8"">Select from Beige or Dusty Blue to match your style. </span><span data-mce-fragment=""1""></span></p>
<p data-mce-fragment=""1""><span data-mce-fragment=""1""><meta charset=""utf-8"">The box includes a USB C cable.</span><span data-mce-fragment=""1""></span></p>",Printworks,Portable Fan,Portable Fan,YGroup_Fan,true,Title,Default Title,,,,,,,,PW00651,500,shopify,deny,manual,79,,true,true,,,,,,https://cdn.shopify.com/s/files/1/0724/3038/7509/files/Printworks_fan_wood-beige.jpg?v=1743595888,1,,false,,,,"Vendor: Printworks
Type: Portable Fan
Weight: 500g",,,,,,,,,,,,,,kg,,,active
portable-fan-wood-beige,,,,,,,,,,,,,,,,,,,,,,,,,,,,,,,https://cdn.shopify.com/s/files/1/0724/3038/7509/files/Printworks_TableFan_WoodBeige_mood_4.jpg?v=1743595889,2,,,,,,,,,,,,,,,,,,,,,,,
portable-fan-wood-beige,,,,,,,,,,,,,,,,,,,,,,,,,,,,,,,https://cdn.shopify.com/s/files/1/0724/3038/7509/files/Printworks_TableFan_WoodBeige_mood_2.jpg?v=1743595889,3,,,,,,,,,,,,,,,,,,,,,,,
portable-fan-wood-beige,,,,,,,,,,,,,,,,,,,,,,,,,,,,,,,https://cdn.shopify.com/s/files/1/0724/3038/7509/files/Printworks_TableFan_WoodBeige_mood_3.jpg?v=1743595889,4,,,,,,,,,,,,,,,,,,,,,,,
portable-fan-wood-beige,,,,,,,,,,,,,,,,,,,,,,,,,,,,,,,https://cdn.shopify.com/s/files/1/0724/3038/7509/files/Printworks_TableFan_WoodBeige_mood_1.jpg?v=1743595890,5,,,,,,,,,,,,,,,,,,,,,,,
portable-fan-wood-beige,,,,,,,,,,,,,,,,,,,,,,,,,,,,,,,https://cdn.shopify.com/s/files/1/0724/3038/7509/files/Printworks_fan_wood-beige_2.jpg?v=1743595890,6,,,,,,,,,,,,,,,,,,,,,,,
portable-fan-wood-beige,,,,,,,,,,,,,,,,,,,,,,,,,,,,,,,https://cdn.shopify.com/s/files/1/0724/3038/7509/files/Printworks_fan_wood-beige_3.jpg?v=1743595890,7,,,,,,,,,,,,,,,,,,,,,,,
lacquered-tray-maroon-pink-l,"Swell, Pink L","<p>Elevate your home decor with our Lacquered Tray made of painted and lacquered MDF. Measuring 42x27x7 cm, it has plenty of room for serving, organizing, or displaying your favorite items while adding a touch of elegance to your space.</p>
<p>Choose from two elegant color combinations: Maroon/Pink and Turquoise/Green. If you're looking for a more petite option, we also offer a smaller size to suit your needs.</p>",Printworks,Lacquered Tray,Lacquered Tray,YGroup_Trays,true,Title,Default Title,,,,,,,,PW00655,800,shopify,deny,manual,59,,true,true,,,,,,https://cdn.shopify.com/s/files/1/0724/3038/7509/files/Printworks_tray_big-pink-2_84555cd8-8e27-4032-a4ce-fcdcddb66cfc.jpg?v=1764772517,1,,false,,,,"Vendor: Printworks
Type: Lacquered Tray
Weight: 800g",,,,,,,,,,,,,,kg,,,active
lacquered-tray-maroon-pink-l,,,,,,,,,,,,,,,,,,,,,,,,,,,,,,,https://cdn.shopify.com/s/files/1/0724/3038/7509/files/Printworks_Tray_MaroonPinkL_mood_1.jpg?v=1764772517,2,,,,,,,,,,,,,,,,,,,,,,,
lacquered-tray-maroon-pink-l,,,,,,,,,,,,,,,,,,,,,,,,,,,,,,,https://cdn.shopify.com/s/files/1/0724/3038/7509/files/Printworks_Tray_MaroonPinkL_mood_2.jpg?v=1764772517,3,,,,,,,,,,,,,,,,,,,,,,,
lacquered-tray-maroon-pink-l,,,,,,,,,,,,,,,,,,,,,,,,,,,,,,,https://cdn.shopify.com/s/files/1/0724/3038/7509/files/Printworks_tray_big-pink.jpg?v=1764772517,4,,,,,,,,,,,,,,,,,,,,,,,
lacquered-tray-maroon-pink-l,,,,,,,,,,,,,,,,,,,,,,,,,,,,,,,https://cdn.shopify.com/s/files/1/0724/3038/7509/files/Printworks_tray_big-pink-3_e88937ed-997b-4d72-afd2-5e8e0a51c625.jpg?v=1764772510,5,,,,,,,,,,,,,,,,,,,,,,,
lacquered-tray-turquoise-green-l,"Swell, Green L","<p>Elevate your home decor with our Lacquered Tray made of painted and lacquered MDF. Measuring 42x27x7 cm, it has plenty of room for serving, organizing, or displaying your favorite items while adding a touch of elegance to your space. Choose from two elegant color combinations: Maroon/Pink and Turquoise/Green.</p>
<p>If you're looking for a more petite option, we also offer a smaller size to suit your needs.</p>",Printworks,Lacquered Tray,Lacquered Tray,YGroup_Trays,true,Title,Default Title,,,,,,,,PW00659,800,shopify,deny,manual,59,,true,true,,,,,,https://cdn.shopify.com/s/files/1/0724/3038/7509/files/Printworks_tray_big-green-2_78fc2981-7e5f-4d67-ab69-72b655ec28be.jpg?v=1764772481,1,,false,,,,"Vendor: Printworks
Type: Lacquered Tray
Weight: 800g",,,,,,,,,,,,,,kg,,,active
lacquered-tray-turquoise-green-l,,,,,,,,,,,,,,,,,,,,,,,,,,,,,,,https://cdn.shopify.com/s/files/1/0724/3038/7509/files/Printworks_Tray_TurquoiseGreenL_mood_1.jpg?v=1764772481,2,,,,,,,,,,,,,,,,,,,,,,,
lacquered-tray-turquoise-green-l,,,,,,,,,,,,,,,,,,,,,,,,,,,,,,,https://cdn.shopify.com/s/files/1/0724/3038/7509/files/Printworks_Tray_TurquoiseGreenL_mood_2.jpg?v=1764772481,3,,,,,,,,,,,,,,,,,,,,,,,
lacquered-tray-turquoise-green-l,,,,,,,,,,,,,,,,,,,,,,,,,,,,,,,https://cdn.shopify.com/s/files/1/0724/3038/7509/files/Printworks_tray_big-green.jpg?v=1764772481,4,,,,,,,,,,,,,,,,,,,,,,,
lacquered-tray-turquoise-green-l,,,,,,,,,,,,,,,,,,,,,,,,,,,,,,,https://cdn.shopify.com/s/files/1/0724/3038/7509/files/Printworks_tray_big-green-3_d203ab1b-1ba6-463e-bd29-ceaba976fb85.jpg?v=1764772476,5,,,,,,,,,,,,,,,,,,,,,,,
lacquered-tray-maroon-pink-s,"Swell, Pink S","<p>Elevate your home decor with our Lacquered Tray made of painted and lacquered MDF. Measuring 34x20x5 cm, it has room for serving, organizing, or displaying your favorite items while adding a touch of elegance to your space. Choose from two elegant color combinations: Maroon/Pink and Turquoise/Green.</p>
<p>If you're looking for a larger size, we also offer an extended version to suit your needs.</p>",Printworks,Lacquered Tray,Lacquered Tray,"large-bag, YGroup_Trays",true,Title,Default Title,,,,,,,,PW00654,400,shopify,deny,manual,39,,true,true,,,,,,https://cdn.shopify.com/s/files/1/0724/3038/7509/files/Printworks_tray_small-pink-2_e18dc16e-e7cd-470d-95c6-e4a065dfa813.jpg?v=1764772595,1,,false,,,,"Vendor: Printworks
Type: Lacquered Tray
Weight: 400g",,,,,,,,,,,,,,kg,,,active
lacquered-tray-maroon-pink-s,,,,,,,,,,,,,,,,,,,,,,,,,,,,,,,https://cdn.shopify.com/s/files/1/0724/3038/7509/files/Printworks_Tray_MaroonPinkM_mood_1.jpg?v=1764772595,2,,,,,,,,,,,,,,,,,,,,,,,
lacquered-tray-maroon-pink-s,,,,,,,,,,,,,,,,,,,,,,,,,,,,,,,https://cdn.shopify.com/s/files/1/0724/3038/7509/files/Printworks_Tray_MaroonPinkM_mood_2.jpg?v=1764772595,3,,,,,,,,,,,,,,,,,,,,,,,
lacquered-tray-maroon-pink-s,,,,,,,,,,,,,,,,,,,,,,,,,,,,,,,https://cdn.shopify.com/s/files/1/0724/3038/7509/files/Printworks_tray_small-pink.jpg?v=1764772595,4,,,,,,,,,,,,,,,,,,,,,,,
lacquered-tray-maroon-pink-s,,,,,,,,,,,,,,,,,,,,,,,,,,,,,,,https://cdn.shopify.com/s/files/1/0724/3038/7509/files/Printworks_tray_small-pink-3_f76e040a-96c9-40a1-9b03-0cb916f12d20.jpg?v=1764772582,5,,,,,,,,,,,,,,,,,,,,,,,
swell-green-lacquered-tray-s,"Swell, Green S","<p>Elevate your home decor with our Lacquered Tray made of painted and lacquered MDF. Measuring 34x20x5 cm, it has room for serving, organizing, or displaying your favorite items while adding a touch of elegance to your space. Choose from two elegant color combinations: Maroon/Pink and Turquoise/Green.</p>
<p>If you're looking for a larger size, we also offer an extended version to suit your needs.</p>",Printworks,Lacquered Tray,Lacquered Tray,"large-bag, YGroup_Trays",true,Title,Default Title,,,,,,,,PW00658,400,shopify,deny,manual,39,,true,true,,,,,,https://cdn.shopify.com/s/files/1/0724/3038/7509/files/Printworks_tray_small-green-2_9e5efb2c-27ba-4636-a398-da7447402323.jpg?v=1764772551,1,,false,,,,"Vendor: Printworks
Type: Lacquered Tray
Weight: 400g",,,,,,,,,,,,,,kg,,,active
swell-green-lacquered-tray-s,,,,,,,,,,,,,,,,,,,,,,,,,,,,,,,https://cdn.shopify.com/s/files/1/0724/3038/7509/files/Printworks_Tray_TurquoiseGreenM_mood_1.jpg?v=1764772551,2,,,,,,,,,,,,,,,,,,,,,,,
swell-green-lacquered-tray-s,,,,,,,,,,,,,,,,,,,,,,,,,,,,,,,https://cdn.shopify.com/s/files/1/0724/3038/7509/files/Printworks_Tray_TurquoiseGreenM_mood_2.jpg?v=1764772551,3,,,,,,,,,,,,,,,,,,,,,,,
swell-green-lacquered-tray-s,,,,,,,,,,,,,,,,,,,,,,,,,,,,,,,https://cdn.shopify.com/s/files/1/0724/3038/7509/files/Printworks_Tray_TurquoiseGreenM_mood_3.jpg?v=1764772551,4,,,,,,,,,,,,,,,,,,,,,,,
swell-green-lacquered-tray-s,,,,,,,,,,,,,,,,,,,,,,,,,,,,,,,https://cdn.shopify.com/s/files/1/0724/3038/7509/files/Printworks_tray_small-green.jpg?v=1764772551,5,,,,,,,,,,,,,,,,,,,,,,,
swell-green-lacquered-tray-s,,,,,,,,,,,,,,,,,,,,,,,,,,,,,,,https://cdn.shopify.com/s/files/1/0724/3038/7509/files/Printworks_tray_small-green-3_a2db4e10-6c0f-4a90-9c5a-51cd2460fb07.jpg?v=1764772542,6,,,,,,,,,,,,,,,,,,,,,,,
beach-tennis-frescobol,Frescobol,"<p>In 1945, the architect Lian Pontes de Carvalho invented the racket game with the appealing name ”Frescobol”. The idea was a Brazilian equivalent of tennis, minus the competitiveness. Instead of winning at all costs, the essence of this game is cooperation. There are no winners or losers. The only goal is to keep the ball in the air together as long as possible.<br data-mce-fragment=""1""><br data-mce-fragment=""1"">This set includes 2 easy-to-grip rackets, elegant wood handles, and a colored ball to keep the game going. A striped cloth bag is also included for carrying the rackets in style.<br data-mce-fragment=""1""></p>",Printworks,Beach Tennis,Beach Tennis,,true,Title,Default Title,,,,,,,,PW00650,900,shopify,deny,manual,79,,true,true,,,,,,https://cdn.shopify.com/s/files/1/0724/3038/7509/files/Printworks_frescobol.jpg?v=1743595955,1,,false,,,,"Vendor: Printworks
Type: Beach Tennis
Weight: 900g",,,,,,,,,,,,,,kg,,,active
beach-tennis-frescobol,,,,,,,,,,,,,,,,,,,,,,,,,,,,,,,https://cdn.shopify.com/s/files/1/0724/3038/7509/files/Printworks_Games_FrescoBol_mood_1_655a3d0c-8357-432a-91c7-20e63877808a.jpg?v=1744382558,2,,,,,,,,,,,,,,,,,,,,,,,
beach-tennis-frescobol,,,,,,,,,,,,,,,,,,,,,,,,,,,,,,,https://cdn.shopify.com/s/files/1/0724/3038/7509/files/Printworks_frescobol_2.jpg?v=1744382558,3,,,,,,,,,,,,,,,,,,,,,,,
beach-tennis-frescobol,,,,,,,,,,,,,,,,,,,,,,,,,,,,,,,https://cdn.shopify.com/s/files/1/0724/3038/7509/files/Printworks_frescobol_3.jpg?v=1743595956,4,,,,,,,,,,,,,,,,,,,,,,,
photo-album-endless-summer-turquoise,"Endless Summer, Turquoise","<p>Discover our Endless Summer coffee table photo album, featuring an elegant turquoise cloth cover. </p>
<p><meta charset=""utf-8"">The photo album includes 30 pages of high-quality white photo paper in the size 28x21 cm (60 pages if used double-sided), ready for your memories. Easily attach your photos with our <a href=""https://printworksmarket.com/products/photo-album-photo-stickers"">stickers</a> or <a href=""https://printworksmarket.com/collections/photo-album-accessories/products/photo-album-photo-corners"">corners.</a> The album can hold up to 40 pages, and extra <a href=""https://printworksmarket.com/products/photo-paper-large-white-10-pack"">photo paper</a> (large) is available if you need more space.<br><br><meta charset=""utf-8"">Place the photo album on your coffee table to keep those moments always within reach while elevating your home decor.</p>",Printworks,Photo Album,Photo Album,"medium-bag, YGroup_PhotoAlbums",true,Title,Default Title,,,,,,,,PW00662,1300,shopify,deny,manual,55,,true,true,,,,,,https://cdn.shopify.com/s/files/1/0724/3038/7509/files/Printworks_photo-album_endless-summer-turquoise.jpg?v=1743595924,1,,false,,,,"Vendor: Printworks
Type: Photo Album
Weight: 1300g",,,,,,,,,,,,,,kg,,,active
photo-album-endless-summer-turquoise,,,,,,,,,,,,,,,,,,,,,,,,,,,,,,,https://cdn.shopify.com/s/files/1/0724/3038/7509/files/Printworks_PhotoAlbum_EndlessSummerTurquoise_mood_1.jpg?v=1743595924,2,,,,,,,,,,,,,,,,,,,,,,,
photo-album-endless-summer-turquoise,,,,,,,,,,,,,,,,,,,,,,,,,,,,,,,https://cdn.shopify.com/s/files/1/0724/3038/7509/files/Printworks_photo-album_endless-summer-turquoise_2_b2c9dca5-6ab8-4164-b67d-9a26b13802f1.jpg?v=1764766141,3,,,,,,,,,,,,,,,,,,,,,,,
photo-album-endless-summer-turquoise,,,,,,,,,,,,,,,,,,,,,,,,,,,,,,,https://cdn.shopify.com/s/files/1/0724/3038/7509/files/Printworks_photo-album_endless-summer-turquoise_3.jpg?v=1764766141,4,,,,,,,,,,,,,,,,,,,,,,,
one-step-at-a-time,One Step at a Time,"<p>Discover ""One Step at a Time: A Book About the First Time in My Life"". This beautiful beige book contains 64 pages and is housed in a rusty yellow slipcase, and it is your special place to record those magical moments of your baby's first year. From pregnancy and birth to those memorable first words and steps, ""One Step at a Time"" is the perfect book to document and cherish these moments forever.</p>",Printworks,Fill-in Book,Fill-in Book,"small-bag, YGroup_FillinBook",true,Title,Default Title,,,,,,,,PW00666,900,shopify,deny,manual,39,,true,true,,,,,,https://cdn.shopify.com/s/files/1/0724/3038/7509/files/Printworks_one-step-at-a-time.jpg?v=1743595913,1,,false,,,,"Vendor: Printworks
Type: Fill-in Book
Weight: 900g",,,,,,,,,,,,,,kg,,,active
one-step-at-a-time,,,,,,,,,,,,,,,,,,,,,,,,,,,,,,,https://cdn.shopify.com/s/files/1/0724/3038/7509/files/Printworks_one-step-at-a-time_3_db37c223-139a-4b19-adde-8b779285abf5.jpg?v=1764757843,2,,,,,,,,,,,,,,,,,,,,,,,
one-step-at-a-time,,,,,,,,,,,,,,,,,,,,,,,,,,,,,,,https://cdn.shopify.com/s/files/1/0724/3038/7509/files/Printworks_one-step-at-a-time_2_a7fc6760-66e5-448c-925b-329db718d8b3.jpg?v=1764757843,3,,,,,,,,,,,,,,,,,,,,,,,
one-step-at-a-time,,,,,,,,,,,,,,,,,,,,,,,,,,,,,,,https://cdn.shopify.com/s/files/1/0724/3038/7509/files/Printworks_FillInBook_OneStepAtTime_mood_3.jpg?v=1764757843,4,,,,,,,,,,,,,,,,,,,,,,,
one-step-at-a-time,,,,,,,,,,,,,,,,,,,,,,,,,,,,,,,https://cdn.shopify.com/s/files/1/0724/3038/7509/files/Printworks_FillInBook_OneStepAtTime_mood_1.jpg?v=1764757843,5,,,,,,,,,,,,,,,,,,,,,,,
one-step-at-a-time,,,,,,,,,,,,,,,,,,,,,,,,,,,,,,,https://cdn.shopify.com/s/files/1/0724/3038/7509/files/Printworks_FillInBook_OneStepAtTime_mood_2.jpg?v=1764757843,6,,,,,,,,,,,,,,,,,,,,,,,
one-step-at-a-time,,,,,,,,,,,,,,,,,,,,,,,,,,,,,,,https://cdn.shopify.com/s/files/1/0724/3038/7509/files/Printworks_FillInBook_OneStepAtTime_mood_4.jpg?v=1764757843,7,,,,,,,,,,,,,,,,,,,,,,,
one-step-at-a-time,,,,,,,,,,,,,,,,,,,,,,,,,,,,,,,https://cdn.shopify.com/s/files/1/0724/3038/7509/files/Printworks_one-step-at-a-time_5.jpg?v=1764757843,8,,,,,,,,,,,,,,,,,,,,,,,
one-step-at-a-time,,,,,,,,,,,,,,,,,,,,,,,,,,,,,,,https://cdn.shopify.com/s/files/1/0724/3038/7509/files/Printworks_one-step-at-a-time_4.jpg?v=1764757843,9,,,,,,,,,,,,,,,,,,,,,,,
once-upon-a-time,Once Upon a Time,"<p>Discover ""Once Upon a Time"", the book of your life's unique story. This beautiful sky-blue book, housed in a navy slipcase, is your special place to relive cherished memories, from your family's roots to childhood adventures and life's significant milestones. Fill the 68 pages with your life story and keep your memories alive for generations to come.</p>",Printworks,Fill-in Book,Fill-in Book,"small-bag, YGroup_FillinBook",true,Title,Default Title,,,,,,,,PW00665,900,shopify,deny,manual,39,,true,true,,,,,,https://cdn.shopify.com/s/files/1/0724/3038/7509/files/Printworks_once-upon-a-time.jpg?v=1743595917,1,,false,,,,"Vendor: Printworks
Type: Fill-in Book
Weight: 900g",,,,,,,,,,,,,,kg,,,active
once-upon-a-time,,,,,,,,,,,,,,,,,,,,,,,,,,,,,,,https://cdn.shopify.com/s/files/1/0724/3038/7509/files/Printworks_once-upon-a-time_3_26c1aa59-a845-4315-9771-33f86701382a.jpg?v=1764757804,2,,,,,,,,,,,,,,,,,,,,,,,
once-upon-a-time,,,,,,,,,,,,,,,,,,,,,,,,,,,,,,,https://cdn.shopify.com/s/files/1/0724/3038/7509/files/Printworks_once-upon-a-time_2_abf5f590-15a1-4c02-aeae-e2644dc7c3cd.jpg?v=1764757804,3,,,,,,,,,,,,,,,,,,,,,,,
once-upon-a-time,,,,,,,,,,,,,,,,,,,,,,,,,,,,,,,https://cdn.shopify.com/s/files/1/0724/3038/7509/files/Printworks_FillInBook_OnceUponATime_mood_1.jpg?v=1764757804,4,,,,,,,,,,,,,,,,,,,,,,,
once-upon-a-time,,,,,,,,,,,,,,,,,,,,,,,,,,,,,,,https://cdn.shopify.com/s/files/1/0724/3038/7509/files/Printworks_FillInBook_OnceUponATime_mood_3.jpg?v=1764757804,5,,,,,,,,,,,,,,,,,,,,,,,
once-upon-a-time,,,,,,,,,,,,,,,,,,,,,,,,,,,,,,,https://cdn.shopify.com/s/files/1/0724/3038/7509/files/Printworks_FillInBook_OnceUponATime_mood_2.jpg?v=1764757804,6,,,,,,,,,,,,,,,,,,,,,,,
once-upon-a-time,,,,,,,,,,,,,,,,,,,,,,,,,,,,,,,https://cdn.shopify.com/s/files/1/0724/3038/7509/files/Printworks_once-upon-a-time_5.jpg?v=1764757804,7,,,,,,,,,,,,,,,,,,,,,,,
once-upon-a-time,,,,,,,,,,,,,,,,,,,,,,,,,,,,,,,https://cdn.shopify.com/s/files/1/0724/3038/7509/files/Printworks_once-upon-a-time_4.jpg?v=1764757804,8,,,,,,,,,,,,,,,,,,,,,,,
cat-album-a-cats-life,A Cat's Life,"<p>Discover our coffee table photo album A Cat's Life, dedicated to the cherished life of your furry companion. Featuring a beautiful black cloth cover with white text, <meta charset=""utf-8"">it’s the perfect place to preserve the moments that purr their way into your heart.</p>
<p><meta charset=""utf-8"">The photo album includes 30 pages of high-quality black photo paper in the size 28x21 cm (60 pages if used double-sided), ready for your memories. Easily attach your photos with our <a href=""https://printworksmarket.com/products/photo-album-photo-stickers"">stickers</a> or <a href=""https://printworksmarket.com/collections/photo-album-accessories/products/photo-album-photo-corners"">corners.</a> The album can hold up to 40 pages, and extra <meta charset=""utf-8""><a href=""https://printworksmarket.com/products/photo-album-10-pack-refill-paper-l"">photo paper</a> (large) is available if you need more space.<br><br>Place the photo album on your coffee table to keep those moments always within reach while elevating your home decor.</p>",Printworks,Cat Photo Album,Cat Photo Album,"Large Photo Albums, medium-bag, YGroup_PhotoAlbums",true,Title,Default Title,,,,,,,,PW00660,1300,shopify,deny,manual,55,,true,true,,,,,,https://cdn.shopify.com/s/files/1/0724/3038/7509/files/Printworks_photo-album_a-cats-life.jpg?v=1743595927,1,,false,,,,"Vendor: Printworks
Type: Cat Photo Album
Weight: 1300g",,,,,,,,,,,,,,kg,,,active
cat-album-a-cats-life,,,,,,,,,,,,,,,,,,,,,,,,,,,,,,,https://cdn.shopify.com/s/files/1/0724/3038/7509/files/Printworks_PhotoAlbum_Cat_mood_3.jpg?v=1754900466,2,,,,,,,,,,,,,,,,,,,,,,,
cat-album-a-cats-life,,,,,,,,,,,,,,,,,,,,,,,,,,,,,,,https://cdn.shopify.com/s/files/1/0724/3038/7509/files/Printworks_photo-album_a-cats-life_2_74c673e2-67e3-48fe-ab70-3b2d6bf7f951.jpg?v=1764758845,3,,,,,,,,,,,,,,,,,,,,,,,
cat-album-a-cats-life,,,,,,,,,,,,,,,,,,,,,,,,,,,,,,,https://cdn.shopify.com/s/files/1/0724/3038/7509/files/Printworks_PhotoAlbum_ACatsLife_mood_1.jpg?v=1764758845,4,,,,,,,,,,,,,,,,,,,,,,,
cat-album-a-cats-life,,,,,,,,,,,,,,,,,,,,,,,,,,,,,,,https://cdn.shopify.com/s/files/1/0724/3038/7509/files/Printworks_PhotoAlbum_ACatsLife_mood_2.jpg?v=1764758845,5,,,,,,,,,,,,,,,,,,,,,,,
cat-album-a-cats-life,,,,,,,,,,,,,,,,,,,,,,,,,,,,,,,https://cdn.shopify.com/s/files/1/0724/3038/7509/files/Printworks_photo-album_a-cats-life_3.jpg?v=1764758845,6,,,,,,,,,,,,,,,,,,,,,,,
the-essentials-seafood-tools,Seafood Tools,"<p>Discover our Essential Kit for Seafood lovers, cleverly disguised as an elegant book-like box. It is the perfect fusion of aesthetics and functionality. Upon opening it, you will discover all the essential tools for your beloved seafood parties. All tools are made of stainless steel and are dishwasher safe.<br data-mce-fragment=""1""><br data-mce-fragment=""1"">Included in this kit: <br data-mce-fragment=""1"">• 1 Oyster Knife<br data-mce-fragment=""1"">• 1 Shell Cracker<br data-mce-fragment=""1"">• 4 Seafood Utensils</p>",Printworks,The Essentials,The Essentials,medium-bag,true,Title,Default Title,,,,,,,,PW00647,700,shopify,deny,manual,65,,true,true,,,,,,https://cdn.shopify.com/s/files/1/0724/3038/7509/files/Printworks_Essential_Seafood-tools.jpg?v=1761831576,1,,false,,,,"Vendor: Printworks
Type: The Essentials
Weight: 700g",,,,,,,,,,,,,,kg,,,active
the-essentials-seafood-tools,,,,,,,,,,,,,,,,,,,,,,,,,,,,,,,https://cdn.shopify.com/s/files/1/0724/3038/7509/files/Printworks_essentials_seafood_3_5e20d66f-9569-4a6b-9381-809736f5991c.jpg?v=1764084390,2,,,,,,,,,,,,,,,,,,,,,,,
the-essentials-seafood-tools,,,,,,,,,,,,,,,,,,,,,,,,,,,,,,,https://cdn.shopify.com/s/files/1/0724/3038/7509/files/Printworks_Essentials_Seafood_mood_2.jpg?v=1764084390,3,,,,,,,,,,,,,,,,,,,,,,,
the-essentials-seafood-tools,,,,,,,,,,,,,,,,,,,,,,,,,,,,,,,https://cdn.shopify.com/s/files/1/0724/3038/7509/files/Printworks_Essentials_Seafood_mood_1.jpg?v=1764084390,4,,,,,,,,,,,,,,,,,,,,,,,
the-essentials-seafood-tools,,,,,,,,,,,,,,,,,,,,,,,,,,,,,,,https://cdn.shopify.com/s/files/1/0724/3038/7509/files/Printworks_essentials_seafood_2_70ec67d3-8f56-4ca2-849d-dcc4e6ad3eeb.jpg?v=1764084390,5,,,,,,,,,,,,,,,,,,,,,,,
the-essentials-seafood-tools,,,,,,,,,,,,,,,,,,,,,,,,,,,,,,,https://cdn.shopify.com/s/files/1/0724/3038/7509/files/Printworks_essentials_seafood.jpg?v=1764084390,6,,,,,,,,,,,,,,,,,,,,,,,
the-essentials-pizza-tools,Pizza Tools,"<p>Discover our Essential Kit for Pizza Nights, cleverly disguised as an elegant book-like box. It is the <meta charset=""utf-8""><span data-mce-fragment=""1"">perfect fusion of aesthetics and functionality.</span> Upon opening it, you will discover all the essential tools for a successful pizza-making adventure. <meta charset=""utf-8""><span data-mce-fragment=""1"">All tools are made of stainless steel and are dishwasher safe.</span></p>
<p>Included in this kit: <br data-mce-fragment=""1"">• 1 Pizza Cutter<br data-mce-fragment=""1"">• 1 Pizza Server Spatula<br></p>",Printworks,The Essentials,The Essentials,medium-bag,true,Title,Default Title,,,,,,,,PW00645,600,shopify,deny,manual,45,,true,true,,,,,,https://cdn.shopify.com/s/files/1/0724/3038/7509/files/Printworks_Essential_Pizza-tools.jpg?v=1761831603,1,,false,,,,"Vendor: Printworks
Type: The Essentials
Weight: 600g",,,,,,,,,,,,,,kg,,,active
the-essentials-pizza-tools,,,,,,,,,,,,,,,,,,,,,,,,,,,,,,,https://cdn.shopify.com/s/files/1/0724/3038/7509/files/Printworks_essentials_pizza_3_a7bf81f6-e380-45f0-9fb7-91e6d87f76f7.jpg?v=1764084263,2,,,,,,,,,,,,,,,,,,,,,,,
the-essentials-pizza-tools,,,,,,,,,,,,,,,,,,,,,,,,,,,,,,,https://cdn.shopify.com/s/files/1/0724/3038/7509/files/Printworks_Essentials_Pizza_mood_1.jpg?v=1764084263,3,,,,,,,,,,,,,,,,,,,,,,,
the-essentials-pizza-tools,,,,,,,,,,,,,,,,,,,,,,,,,,,,,,,https://cdn.shopify.com/s/files/1/0724/3038/7509/files/Printworks_Essentials_Pizza_mood_2.jpg?v=1764084263,4,,,,,,,,,,,,,,,,,,,,,,,
the-essentials-pizza-tools,,,,,,,,,,,,,,,,,,,,,,,,,,,,,,,https://cdn.shopify.com/s/files/1/0724/3038/7509/files/Printworks_essentials_pizza_2_6f8e25aa-77a2-47e5-9cb9-650ba2409fd5.jpg?v=1764084263,5,,,,,,,,,,,,,,,,,,,,,,,
the-essentials-pizza-tools,,,,,,,,,,,,,,,,,,,,,,,,,,,,,,,https://cdn.shopify.com/s/files/1/0724/3038/7509/files/Printworks_essentials_pizza.jpg?v=1764084263,6,,,,,,,,,,,,,,,,,,,,,,,
the-essentials-pasta-tools,Pasta Tools,"<p>Discover our Essential Kit for Pasta Nights, cleverly disguised as an elegant book-like box. It is the perfect fusion of aesthetics and functionality. Upon opening it, you will discover all the essential tools for hosting successful pasta dinners. All tools are made of stainless steel and are dishwasher safe.</p>
<p><strong>Included in this kit:</strong><br>• 1 Spaghetti Measurer<br>• 1 Serving Tong<br>• 1 Grater</p>",Printworks,The Essentials,The Essentials,medium-bag,true,Title,Default Title,,,,,,,,PW00646,700,shopify,deny,manual,45,,true,true,,,,,,https://cdn.shopify.com/s/files/1/0724/3038/7509/files/Printworks_Essential_Pasta-tools.jpg?v=1761831622,1,,false,,,,"Vendor: Printworks
Type: The Essentials
Weight: 700g",,,,,,,,,,,,,,kg,,,active
the-essentials-pasta-tools,,,,,,,,,,,,,,,,,,,,,,,,,,,,,,,https://cdn.shopify.com/s/files/1/0724/3038/7509/files/Printworks_essentials_pasta_3_1f740938-dec6-478a-b927-6b31ebc06146.jpg?v=1764084215,2,,,,,,,,,,,,,,,,,,,,,,,
the-essentials-pasta-tools,,,,,,,,,,,,,,,,,,,,,,,,,,,,,,,https://cdn.shopify.com/s/files/1/0724/3038/7509/files/Printworks_essentials_pasta_2_4c9f317a-e426-4af5-8b1d-be8000557ded.jpg?v=1764084215,3,,,,,,,,,,,,,,,,,,,,,,,
the-essentials-pasta-tools,,,,,,,,,,,,,,,,,,,,,,,,,,,,,,,https://cdn.shopify.com/s/files/1/0724/3038/7509/files/Printworks_Essentials_Pasta_mood_1.jpg?v=1764084215,4,,,,,,,,,,,,,,,,,,,,,,,
the-essentials-pasta-tools,,,,,,,,,,,,,,,,,,,,,,,,,,,,,,,https://cdn.shopify.com/s/files/1/0724/3038/7509/files/Printworks_Essentials_Pasta_mood_2.jpg?v=1764084215,5,,,,,,,,,,,,,,,,,,,,,,,
the-essentials-pasta-tools,,,,,,,,,,,,,,,,,,,,,,,,,,,,,,,https://cdn.shopify.com/s/files/1/0724/3038/7509/files/Printworks_essentials_pasta.jpg?v=1764084215,6,,,,,,,,,,,,,,,,,,,,,,,
photo-album-endless-summer-maroon,"Endless Summer, Maroon","<p>Discover our Endless Summer coffee table photo album, featuring an elegant maroon cloth cover. </p>
<p><meta charset=""utf-8"">The photo album includes 30 pages of high-quality white photo paper in the size 28x21 cm (60 pages if used double-sided), ready for your memories. Easily attach your photos with our <a href=""https://printworksmarket.com/products/photo-album-photo-stickers"">stickers</a> or <a href=""https://printworksmarket.com/collections/photo-album-accessories/products/photo-album-photo-corners"">corners.</a> The album can hold up to 40 pages, and extra <a href=""https://printworksmarket.com/products/photo-paper-large-white-10-pack"">photo paper</a> (large) is available if you need more space.<br><br><meta charset=""utf-8"">Place the photo album on your coffee table to keep those moments always within reach while elevating your home decor.</p>",Printworks,Photo Album,Photo Album,"medium-bag, YGroup_PhotoAlbums",true,Title,Default Title,,,,,,,,PW00667,1300,shopify,deny,manual,55,,true,true,,,,,,https://cdn.shopify.com/s/files/1/0724/3038/7509/files/Printworks_photo-album_endless-summer-maroon.jpg?v=1743595921,1,,false,,,,"Vendor: Printworks
Type: Photo Album
Weight: 1300g",,,,,,,,,,,,,,kg,,,active
photo-album-endless-summer-maroon,,,,,,,,,,,,,,,,,,,,,,,,,,,,,,,https://cdn.shopify.com/s/files/1/0724/3038/7509/files/Printworks_PhotoAlbum_EndlessSummerMaroon_mood_1.jpg?v=1743595921,2,,,,,,,,,,,,,,,,,,,,,,,
photo-album-endless-summer-maroon,,,,,,,,,,,,,,,,,,,,,,,,,,,,,,,https://cdn.shopify.com/s/files/1/0724/3038/7509/files/Printworks_photo-album_endless-summer-maroon_2_34452ebd-cdf6-41bf-9de2-4b2bcdf08c58.jpg?v=1764766121,3,,,,,,,,,,,,,,,,,,,,,,,
photo-album-endless-summer-maroon,,,,,,,,,,,,,,,,,,,,,,,,,,,,,,,https://cdn.shopify.com/s/files/1/0724/3038/7509/files/Printworks_photo-album_endless-summer-maroon_3.jpg?v=1764766121,4,,,,,,,,,,,,,,,,,,,,,,,
puzzle-iconic-buildings-1000-pieces,"Iconic Buildings, 1000 pieces","<p>Discover our captivating 1000-piece puzzle, showcasing iconic buildings from around the globe. Spend hours assembling it while being introduced to impressive architectural complexity and significant historical importance. It's an enjoyable activity to share with friends and family—visit the world of great architecture without even needing to pack a bag. Bon Voyage!</p>
<p>The puzzle measures 70x50 cm when completed.</p>",Printworks,Puzzle,Puzzle,"small-bag, YGroup_MemoGame",true,Title,Default Title,,,,,,,,PW00643,900,shopify,deny,manual,29,,true,true,,,,,,https://cdn.shopify.com/s/files/1/0724/3038/7509/files/Printworks_puzzles_buildings.jpg?v=1743595930,1,,false,,,,"Vendor: Printworks
Type: Puzzle
Weight: 900g",,,,,,,,,,,,,,kg,,,active
puzzle-iconic-buildings-1000-pieces,,,,,,,,,,,,,,,,,,,,,,,,,,,,,,,https://cdn.shopify.com/s/files/1/0724/3038/7509/files/Printworks_Puzzle_IconicBuliding_mood_1.jpg?v=1743595931,2,,,,,,,,,,,,,,,,,,,,,,,
puzzle-iconic-buildings-1000-pieces,,,,,,,,,,,,,,,,,,,,,,,,,,,,,,,https://cdn.shopify.com/s/files/1/0724/3038/7509/files/Printworks_puzzles_buildings_2.jpg?v=1743595931,3,,,,,,,,,,,,,,,,,,,,,,,
collage-maker,Collage Maker,"<p>Our Collage Maker allows you to create your own collage masterpieces in the blink of an eye. With 55 ready-made, high-quality paper shapes in a beautiful palette, the possibilities are endless. Whether you do this creative activity alone or in the company of friends, the end result is a timeless piece of art that can hang on your walls at home forever.</p>
<p>Included in our Collage Maker: 5x sheets of white high-quality 350-gram paper to apply your collages on , 55x unique shapes on 350-gram colored paper, 2x cans of transparent glue, 1x fine brush, 1x sponge brush (to cover larger areas with glue)</p>",Printworks,Crafting Tool,Crafting Tool,large-bag,true,Title,Default Title,,,,,,,,PW00661,1900,shopify,deny,manual,45,,true,true,,,,,,https://cdn.shopify.com/s/files/1/0724/3038/7509/files/Printworks_collage-maker_e7cb9795-c53b-465a-a6ab-de4c582cb7c2.jpg?v=1764081428,1,,false,,,,"Vendor: Printworks
Type: Crafting Tool
Weight: 1900g",,,,,,,,,,,,,,kg,,,active
collage-maker,,,,,,,,,,,,,,,,,,,,,,,,,,,,,,,https://cdn.shopify.com/s/files/1/0724/3038/7509/files/Printworks_collage-maker_2_26ae6ab5-5791-4293-86f5-d37c472ed2c4.jpg?v=1764081428,2,,,,,,,,,,,,,,,,,,,,,,,
collage-maker,,,,,,,,,,,,,,,,,,,,,,,,,,,,,,,https://cdn.shopify.com/s/files/1/0724/3038/7509/files/Printworks_Art_CollageMaker_mood_1.jpg?v=1764081428,3,,,,,,,,,,,,,,,,,,,,,,,
collage-maker,,,,,,,,,,,,,,,,,,,,,,,,,,,,,,,https://cdn.shopify.com/s/files/1/0724/3038/7509/files/Printworks_collage-maker_3_45aeeb8c-ffa7-4533-bdec-c7933149f8e2.jpg?v=1764081428,4,,,,,,,,,,,,,,,,,,,,,,,
collage-maker,,,,,,,,,,,,,,,,,,,,,,,,,,,,,,,https://cdn.shopify.com/s/files/1/0724/3038/7509/files/Printworks_Art_CollageMaker_mood_2.jpg?v=1764081428,5,,,,,,,,,,,,,,,,,,,,,,,
collage-maker,,,,,,,,,,,,,,,,,,,,,,,,,,,,,,,https://cdn.shopify.com/s/files/1/0724/3038/7509/files/Printworks_collage-maker_4.jpg?v=1764081428,6,,,,,,,,,,,,,,,,,,,,,,,
dog-album-insert-paper,"A Dog's Life, Insert Paper","<p><meta charset=""utf-8"">Our Dog Insert Papers are the perfect complement to our photo album <a href=""https://printworksmarket.com/collections/photo-albums/products/dog-album-a-dogs-life"" target=""_blank"">""A Dog's Life""</a>. The set includes 10 illustrated pages for you to fill with milestones and memories to be cherished for a lifetime. Use these and create a one-of-a-kind album featuring your favorite memories of your dog.</p>",Printworks,Dog Album Insert Paper,Dog Album Insert Paper,"Large Photo Album Accessories, NEWS",true,Title,Default Title,,,,,,,,PW00642,130,shopify,deny,manual,10,,true,true,,,,,,https://cdn.shopify.com/s/files/1/0724/3038/7509/files/Printworks_insert-papper_dog_4ba58d1c-6fb1-40b4-9429-71ee5c2c9966.jpg?v=1764756417,1,,false,,,,"Vendor: Printworks
Type: Dog Album Insert Paper
Weight: 130g",,,,,,,,,,,,,,kg,,,active
dog-album-insert-paper,,,,,,,,,,,,,,,,,,,,,,,,,,,,,,,https://cdn.shopify.com/s/files/1/0724/3038/7509/files/Printworks_PhotoAlbumAccessories_DogInsert_mood_1_4f9723a1-202b-4975-a38d-27b2eba1ed44.jpg?v=1764756417,2,,,,,,,,,,,,,,,,,,,,,,,
the-essentials-cheese-tools,Cheese Tools,"Introducing the essential kit for your cheese board - a refined toolbox in an elegant book-like box that makes the perfect going-away gift. Inside, you'll find three knives suitable for your favorite cheese varieties. From soft Brie to crumbly Blue Cheese and robust Parmesan, we've got you covered. All products are made of stainless steel and are dishwasher safe.<br data-mce-fragment=""1""><br data-mce-fragment=""1""><strong>Included in this set:</strong><br data-mce-fragment=""1"">• 1 Pronged Knife: For soft and semi-soft cheeses like Brie or Camembert.<br data-mce-fragment=""1"">• 1 Chisel Knife: Perfect for crumbly options like Blue Cheese or Feta.<br data-mce-fragment=""1"">• 1 Heart Knife: Versatile enough for hard cheeses such as Parmesan.<br data-mce-fragment=""1"">• Plus, find a guide for assembling your perfect cheese platter.",Printworks,The Essentials,The Essentials,small-bag,true,Title,Default Title,,,,,,,,PW00627,510,shopify,deny,manual,55,,true,true,,,,,,https://cdn.shopify.com/s/files/1/0724/3038/7509/files/Printworks_Essential_Cheese-tools.jpg?v=1761832050,1,,false,,,,"Vendor: Printworks
Type: The Essentials
Weight: 510g",,,,,,,,,,,,,,kg,,,active
the-essentials-cheese-tools,,,,,,,,,,,,,,,,,,,,,,,,,,,,,,,https://cdn.shopify.com/s/files/1/0724/3038/7509/files/Printworks_essentials_cheese_3_8269fc80-18a3-4e72-8e6e-a01c2dce6e4e.jpg?v=1764082759,2,,,,,,,,,,,,,,,,,,,,,,,
the-essentials-cheese-tools,,,,,,,,,,,,,,,,,,,,,,,,,,,,,,,https://cdn.shopify.com/s/files/1/0724/3038/7509/files/Printworks_Cheese_mood_2.jpg?v=1764082759,3,,,,,,,,,,,,,,,,,,,,,,,
the-essentials-cheese-tools,,,,,,,,,,,,,,,,,,,,,,,,,,,,,,,https://cdn.shopify.com/s/files/1/0724/3038/7509/files/Printworks_Cheese_mood_3.jpg?v=1764082759,4,,,,,,,,,,,,,,,,,,,,,,,
the-essentials-cheese-tools,,,,,,,,,,,,,,,,,,,,,,,,,,,,,,,https://cdn.shopify.com/s/files/1/0724/3038/7509/files/Printworks_essentials_cheese_2_137f8053-a1f6-43f6-b10d-f89db0990883.jpg?v=1764082759,5,,,,,,,,,,,,,,,,,,,,,,,
the-essentials-cheese-tools,,,,,,,,,,,,,,,,,,,,,,,,,,,,,,,https://cdn.shopify.com/s/files/1/0724/3038/7509/files/Printworks_Essentials_Cheese_mood_1.jpg?v=1764082759,6,,,,,,,,,,,,,,,,,,,,,,,
the-essentials-cheese-tools,,,,,,,,,,,,,,,,,,,,,,,,,,,,,,,https://cdn.shopify.com/s/files/1/0724/3038/7509/files/Printworks_essentials_cheese_acdfbe92-58aa-4ec9-817d-e48fd213081d.jpg?v=1764082739,7,,,,,,,,,,,,,,,,,,,,,,,
recipe-book-todays-special,Today's Special,"<p><meta charset=""utf-8""><span data-mce-fragment=""1"">In this elegant recipe book, you can easily write down recipes and cooking ingredients for all your favorite dishes. Simply put, it's a cookbook with only the dishes you like the most. The book contains 50 sheets (100 pages) of wood-free paper with lines for ingredients and directions, and has an ivory white slipcase designed to protect and store the vibrant red-colored book. </span></p>
<p><span data-mce-fragment=""1"">Let your signature dishes live on for generations to come. </span></p>",Printworks,Recipe Book,Recipe Book,"NEWS, small-bag",true,Title,Default Title,,,,,,,,PW00617,700,shopify,deny,manual,39,,true,true,,,,,,https://cdn.shopify.com/s/files/1/0724/3038/7509/files/Printworks_recipe-book.jpg?v=1743596002,1,,false,,,,"Vendor: Printworks
Type: Recipe Book
Weight: 700g",,,,,,,,,,,,,,kg,,,active
recipe-book-todays-special,,,,,,,,,,,,,,,,,,,,,,,,,,,,,,,https://cdn.shopify.com/s/files/1/0724/3038/7509/files/Printworks_recipe-book_2_7b43b613-3ea7-456d-ab86-c30156ea793b.jpg?v=1764771328,2,,,,,,,,,,,,,,,,,,,,,,,
recipe-book-todays-special,,,,,,,,,,,,,,,,,,,,,,,,,,,,,,,https://cdn.shopify.com/s/files/1/0724/3038/7509/files/Printworks_FillInBook_Recipe_mood_2.jpg?v=1764771328,3,,,,,,,,,,,,,,,,,,,,,,,
recipe-book-todays-special,,,,,,,,,,,,,,,,,,,,,,,,,,,,,,,https://cdn.shopify.com/s/files/1/0724/3038/7509/files/Printworks_FillInBook_Recipe_mood_1.jpg?v=1764771328,4,,,,,,,,,,,,,,,,,,,,,,,
recipe-book-todays-special,,,,,,,,,,,,,,,,,,,,,,,,,,,,,,,https://cdn.shopify.com/s/files/1/0724/3038/7509/files/Printworks_FillInBook_Recipe_mood_3.jpg?v=1764771328,5,,,,,,,,,,,,,,,,,,,,,,,
recipe-book-todays-special,,,,,,,,,,,,,,,,,,,,,,,,,,,,,,,https://cdn.shopify.com/s/files/1/0724/3038/7509/files/Printworks_recipe-book_4_55a794bb-d03f-40b4-9509-ea8b7a4d73af.jpg?v=1764771328,6,,,,,,,,,,,,,,,,,,,,,,,
recipe-book-todays-special,,,,,,,,,,,,,,,,,,,,,,,,,,,,,,,https://cdn.shopify.com/s/files/1/0724/3038/7509/files/Printworks_recipe-book_3_0c242893-84ac-4200-a6d3-36f74046a552.jpg?v=1764771328,7,,,,,,,,,,,,,,,,,,,,,,,
the-essentials-tea-tools,Tea Tools,"<p>Introducing the essential kit for all tea lovers - a refined toolbox in an elegant book-like box that makes the perfect going-away gift. Inside, you'll find all the necessities to elevate your tea nights. All products are made of stainless steel and are dishwasher safe.<br><br>Included in this set:<br data-mce-fragment=""1"">• Tea Tongs - Pick up your tea bags with grace without getting any fingers burned.<br data-mce-fragment=""1"">• Tea Infuser - An easy to use infuser, with a clever design to fill and remove tea leaves.<br data-mce-fragment=""1"">• Honey Dipper - Helps you easily collect and distribute honey from the jar without any mess.<br></p>",Printworks,The Essentials,The Essentials,small-bag,true,Title,Default Title,,,,,,,,PW00631,500,shopify,deny,manual,50,,true,true,,,,,,https://cdn.shopify.com/s/files/1/0724/3038/7509/files/Printworks_Essential_Tea-tools.jpg?v=1762330881,1,,false,,,,"Vendor: Printworks
Type: The Essentials
Weight: 500g",,,,,,,,,,,,,,kg,,,active
the-essentials-tea-tools,,,,,,,,,,,,,,,,,,,,,,,,,,,,,,,https://cdn.shopify.com/s/files/1/0724/3038/7509/files/Printworks_essentials_tea_3.jpg?v=1762330881,2,,,,,,,,,,,,,,,,,,,,,,,
the-essentials-tea-tools,,,,,,,,,,,,,,,,,,,,,,,,,,,,,,,https://cdn.shopify.com/s/files/1/0724/3038/7509/files/Printworks_Essentials_Tea_mood_1.jpg?v=1762330881,3,,,,,,,,,,,,,,,,,,,,,,,
the-essentials-tea-tools,,,,,,,,,,,,,,,,,,,,,,,,,,,,,,,https://cdn.shopify.com/s/files/1/0724/3038/7509/files/Printworks_Essentials_Tea_mood_3.jpg?v=1762330881,4,,,,,,,,,,,,,,,,,,,,,,,
the-essentials-tea-tools,,,,,,,,,,,,,,,,,,,,,,,,,,,,,,,https://cdn.shopify.com/s/files/1/0724/3038/7509/files/Printworks_Essentials_Tea_mood_2.jpg?v=1762330881,5,,,,,,,,,,,,,,,,,,,,,,,
the-essentials-tea-tools,,,,,,,,,,,,,,,,,,,,,,,,,,,,,,,https://cdn.shopify.com/s/files/1/0724/3038/7509/files/Printworks_essentials_tea_2.jpg?v=1762330881,6,,,,,,,,,,,,,,,,,,,,,,,
the-essentials-tea-tools,,,,,,,,,,,,,,,,,,,,,,,,,,,,,,,https://cdn.shopify.com/s/files/1/0724/3038/7509/files/Printworks_essentials_tea.jpg?v=1762330881,7,,,,,,,,,,,,,,,,,,,,,,,
the-essentials-cocktail-tools,Cocktail Tools,"<p>Introducing the essential kit for creating the most refreshing cocktails - a refined toolbox in an elegant book-like box that makes the perfect going-away gift. Inside, you'll find ice tongs, a Hawthorne strainer, and a jigger, each serving as essential tools in the world of mixology to ensure the creation of a well-crafted and balanced drink. All products are made of stainless steel and are dishwasher safe.<br data-mce-fragment=""1""><br data-mce-fragment=""1"">Included in this set: <br data-mce-fragment=""1"">• Ice Tongs - The elegant way to lift ice cubes and carefully lower them into your cocktail.<br data-mce-fragment=""1"">• Hawthorne Strainer - Use to filter your drink ingredients when pouring your cocktail into a glass. It is a classic item in any bar worth the name since 1894.<br data-mce-fragment=""1"">• Jigger - The Jigger is used to measure and poor liquids, a key bartending tool.<br data-mce-fragment=""1"">• Guide to Classic Cocktails and how to prepare them.<br></p>",Printworks,The Essentials,The Essentials,medium-bag,true,Title,Default Title,,,,,,,,PW00628,570,shopify,deny,manual,60,,true,true,,,,,,https://cdn.shopify.com/s/files/1/0724/3038/7509/files/Printworks_Essential_Cocktail-tools.jpg?v=1761832075,1,,false,,,,"Vendor: Printworks
Type: The Essentials
Weight: 570g",,,,,,,,,,,,,,kg,,,active
the-essentials-cocktail-tools,,,,,,,,,,,,,,,,,,,,,,,,,,,,,,,https://cdn.shopify.com/s/files/1/0724/3038/7509/files/Printworks_essentials_cocktail_3_f497c0bd-d6fc-4657-a006-8cbb8b274fd4.jpg?v=1764083247,2,,,,,,,,,,,,,,,,,,,,,,,
the-essentials-cocktail-tools,,,,,,,,,,,,,,,,,,,,,,,,,,,,,,,https://cdn.shopify.com/s/files/1/0724/3038/7509/files/Printworks_Essentials_Drink_mood_2.jpg?v=1764083247,3,,,,,,,,,,,,,,,,,,,,,,,
the-essentials-cocktail-tools,,,,,,,,,,,,,,,,,,,,,,,,,,,,,,,https://cdn.shopify.com/s/files/1/0724/3038/7509/files/Printworks_Essentials_Drink_mood_1.jpg?v=1764083247,4,,,,,,,,,,,,,,,,,,,,,,,
the-essentials-cocktail-tools,,,,,,,,,,,,,,,,,,,,,,,,,,,,,,,https://cdn.shopify.com/s/files/1/0724/3038/7509/files/Printworks_essentials_cocktail_2_9fdd6994-0e7f-4e7d-afb8-4f131fbf762b.jpg?v=1764083247,5,,,,,,,,,,,,,,,,,,,,,,,
the-essentials-cocktail-tools,,,,,,,,,,,,,,,,,,,,,,,,,,,,,,,https://cdn.shopify.com/s/files/1/0724/3038/7509/files/Printworks_essentials_cocktail.jpg?v=1764083247,6,,,,,,,,,,,,,,,,,,,,,,,
the-essentials-wine-tools,Wine Tools,"Discover the essential kit for perfecting your wine experience - a refined toolbox in an elegant book-like box that makes the perfect going-away gift. Inside, you'll find an opener, stopper, pourer, and collar, each serving as essential tools in wine appreciation. All products are made of stainless steel and are dishwasher safe.<br data-mce-fragment=""1""><br data-mce-fragment=""1""><strong>Included in this set:</strong><br data-mce-fragment=""1"">• Opener - The essential wine key with a worm, lever, and foil cutter.<br data-mce-fragment=""1"">• Stopper - To protect and keep opened bottles fresh.<br data-mce-fragment=""1"">• Pourer - Allows the wine to breathe when its poured.<br data-mce-fragment=""1"">• Collar - Protects your table from wine stains and spills.<br>",Printworks,The Essentials,The Essentials,small-bag,true,Title,Default Title,,,,,,,,PW00629,360,shopify,deny,manual,45,,true,true,,,,,,https://cdn.shopify.com/s/files/1/0724/3038/7509/files/Printworks_Essential_Wine-tools_5946a14d-b065-4540-8a5c-d38c3ee9d1ba.jpg?v=1762330256,1,,false,,,,"Vendor: Printworks
Type: The Essentials
Weight: 360g",,,,,,,,,,,,,,kg,,,active
the-essentials-wine-tools,,,,,,,,,,,,,,,,,,,,,,,,,,,,,,,https://cdn.shopify.com/s/files/1/0724/3038/7509/files/Printworks_essentials_wine_green_NEW3.jpg?v=1762330256,2,,,,,,,,,,,,,,,,,,,,,,,
the-essentials-wine-tools,,,,,,,,,,,,,,,,,,,,,,,,,,,,,,,https://cdn.shopify.com/s/files/1/0724/3038/7509/files/Printworks_Wine_mood_3.jpg?v=1762330256,3,,,,,,,,,,,,,,,,,,,,,,,
the-essentials-wine-tools,,,,,,,,,,,,,,,,,,,,,,,,,,,,,,,https://cdn.shopify.com/s/files/1/0724/3038/7509/files/Printworks_Essentials_Wine_mood_1.jpg?v=1762330256,4,,,,,,,,,,,,,,,,,,,,,,,
the-essentials-wine-tools,,,,,,,,,,,,,,,,,,,,,,,,,,,,,,,https://cdn.shopify.com/s/files/1/0724/3038/7509/files/Printworks_essentials_wine-beige_4_621bd9c7-3097-4604-bb71-fc9ff97e930c.jpg?v=1767777806,5,,,,,,,,,,,,,,,,,,,,,,,
the-essentials-wine-tools,,,,,,,,,,,,,,,,,,,,,,,,,,,,,,,https://cdn.shopify.com/s/files/1/0724/3038/7509/files/Printworks_essentials_wine.jpg?v=1767777806,6,,,,,,,,,,,,,,,,,,,,,,,
photo-book-life-black,"Life, Black","<p>Discover our bestselling photo book Life, featuring a beautiful hardcover bookshelf design covered in black cloth with white text.<br><br>The photo book includes 40 pages of high-quality white photo paper <meta charset=""utf-8""><meta charset=""utf-8"">in the size 18x26,5 cm (80 pages if used double-sided), ready for your memories. <meta charset=""utf-8"">Easily attach your photos with our <a href=""https://printworksmarket.com/products/photo-album-photo-stickers"">stickers</a> or <a href=""https://printworksmarket.com/collections/photo-album-accessories/products/photo-album-photo-corners"">corners.</a><br></p>
<p><meta charset=""utf-8"">Please note, the binding technique of this album allows it to expand as you place photos on every page. It's designed so that once filled with photos, and not before, it takes on the shape of a 90-degree coffee table book.</p>",Printworks,Photo Book,Photo Book,"Bookshelf Albums, NEWS, small-bag, YGroup_PhotoBook",true,Title,Default Title,,,,,,,,PW00632,500,shopify,deny,manual,35,,true,true,,,,,,https://cdn.shopify.com/s/files/1/0724/3038/7509/files/Printworks_photo-book_life-black.jpg?v=1743595992,1,,false,,,,"Vendor: Printworks
Type: Photo Book
Weight: 500g",,,,,,,,,,,,,,kg,,,active
photo-book-life-black,,,,,,,,,,,,,,,,,,,,,,,,,,,,,,,https://cdn.shopify.com/s/files/1/0724/3038/7509/files/Printworks_PhotoBook_LifeBlack_mood_2.jpg?v=1743595992,2,,,,,,,,,,,,,,,,,,,,,,,
photo-book-life-black,,,,,,,,,,,,,,,,,,,,,,,,,,,,,,,https://cdn.shopify.com/s/files/1/0724/3038/7509/files/Printworks_photo-book_life-black_2.jpg?v=1743595992,3,,,,,,,,,,,,,,,,,,,,,,,
photo-book-life-black,,,,,,,,,,,,,,,,,,,,,,,,,,,,,,,https://cdn.shopify.com/s/files/1/0724/3038/7509/files/Printworks_PhotoBook_LifeBlack_mood_1.jpg?v=1743595992,4,,,,,,,,,,,,,,,,,,,,,,,
photo-book-life-black,,,,,,,,,,,,,,,,,,,,,,,,,,,,,,,https://cdn.shopify.com/s/files/1/0724/3038/7509/files/Printworks_photo-book_life-black_3.jpg?v=1743595992,5,,,,,,,,,,,,,,,,,,,,,,,
dog-album-a-dogs-life,A Dog's Life,"<p><meta charset=""utf-8""> <meta charset=""utf-8"">Discover our coffee table photo album <meta charset=""utf-8"">A Dog's Life, dedicated to the cherished life of your four-legged best friend. Featuring a beautiful beige cloth cover with white text, <meta charset=""utf-8"">it’s made to hold the memories that wag their way into your heart.<br><br><meta charset=""utf-8"">The photo album includes 30 pages of high-quality white photo paper in the size 28x21 cm (60 pages if used double-sided), ready for your memories. Easily attach your photos with our <a href=""https://printworksmarket.com/products/photo-album-photo-stickers"">stickers</a> or <a href=""https://printworksmarket.com/collections/photo-album-accessories/products/photo-album-photo-corners"">corners.</a> The album can hold up to 40 pages, and extra <a href=""https://printworksmarket.com/products/photo-paper-large-white-10-pack"">photo paper</a> (large) is available if you need more space.<br></p>
<p>Complement your Dog Album with our<a href=""https://printworksmarket.com/products/dog-album-insert-paper""> Dog Album Insert Papers</a> to create a one-of-a-kind album featuring your favorite memories of your dog.</p>",Printworks,Dog Photo Album,Dog Photo Album,"Large Photo Albums, medium-bag, NEWS, YGroup_PhotoAlbums",true,Title,Default Title,,,,,,,,PW00621,1300,shopify,deny,manual,55,,true,true,,,,,,https://cdn.shopify.com/s/files/1/0724/3038/7509/files/Printworks_photo-album_a-dogs-life.jpg?v=1743595989,1,,false,,,,"Vendor: Printworks
Type: Dog Photo Album
Weight: 1300g",,,,,,,,,,,,,,kg,,,active
dog-album-a-dogs-life,,,,,,,,,,,,,,,,,,,,,,,,,,,,,,,https://cdn.shopify.com/s/files/1/0724/3038/7509/files/Printworks_PhotoAlbum_ADogsLife_mood_1_ecbd8c81-1d30-47ea-b93d-67e85f31508a.jpg?v=1743595989,2,,,,,,,,,,,,,,,,,,,,,,,
dog-album-a-dogs-life,,,,,,,,,,,,,,,,,,,,,,,,,,,,,,,https://cdn.shopify.com/s/files/1/0724/3038/7509/files/Printworks_photo-album_a-dogs-life_2_2135e979-4b11-471c-9d86-39bd3ac30250.jpg?v=1764758869,3,,,,,,,,,,,,,,,,,,,,,,,
dog-album-a-dogs-life,,,,,,,,,,,,,,,,,,,,,,,,,,,,,,,https://cdn.shopify.com/s/files/1/0724/3038/7509/files/Printworks_PhotoAlbum_ADogsLife_mood_2_1eb2d245-1b0a-4650-b31e-266625bfd99b.jpg?v=1764758869,4,,,,,,,,,,,,,,,,,,,,,,,
dog-album-a-dogs-life,,,,,,,,,,,,,,,,,,,,,,,,,,,,,,,https://cdn.shopify.com/s/files/1/0724/3038/7509/files/Printworks_photo-album_a-dogs-life_3.jpg?v=1764758869,5,,,,,,,,,,,,,,,,,,,,,,,
memo-game-iconic-athletes,Iconic Athletes,"<meta charset=""utf-8""><span data-mce-fragment=""1"">Discover Iconic Athletes - an educational memory game that introduces you to some of the most iconic athletes of our time. The game includes 25 athletes, and the challenge is to match them with their respective sports. Put on your tracksuit and let the fun begin.</span>",Printworks,Memo Game,Memo Game,"small-bag, YGroup_MemoGame",true,Title,Default Title,,,,,,,,PW00616,300,shopify,deny,manual,25,,true,true,,,,,,https://cdn.shopify.com/s/files/1/0724/3038/7509/files/Printworks_memo_athlets_2_190579f8-59ea-4276-b473-e670ce8a0d69.jpg?v=1764756929,1,,false,,,,"Vendor: Printworks
Type: Memo Game
Weight: 300g",,,,,,,,,,,,,,kg,,,active
memo-game-iconic-athletes,,,,,,,,,,,,,,,,,,,,,,,,,,,,,,,https://cdn.shopify.com/s/files/1/0724/3038/7509/files/Printworks_memo_athlets_c2979f91-4689-4c46-becf-7ae2ac883f25.jpg?v=1764756928,2,,,,,,,,,,,,,,,,,,,,,,,
photo-album-photo-corners-white,"Photo corners, White","<p><meta charset=""utf-8""><span data-mce-fragment=""1"">Attach your photos hassle-free with our matt white stick-on photo corners, which are seamlessly placed in each corner of the photo, framing your cherished moments with a delicate touch. The package contains 48 acid-free photo corners.</span></p>",Printworks,Photo Album Accessories,Photo Album Accessories,"Bookshelf Album Accessories, Large Photo Album Accessories, Small Photo Album Accessories, YGroup_PhotoCorners",true,Title,Default Title,,,,,,,,PW00635,100,shopify,deny,manual,9,,true,true,,,,,,https://cdn.shopify.com/s/files/1/0724/3038/7509/files/Printworks_corner_white_887590e7-98fb-4ea7-bac8-bc17f13d6475.jpg?v=1764081589,1,,false,,,,"Vendor: Printworks
Type: Photo Album Accessories
Weight: 100g",,,,,,,,,,,,,,kg,,,active
photo-album-photo-corners-white,,,,,,,,,,,,,,,,,,,,,,,,,,,,,,,https://cdn.shopify.com/s/files/1/0724/3038/7509/files/Printworks_corner_white_3_99d84114-1d38-443d-a071-1680fb3d56db.jpg?v=1764081589,2,,,,,,,,,,,,,,,,,,,,,,,
photo-album-photo-corners-white,,,,,,,,,,,,,,,,,,,,,,,,,,,,,,,https://cdn.shopify.com/s/files/1/0724/3038/7509/files/Printworks_corner_white_2_e20c59f0-3208-4c53-a117-9510fbf98f77.jpg?v=1764081589,3,,,,,,,,,,,,,,,,,,,,,,,
photo-album-photo-corners-black,"Photo corners, Black","<p><meta charset=""utf-8""><span>Attach your photos hassle-free with our matt black stick-on photo corners, which are seamlessly placed in each corner of the photo, framing your cherished moments with a delicate touch. The package contains 48 acid-free photo corners.</span></p>",Printworks,Photo Album Accessories,Photo Album Accessories,"Bookshelf Album Accessories, Large Photo Album Accessories, Small Photo Album Accessories, YGroup_PhotoCorners",true,Title,Default Title,,,,,,,,PW00618,100,shopify,deny,manual,9,,true,true,,,,,,https://cdn.shopify.com/s/files/1/0724/3038/7509/files/Printworks_corner_black_2819b6dd-ed67-4a75-b473-25ad6d66c3e6.jpg?v=1764081525,1,,false,,,,"Vendor: Printworks
Type: Photo Album Accessories
Weight: 100g",,,,,,,,,,,,,,kg,,,active
photo-album-photo-corners-black,,,,,,,,,,,,,,,,,,,,,,,,,,,,,,,https://cdn.shopify.com/s/files/1/0724/3038/7509/files/Printworks_corner_black_3_570abd03-53b9-4c24-a8ee-a151e81e4bd8.jpg?v=1764081525,2,,,,,,,,,,,,,,,,,,,,,,,
photo-album-photo-corners-black,,,,,,,,,,,,,,,,,,,,,,,,,,,,,,,https://cdn.shopify.com/s/files/1/0724/3038/7509/files/Printworks_corner_black_2_17bb3f21-9d52-40b7-8c7a-f58ef9d22c1a.jpg?v=1764081525,3,,,,,,,,,,,,,,,,,,,,,,,
photo-stickers,Photo stickers,"<p><meta charset=""utf-8""><span data-mce-fragment=""1"">Experience the invisible and convenient way of attaching photos in our albums with photo stickers. Position one sticker in each corner of your photo and secure it in place effortlessly. This package includes 500 acid-free double adhesive stickers, ensuring your cherished memories are preserved flawlessly.</span></p>",Printworks,Photo Album Accessories,Photo Album Accessories,"Bookshelf Album Accessories, Large Photo Album Accessories, Small Photo Album Accessories",true,Title,Default Title,,,,,,,,PW00619,10,shopify,deny,manual,9,,true,true,,,,,,https://cdn.shopify.com/s/files/1/0724/3038/7509/files/Printworks_stickers_7101bbea-652e-4d08-95ce-933e72108e69.jpg?v=1764771952,1,,false,,,,"Vendor: Printworks
Type: Photo Album Accessories
Weight: 10g",,,,,,,,,,,,,,kg,,,active
photo-stickers,,,,,,,,,,,,,,,,,,,,,,,,,,,,,,,https://cdn.shopify.com/s/files/1/0724/3038/7509/files/Printworks_stickers_3_13c3f17d-1096-4e8f-b7f5-3bfdd3bf53fc.jpg?v=1764771952,2,,,,,,,,,,,,,,,,,,,,,,,
photo-stickers,,,,,,,,,,,,,,,,,,,,,,,,,,,,,,,https://cdn.shopify.com/s/files/1/0724/3038/7509/files/Printworks_stickers_4_a0f3b7fb-6fd0-499f-b258-c262cd4393de.jpg?v=1764771952,3,,,,,,,,,,,,,,,,,,,,,,,
photo-stickers,,,,,,,,,,,,,,,,,,,,,,,,,,,,,,,https://cdn.shopify.com/s/files/1/0724/3038/7509/files/Printworks_stickers_2_47ea9257-693f-423f-a89a-929c279d7f16.jpg?v=1764771952,4,,,,,,,,,,,,,,,,,,,,,,,
photo-stickers,,,,,,,,,,,,,,,,,,,,,,,,,,,,,,,https://cdn.shopify.com/s/files/1/0724/3038/7509/files/Printworks_stickers_5_c01c4205-cbdd-491e-b0e2-d76874bb8282.jpg?v=1764771952,5,,,,,,,,,,,,,,,,,,,,,,,
photo-stickers,,,,,,,,,,,,,,,,,,,,,,,,,,,,,,,https://cdn.shopify.com/s/files/1/0724/3038/7509/files/Printworks_stickers_6_07ec144d-c970-45cc-ba1c-8a0dbc2e968c.jpg?v=1764771952,6,,,,,,,,,,,,,,,,,,,,,,,
baby-album-insert-paper,Baby Album Insert Paper,"<p><meta charset=""utf-8""><span data-mce-fragment=""1"">Discover our Baby Album Insert Paper – perfectly fitted for our Baby Albums. Create a unique book filled with memories of your child's first year. Our Baby Album Insert Paper includes 10 sheets of white paper to document your child's key milestones, ensuring you have memories to remember and cherish for a lifetime. </span>The papers are sized at 28x21 cm and are designed to fit our large photo albums.</p>",Printworks,Baby Album Insert Paper,Baby Album Insert Paper,,true,Title,Default Title,,,,,,,,PW00611,130,shopify,deny,manual,10,,true,true,,,,,,https://cdn.shopify.com/s/files/1/0724/3038/7509/files/Printworks_insert-papper_baby_2548945d-91e4-4921-be75-cca8d59d7a70.jpg?v=1764756382,1,,false,,,,"Vendor: Printworks
Type: Baby Album Insert Paper
Weight: 130g",,,,,,,,,,,,,,kg,,,active
baby-album-insert-paper,,,,,,,,,,,,,,,,,,,,,,,,,,,,,,,https://cdn.shopify.com/s/files/1/0724/3038/7509/files/Printworks_PhotoAlbumAccessories_BabyInsert_mood_1.jpg?v=1764756382,2,,,,,,,,,,,,,,,,,,,,,,,
watercolor-aquarelle-set-of-24,Aquarelle Watercolors,"<p><meta charset=""utf-8""><span data-mce-fragment=""1"">Discover our Aquarelle Watercolors set, stored in an elegant box. With 24 high-pigmented colors, brush, and mixing palettes included, it's the perfect choice to elevate your artistic journey. We recommend complementing your purchase with our <a href=""https://printworksmarket.com/collections/art-essentials/products/aquarelle-paper-pad"" target=""_blank"" rel=""noopener noreferrer"">Aquarelle Paper Pad</a> to enhance your watercolor journey further. </span></p>
<p><span data-mce-fragment=""1"">Unleash your creativity and let your imagination take off with our beautiful watercolors.</span></p>",Printworks,Watercolors,Watercolors,small-bag,true,Title,Default Title,,,,,,,,PW00587,400,shopify,deny,manual,19,,true,true,,,,,,https://cdn.shopify.com/s/files/1/0724/3038/7509/files/Printworks_watercolour.jpg?v=1743596116,1,,false,,,,"Vendor: Printworks
Type: Watercolors
Weight: 400g",,,,,,,,,,,,,,kg,,,active
watercolor-aquarelle-set-of-24,,,,,,,,,,,,,,,,,,,,,,,,,,,,,,,https://cdn.shopify.com/s/files/1/0724/3038/7509/files/Printworks_Art_Watercolour_mood_1.jpg?v=1743596116,2,,,,,,,,,,,,,,,,,,,,,,,
watercolor-aquarelle-set-of-24,,,,,,,,,,,,,,,,,,,,,,,,,,,,,,,https://cdn.shopify.com/s/files/1/0724/3038/7509/files/Printworks_Art_Watercolour_mood_2.jpg?v=1743596116,3,,,,,,,,,,,,,,,,,,,,,,,
watercolor-aquarelle-set-of-24,,,,,,,,,,,,,,,,,,,,,,,,,,,,,,,https://cdn.shopify.com/s/files/1/0724/3038/7509/files/Printworks_watercolour_2.jpg?v=1743596116,4,,,,,,,,,,,,,,,,,,,,,,,
portable-lamp-riviera-stripes,"Riviera, Stripes","<p><meta charset=""utf-8""> <meta charset=""utf-8""></p>
<p data-mce-fragment=""1""><span data-mce-fragment=""1"">Discover our modern-day lantern, a portable lamp spreading its cozy light from room to room. And as a bonus, the lamp's silhouette inspired by beach parasols along the Riviera adds a signature style to your home, even when unlit. Choose from Black, White, Stripes, or Checkers to elevate your home decor.</span></p>
<p data-mce-fragment=""1""><span data-mce-fragment=""1"">Featuring a warm LED light and three levels of touch dimming, adjust it for reading or a cozy mood. It comes with a USB-C cable, offering 8-70 hours of light on a full charge, based on dim level.</span></p>",Printworks,Portable Lamp,Portable Lamp,YGroup_Lamp,true,Title,Default Title,,,,,,,,PW00589,900,shopify,deny,manual,120,,true,true,,,,,,https://cdn.shopify.com/s/files/1/0724/3038/7509/files/Printworks_lamp_stripes_92b4259c-ef61-4774-8604-c664e94cd2e5.jpg?v=1764756471,1,,false,,,,"Vendor: Printworks
Type: Portable Lamp
Weight: 900g",,,,,,,,,,,,,,kg,,,active
portable-lamp-riviera-stripes,,,,,,,,,,,,,,,,,,,,,,,,,,,,,,,https://cdn.shopify.com/s/files/1/0724/3038/7509/files/Printworks_RivieraLamp_Stripes_mood_1.jpg?v=1764756471,2,,,,,,,,,,,,,,,,,,,,,,,
portable-lamp-riviera-stripes,,,,,,,,,,,,,,,,,,,,,,,,,,,,,,,https://cdn.shopify.com/s/files/1/0724/3038/7509/files/Printworks_RivieraLamp_Stripes_mood_2.jpg?v=1764756471,3,,,,,,,,,,,,,,,,,,,,,,,
portable-lamp-riviera-checkers,"Riviera, Checkers","<meta charset=""utf-8""> <meta charset=""utf-8"">
<p data-mce-fragment=""1""><span data-mce-fragment=""1"">Discover our modern-day lantern, a portable lamp spreading its cozy light from room to room. And as a bonus, the lamp's silhouette inspired by beach parasols along the Riviera adds a signature style to your home, even when unlit. Choose from Black, White, Stripes, or Checkers to elevate your home decor.</span></p>
<p data-mce-fragment=""1""><span data-mce-fragment=""1"">Featuring a warm LED light and three levels of touch dimming, adjust it for reading or a cozy mood. It comes with a USB-C cable, offering 8-70 hours of light on a full charge, based on dim level.</span></p>",Printworks,Portable Lamp,Portable Lamp,YGroup_Lamp,true,Title,Default Title,,,,,,,,PW00593,900,shopify,deny,manual,120,,true,true,,,,,,https://cdn.shopify.com/s/files/1/0724/3038/7509/files/Printworks_lamp_checkers_bdef3977-2f24-44b8-b632-fbfc36e84a23.jpg?v=1764756452,1,,false,,,,"Vendor: Printworks
Type: Portable Lamp
Weight: 900g",,,,,,,,,,,,,,kg,,,active
portable-lamp-riviera-checkers,,,,,,,,,,,,,,,,,,,,,,,,,,,,,,,https://cdn.shopify.com/s/files/1/0724/3038/7509/files/Printworks_RivieraLamp_Checkers_mood_1.jpg?v=1764756452,2,,,,,,,,,,,,,,,,,,,,,,,
portable-lamp-riviera-checkers,,,,,,,,,,,,,,,,,,,,,,,,,,,,,,,https://cdn.shopify.com/s/files/1/0724/3038/7509/files/Printworks_RivieraLamp_Checkers_mood_2.jpg?v=1764756452,3,,,,,,,,,,,,,,,,,,,,,,,
portable-lamp-riviera-checkers,,,,,,,,,,,,,,,,,,,,,,,,,,,,,,,https://cdn.shopify.com/s/files/1/0724/3038/7509/files/Printworks_RivieraLamp_Checkers_mood_3.jpg?v=1764756452,4,,,,,,,,,,,,,,,,,,,,,,,
portable-lamp-riviera-black,"Riviera, Black","<p><meta charset=""utf-8""><span data-mce-fragment=""1"">Discover our modern-day lantern, a portable lamp spreading its cozy light from room to room. And as a bonus, the lamp's silhouette inspired by beach parasols along the Riviera adds a signature style to your home, even when unlit. Choose from Black, White, Stripes, or Checkers to elevate your home decor. </span></p>
<p><span data-mce-fragment=""1"">Featuring a warm LED light and three levels of touch dimming, adjust it for reading or a cozy mood. It comes with a USB-C cable, offering 8-70 hours of light on a full charge, based on dim level.</span></p>",Printworks,Portable Lamp,Portable Lamp,YGroup_Lamp,true,Title,Default Title,,,,,,,,PW00590,900,shopify,deny,manual,120,,true,true,,,,,,https://cdn.shopify.com/s/files/1/0724/3038/7509/files/Printworks_lamp_black.jpg?v=1743596092,1,,false,,,,"Vendor: Printworks
Type: Portable Lamp
Weight: 900g",,,,,,,,,,,,,,kg,,,active
portable-lamp-riviera-black,,,,,,,,,,,,,,,,,,,,,,,,,,,,,,,https://cdn.shopify.com/s/files/1/0724/3038/7509/files/Printworks_RivieraLamp_Black_mood_1.jpg?v=1743596092,2,,,,,,,,,,,,,,,,,,,,,,,
portable-lamp-riviera-black,,,,,,,,,,,,,,,,,,,,,,,,,,,,,,,https://cdn.shopify.com/s/files/1/0724/3038/7509/files/Printworks_RivieraLamp_Black_mood_2.jpg?v=1763468348,3,,,,,,,,,,,,,,,,,,,,,,,
portable-lamp-riviera-black,,,,,,,,,,,,,,,,,,,,,,,,,,,,,,,https://cdn.shopify.com/s/files/1/0724/3038/7509/files/Printworks_RivieraLamp_Black_mood_3.jpg?v=1763468348,4,,,,,,,,,,,,,,,,,,,,,,,
portable-lamp-riviera-white,"Riviera, White","<meta charset=""utf-8""> <meta charset=""utf-8"">
<p data-mce-fragment=""1""><span data-mce-fragment=""1"">Discover our modern-day lantern, a portable lamp spreading its cozy light from room to room. And as a bonus, the lamp's silhouette inspired by beach parasols along the Riviera adds a signature style to your home, even when unlit. Choose from Black, White, Stripes, or Checkers to elevate your home decor.</span></p>
<p data-mce-fragment=""1""><span data-mce-fragment=""1"">Featuring a warm LED light and three levels of touch dimming, adjust it for reading or a cozy mood. It comes with a USB-C cable, offering 8-70 hours of light on a full charge, based on dim level.</span></p>",Printworks,Portable Lamp,Portable Lamp,YGroup_Lamp,true,Title,Default Title,,,,,,,,PW00591,900,shopify,deny,manual,120,,true,true,,,,,,https://cdn.shopify.com/s/files/1/0724/3038/7509/files/Printworks_lamp_white.jpg?v=1743596099,1,,false,,,,"Vendor: Printworks
Type: Portable Lamp
Weight: 900g",,,,,,,,,,,,,,kg,,,active
portable-lamp-riviera-white,,,,,,,,,,,,,,,,,,,,,,,,,,,,,,,https://cdn.shopify.com/s/files/1/0724/3038/7509/files/Printworks_RivieraLamp_White_mood_1.jpg?v=1743596099,2,,,,,,,,,,,,,,,,,,,,,,,
portable-lamp-riviera-white,,,,,,,,,,,,,,,,,,,,,,,,,,,,,,,https://cdn.shopify.com/s/files/1/0724/3038/7509/files/Printworks_RivieraLamp_White_mood_2.jpg?v=1743596100,3,,,,,,,,,,,,,,,,,,,,,,,
portable-lamp-riviera-white,,,,,,,,,,,,,,,,,,,,,,,,,,,,,,,https://cdn.shopify.com/s/files/1/0724/3038/7509/files/Printworks_RivieraLamp_White_mood_3.jpg?v=1743596100,4,,,,,,,,,,,,,,,,,,,,,,,
portable-lamp-riviera-white,,,,,,,,,,,,,,,,,,,,,,,,,,,,,,,https://cdn.shopify.com/s/files/1/0724/3038/7509/files/Printworks_RivieraLamp_White_mood_4.jpg?v=1763468489,5,,,,,,,,,,,,,,,,,,,,,,,
portable-fan-petroleum,"Fantastic, Petroleum","<meta charset=""utf-8"">
<p data-mce-fragment=""1""><span data-mce-fragment=""1"">Discover ""Fantastic,"" a rechargeable portable fan designed for your desk or coffee table. This fan operates in absolute silence and features three levels of wind speed, offering customizable cooling. With a 360-degree rotation capability, you can direct the breeze precisely where you need it. Experience a refreshing escape on hot summer days like never before. </span><span data-mce-fragment=""1"">Select from Green, Cerise, or Petroleum to match your style.</span></p>
<p data-mce-fragment=""1""><span data-mce-fragment=""1"">The box includes a Micro USB cable.</span></p>",Printworks,Portable Fan,Portable Fan,YGroup_Fan,true,Title,Default Title,,,,,,,,PW00595,500,shopify,deny,manual,60,,true,true,,,,,,https://cdn.shopify.com/s/files/1/0724/3038/7509/files/Printworks_fan_petroleum.jpg?v=1743596112,1,,false,,,,"Vendor: Printworks
Type: Portable Fan
Weight: 500g",,,,,,,,,,,,,,kg,,,active
portable-fan-petroleum,,,,,,,,,,,,,,,,,,,,,,,,,,,,,,,https://cdn.shopify.com/s/files/1/0724/3038/7509/files/Printworks_TableFan_Petroleum_mood_1.jpg?v=1743596113,2,,,,,,,,,,,,,,,,,,,,,,,
portable-fan-petroleum,,,,,,,,,,,,,,,,,,,,,,,,,,,,,,,https://cdn.shopify.com/s/files/1/0724/3038/7509/files/Printworks_TableFan_Petroleum_mood_2.jpg?v=1743596113,3,,,,,,,,,,,,,,,,,,,,,,,
portable-fan-petroleum,,,,,,,,,,,,,,,,,,,,,,,,,,,,,,,https://cdn.shopify.com/s/files/1/0724/3038/7509/files/Printworks_fan_petroleum_2.jpg?v=1743596113,4,,,,,,,,,,,,,,,,,,,,,,,
portable-fan-petroleum,,,,,,,,,,,,,,,,,,,,,,,,,,,,,,,https://cdn.shopify.com/s/files/1/0724/3038/7509/files/Printworks_fan_petroleum_3.jpg?v=1743596113,5,,,,,,,,,,,,,,,,,,,,,,,
portable-fan-cerise,"Fantastic, Cerise","<p><meta charset=""utf-8""><span>Discover ""Fantastic,"" a rechargeable portable fan designed for your desk or coffee table. This fan operates in absolute silence and features three levels of wind speed, offering customizable cooling. With a 360-degree rotation capability, you can direct the breeze precisely where you need it. Experience a refreshing escape on hot summer days like never before. </span><span>Select from Green, Cerise, or Petroleum to match your style. </span></p>
<p><span>The box includes a Micro USB cable.</span></p>",Printworks,Portable Fan,Portable Fan,YGroup_Fan,true,Title,Default Title,,,,,,,,PW00596,500,shopify,deny,manual,60,,true,true,,,,,,https://cdn.shopify.com/s/files/1/0724/3038/7509/files/Printworks_fan_cerise.jpg?v=1743596104,1,,false,,,,"Vendor: Printworks
Type: Portable Fan
Weight: 500g",,,,,,,,,,,,,,kg,,,active
portable-fan-cerise,,,,,,,,,,,,,,,,,,,,,,,,,,,,,,,https://cdn.shopify.com/s/files/1/0724/3038/7509/files/Printworks_TableFan_Cerise_mood_1.jpg?v=1743596104,2,,,,,,,,,,,,,,,,,,,,,,,
portable-fan-cerise,,,,,,,,,,,,,,,,,,,,,,,,,,,,,,,https://cdn.shopify.com/s/files/1/0724/3038/7509/files/Printworks_TableFan_Cerise_mood_2.jpg?v=1743596104,3,,,,,,,,,,,,,,,,,,,,,,,
portable-fan-cerise,,,,,,,,,,,,,,,,,,,,,,,,,,,,,,,https://cdn.shopify.com/s/files/1/0724/3038/7509/files/Printworks_fan_cerise_3.jpg?v=1743596104,4,,,,,,,,,,,,,,,,,,,,,,,
portable-fan-cerise,,,,,,,,,,,,,,,,,,,,,,,,,,,,,,,https://cdn.shopify.com/s/files/1/0724/3038/7509/files/Printworks_fan_cerise_2.jpg?v=1743596105,5,,,,,,,,,,,,,,,,,,,,,,,
portable-fan-green,"Fantastic, Green","<p><meta charset=""utf-8""> <meta charset=""utf-8""></p>
<p data-mce-fragment=""1""><span data-mce-fragment=""1"">Discover ""Fantastic,"" a rechargeable portable fan designed for your desk or coffee table. This fan operates in absolute silence and features three levels of wind speed, offering customizable cooling. With a 360-degree rotation capability, you can direct the breeze precisely where you need it. Experience a refreshing escape on hot summer days like never before. </span><span data-mce-fragment=""1"">Select from Green, Cerise, or Petroleum to match your style.</span></p>
<p data-mce-fragment=""1""><span data-mce-fragment=""1"">The box includes a Micro USB cable.</span></p>",Printworks,Portable Fan,Portable Fan,YGroup_Fan,true,Title,Default Title,,,,,,,,PW00594,500,shopify,deny,manual,60,,true,true,,,,,,https://cdn.shopify.com/s/files/1/0724/3038/7509/files/Printworks_fan_green.jpg?v=1743596108,1,,false,,,,"Vendor: Printworks
Type: Portable Fan
Weight: 500g",,,,,,,,,,,,,,kg,,,active
portable-fan-green,,,,,,,,,,,,,,,,,,,,,,,,,,,,,,,https://cdn.shopify.com/s/files/1/0724/3038/7509/files/Printworks_TableFan_Green_mood_3.jpg?v=1743596108,2,,,,,,,,,,,,,,,,,,,,,,,
portable-fan-green,,,,,,,,,,,,,,,,,,,,,,,,,,,,,,,https://cdn.shopify.com/s/files/1/0724/3038/7509/files/Printworks_TableFan_Green_mood_2.jpg?v=1743596109,3,,,,,,,,,,,,,,,,,,,,,,,
portable-fan-green,,,,,,,,,,,,,,,,,,,,,,,,,,,,,,,https://cdn.shopify.com/s/files/1/0724/3038/7509/files/Printworks_TableFan_Green_mood_1.jpg?v=1743596109,4,,,,,,,,,,,,,,,,,,,,,,,
portable-fan-green,,,,,,,,,,,,,,,,,,,,,,,,,,,,,,,https://cdn.shopify.com/s/files/1/0724/3038/7509/files/Printworks_fan_green_2.jpg?v=1743596109,5,,,,,,,,,,,,,,,,,,,,,,,
portable-fan-green,,,,,,,,,,,,,,,,,,,,,,,,,,,,,,,https://cdn.shopify.com/s/files/1/0724/3038/7509/files/Printworks_fan_green_3.jpg?v=1743596109,6,,,,,,,,,,,,,,,,,,,,,,,
photo-album-unforgettable,Unforgettable,"<p><meta charset=""UTF-8""> <meta charset=""utf-8"">Discover our Unforgettable coffee table photo album featuring an elegant, terracotta cloth cover with blue and cream-white text.<br><br><meta charset=""utf-8"">The photo album includes 30 pages of high-quality black photo paper in the size 28x21 cm (60 pages if used double-sided), ready for your memories. Easily attach your photos with our <a href=""https://printworksmarket.com/products/photo-album-photo-stickers"">stickers</a> or <a href=""https://printworksmarket.com/collections/photo-album-accessories/products/photo-album-photo-corners"">corners.</a> The album can hold up to 40 pages, and extra <meta charset=""utf-8""><a href=""https://printworksmarket.com/products/photo-album-10-pack-refill-paper-l"">photo paper</a> (large) is available if you need more space.<br><br>Place the photo album on your coffee table to keep those moments always within reach while elevating your home decor.<br></p>",Printworks,Photo Album,Photo Album,"Large Photo Albums, medium-bag, YGroup_PhotoAlbums",true,Title,Default Title,,,,,,,,PW00614,1300,shopify,deny,manual,55,,true,true,,,,,,https://cdn.shopify.com/s/files/1/0724/3038/7509/files/Printworks_photo-album_unforgettable.jpg?v=1743596121,1,,false,,,,"Vendor: Printworks
Type: Photo Album
Weight: 1300g",,,,,,,,,,,,,,kg,,,active
photo-album-unforgettable,,,,,,,,,,,,,,,,,,,,,,,,,,,,,,,https://cdn.shopify.com/s/files/1/0724/3038/7509/files/Printworks_PhotoAlbum_Unforgettable_mood_1.jpg?v=1743596122,2,,,,,,,,,,,,,,,,,,,,,,,
photo-album-unforgettable,,,,,,,,,,,,,,,,,,,,,,,,,,,,,,,https://cdn.shopify.com/s/files/1/0724/3038/7509/files/Printworks_photo-album_unforgettable_2_da1c20c2-ffca-44ce-86b0-dec3113f5504.jpg?v=1764768949,3,,,,,,,,,,,,,,,,,,,,,,,
photo-album-unforgettable,,,,,,,,,,,,,,,,,,,,,,,,,,,,,,,https://cdn.shopify.com/s/files/1/0724/3038/7509/files/Printworks_PhotoAlbum_Unforgettable_mood_2.jpg?v=1764768949,4,,,,,,,,,,,,,,,,,,,,,,,
photo-album-unforgettable,,,,,,,,,,,,,,,,,,,,,,,,,,,,,,,https://cdn.shopify.com/s/files/1/0724/3038/7509/files/Printworks_PhotoAlbum_Unforgettable_mood_3.jpg?v=1764768949,5,,,,,,,,,,,,,,,,,,,,,,,
photo-album-unforgettable,,,,,,,,,,,,,,,,,,,,,,,,,,,,,,,https://cdn.shopify.com/s/files/1/0724/3038/7509/files/Printworks_photo-album_unforgettable_3.jpg?v=1764768949,6,,,,,,,,,,,,,,,,,,,,,,,
memo-game-iconic-people,Iconic People,"<meta charset=""utf-8"">
<p data-mce-fragment=""1""><span data-mce-fragment=""1"">Match iconic personalities with their achievements - experience an educational memo game introducing you to influential people who've left their mark on the world. It's an enjoyable activity to share with friends or your children, inspiring them to aspire to greatness and be part of the next generation of changemakers.</span></p>
<p data-mce-fragment=""1""><span data-mce-fragment=""1"">This set includes 50 cards (25 pairs) adorned with beautiful illustrations.</span></p>",Printworks,Memo Game,Memo Game,"small-bag, YGroup_MemoGame",true,Title,Default Title,,,,,,,,PW00571,300,shopify,deny,manual,25,,true,true,,,,,,https://cdn.shopify.com/s/files/1/0724/3038/7509/files/Printworks_memo_iconic-people_2_d755d2d7-86fd-4fa2-8e13-d81cac26afb3.jpg?v=1764756987,1,,false,,,,"Vendor: Printworks
Type: Memo Game
Weight: 300g",,,,,,,,,,,,,,kg,,,active
memo-game-iconic-people,,,,,,,,,,,,,,,,,,,,,,,,,,,,,,,https://cdn.shopify.com/s/files/1/0724/3038/7509/files/Printworks_memo_iconic-people_1e11391e-70ff-4879-89d3-55b54c697752.jpg?v=1764756987,2,,,,,,,,,,,,,,,,,,,,,,,
memo-game-iconic-people,,,,,,,,,,,,,,,,,,,,,,,,,,,,,,,https://cdn.shopify.com/s/files/1/0724/3038/7509/files/Printworks_Games_Memo-Iconic-People_mood_1.jpg?v=1764756987,3,,,,,,,,,,,,,,,,,,,,,,,
photo-album-good-times-triangles,"Good Times, Triangles","<p><meta charset=""utf-8"">Discover our Good Times - Triangles coffee table photo album, featuring an elegant, beige and black cloth cover with gold foiled text. <br><br><meta charset=""utf-8"">The photo album includes 30 pages of high-quality black photo paper in the size 28x21 cm (60 pages if used double-sided), ready for your memories. Easily attach your photos with our <a href=""https://printworksmarket.com/products/photo-album-photo-stickers"">stickers</a> or <a href=""https://printworksmarket.com/collections/photo-album-accessories/products/photo-album-photo-corners"">corners.</a> The album can hold up to 40 pages, and extra <meta charset=""utf-8""><a href=""https://printworksmarket.com/products/photo-album-10-pack-refill-paper-l"">photo paper</a> (large) is available if you need more space.<br><br>Place the photo album on your coffee table to keep those moments always within reach while elevating your home decor.<span><br></span></p>",Printworks,Photo Album,Photo Album,"Large Photo Albums, medium-bag, YGroup_PhotoAlbums",true,Title,Default Title,,,,,,,,PW00597,1300,shopify,deny,manual,55,,true,true,,,,,,https://cdn.shopify.com/s/files/1/0724/3038/7509/files/Printworks_photo-album_good-times-triangles.jpg?v=1743596069,1,,false,,,,"Vendor: Printworks
Type: Photo Album
Weight: 1300g",,,,,,,,,,,,,,kg,,,active
photo-album-good-times-triangles,,,,,,,,,,,,,,,,,,,,,,,,,,,,,,,https://cdn.shopify.com/s/files/1/0724/3038/7509/files/Printworks_PhotoAlbum_GoodTimesTriangle_mood_2.jpg?v=1758550509,2,,,,,,,,,,,,,,,,,,,,,,,
photo-album-good-times-triangles,,,,,,,,,,,,,,,,,,,,,,,,,,,,,,,https://cdn.shopify.com/s/files/1/0724/3038/7509/files/Printworks_photo-album_good-times-triangles_2_670ffc92-e726-4878-9897-66092e7d4e74.jpg?v=1764766469,3,,,,,,,,,,,,,,,,,,,,,,,
photo-album-good-times-triangles,,,,,,,,,,,,,,,,,,,,,,,,,,,,,,,https://cdn.shopify.com/s/files/1/0724/3038/7509/files/Printworks_PhotoAlbum_GoodTimesTriangles_mood_1.jpg?v=1764766469,4,,,,,,,,,,,,,,,,,,,,,,,
photo-album-good-times-triangles,,,,,,,,,,,,,,,,,,,,,,,,,,,,,,,https://cdn.shopify.com/s/files/1/0724/3038/7509/files/Printworks_photo-album_good-times-triangles_3.jpg?v=1764766469,5,,,,,,,,,,,,,,,,,,,,,,,
photo-album-sheer-joy,Sheer Joy,"<p><meta charset=""UTF-8""> <meta charset=""utf-8"">Discover our Sheer Joy coffee table photo album featuring an elegant, forest green cloth cover with blue foiled text. <br><br><meta charset=""utf-8"">The photo album includes 30 pages of high-quality black photo paper in the size 28x21 cm (60 pages if used double-sided), ready for your memories. Easily attach your photos with our <a href=""https://printworksmarket.com/products/photo-album-photo-stickers"">stickers</a> or <a href=""https://printworksmarket.com/collections/photo-album-accessories/products/photo-album-photo-corners"">corners.</a> The album can hold up to 40 pages, and extra <meta charset=""utf-8""><a href=""https://printworksmarket.com/products/photo-album-10-pack-refill-paper-l"">photo paper</a> (large) is available if you need more space.<br><br>Place the photo album on your coffee table to keep those moments always within reach while elevating your home decor.<br></p>",Printworks,Photo Album,Photo Album,"Large Photo Albums, medium-bag, YGroup_PhotoAlbums",true,Title,Default Title,,,,,,,,PW00613,1300,shopify,deny,manual,55,,true,true,,,,,,https://cdn.shopify.com/s/files/1/0724/3038/7509/files/Printworks_photo-album_sheer-joy.jpg?v=1743596118,1,,false,,,,"Vendor: Printworks
Type: Photo Album
Weight: 1300g",,,,,,,,,,,,,,kg,,,active
photo-album-sheer-joy,,,,,,,,,,,,,,,,,,,,,,,,,,,,,,,https://cdn.shopify.com/s/files/1/0724/3038/7509/files/Printworks_PhotoAlbum_SheerJoy_mood_1.jpg?v=1743596118,2,,,,,,,,,,,,,,,,,,,,,,,
photo-album-sheer-joy,,,,,,,,,,,,,,,,,,,,,,,,,,,,,,,https://cdn.shopify.com/s/files/1/0724/3038/7509/files/Printworks_photo-album_sheer-joy_2_42447f1a-0a71-4902-8ffe-144b7b186804.jpg?v=1764768919,3,,,,,,,,,,,,,,,,,,,,,,,
photo-album-sheer-joy,,,,,,,,,,,,,,,,,,,,,,,,,,,,,,,https://cdn.shopify.com/s/files/1/0724/3038/7509/files/Printworks_PhotoAlbum_SheerJoy_mood_2.jpg?v=1764768919,4,,,,,,,,,,,,,,,,,,,,,,,
photo-album-sheer-joy,,,,,,,,,,,,,,,,,,,,,,,,,,,,,,,https://cdn.shopify.com/s/files/1/0724/3038/7509/files/Printworks_PhotoAlbum_SheerJoy_mood_3.jpg?v=1764768919,5,,,,,,,,,,,,,,,,,,,,,,,
photo-album-sheer-joy,,,,,,,,,,,,,,,,,,,,,,,,,,,,,,,https://cdn.shopify.com/s/files/1/0724/3038/7509/files/Printworks_PhotoAlbum_SheerJoy_mood_4.jpg?v=1764768919,6,,,,,,,,,,,,,,,,,,,,,,,
photo-album-sheer-joy,,,,,,,,,,,,,,,,,,,,,,,,,,,,,,,https://cdn.shopify.com/s/files/1/0724/3038/7509/files/Printworks_photo-album_sheer-joy_3.jpg?v=1764768919,7,,,,,,,,,,,,,,,,,,,,,,,
aquarelle-paper-pad,Aquarelle Paper,"<meta charset=""utf-8""><span>Explore our premium aquarelle paper – a must-have for watercolor enthusiasts. This collection comprises 15 FSC Certified ivory white paper sheets, each weighing 300 GSM. The pages are sized at 21x30 cm (A4) and feature a hot-pressed finish, making them ideal for watercolor drawings. Whether you're a seasoned artist or a cheerful amateur, these papers cater to all skill levels.</span>",Printworks,Paper Pad,Paper Pad,,true,Title,Default Title,,,,,,,,PW00572,300,shopify,deny,manual,9,,true,true,,,,,,https://cdn.shopify.com/s/files/1/0724/3038/7509/files/Printworks_aquarelle-paper.jpg?v=1743596054,1,,false,,,,"Vendor: Printworks
Type: Paper Pad
Weight: 300g",,,,,,,,,,,,,,kg,,,active
aquarelle-paper-pad,,,,,,,,,,,,,,,,,,,,,,,,,,,,,,,https://cdn.shopify.com/s/files/1/0724/3038/7509/files/Printworks_Art_AquarellePaper_mood_2.jpg?v=1743596055,2,,,,,,,,,,,,,,,,,,,,,,,
aquarelle-paper-pad,,,,,,,,,,,,,,,,,,,,,,,,,,,,,,,https://cdn.shopify.com/s/files/1/0724/3038/7509/files/Printworks_Art_AquarellePaper_mood_1.jpg?v=1743596055,3,,,,,,,,,,,,,,,,,,,,,,,
baby-album-dream-big-little-one-beige,"Dream Big Little One, Beige","<p>Capture and cherish your baby’s first years with our charming coffee table photo album Dream Big Little One, featuring a white cloth cover with gold foil text and silkscreen balloon prints in multiple colors.<br><br><meta charset=""utf-8"">The photo album includes 30 pages of high-quality white photo paper in the size 28x21 cm (60 pages if used double-sided), ready for your memories. Easily attach your photos with our <a href=""https://printworksmarket.com/products/photo-album-photo-stickers"">stickers</a> or <a href=""https://printworksmarket.com/collections/photo-album-accessories/products/photo-album-photo-corners"">corners.</a> The album can hold up to 40 pages, and extra <a href=""https://printworksmarket.com/products/photo-paper-large-white-10-pack"">photo paper</a> (large) is available if you need more space.<br></p>
<p><meta charset=""utf-8""> Complement your Baby Album with our <a href=""https://printworksmarket.com/products/baby-album-insert-paper?pr_prod_strat=pinned&amp;pr_rec_id=595e66f1f&amp;pr_rec_pid=8252426256693&amp;pr_ref_pid=8175008579893&amp;pr_seq=uniform"">Baby Album Insert Papers</a> to <meta charset=""utf-8"">document your child's key milestones, ensuring you have memories to remember and cherish for a lifetime.</p>",Printworks,Baby Photo Album,Baby Photo Album,"Large Photo Albums, medium-bag, YGroup_PhotoAlbums",true,Title,Default Title,,,,,,,,PW00607,1300,shopify,deny,manual,55,,true,true,,,,,,https://cdn.shopify.com/s/files/1/0724/3038/7509/files/Printworks_photo-album_dream-big-white.jpg?v=1743596084,1,,false,,,,"Vendor: Printworks
Type: Baby Photo Album
Weight: 1300g",,,,,,,,,,,,,,kg,,,active
baby-album-dream-big-little-one-beige,,,,,,,,,,,,,,,,,,,,,,,,,,,,,,,https://cdn.shopify.com/s/files/1/0724/3038/7509/files/Printworks_PhotoAlbum_DreamBigLittleOneWhite_mood_2.jpg?v=1743596839,2,,,,,,,,,,,,,,,,,,,,,,,
baby-album-dream-big-little-one-beige,,,,,,,,,,,,,,,,,,,,,,,,,,,,,,,https://cdn.shopify.com/s/files/1/0724/3038/7509/files/Printworks_photo-album_dream-big-white_2_be7a4e60-dbc4-4cd6-a33d-569fb1630747.jpg?v=1764759081,3,,,,,,,,,,,,,,,,,,,,,,,
baby-album-dream-big-little-one-beige,,,,,,,,,,,,,,,,,,,,,,,,,,,,,,,https://cdn.shopify.com/s/files/1/0724/3038/7509/files/Printworks_PhotoAlbum_DreamBig_mood_8.jpg?v=1764759081,4,,,,,,,,,,,,,,,,,,,,,,,
baby-album-dream-big-little-one-beige,,,,,,,,,,,,,,,,,,,,,,,,,,,,,,,https://cdn.shopify.com/s/files/1/0724/3038/7509/files/Printworks_PhotoAlbum_DreamBigLittleOneWhite_mood_4_30e333e6-04f1-4544-b206-565a76424837.jpg?v=1764759081,5,,,,,,,,,,,,,,,,,,,,,,,
baby-album-dream-big-little-one-beige,,,,,,,,,,,,,,,,,,,,,,,,,,,,,,,https://cdn.shopify.com/s/files/1/0724/3038/7509/files/Printworks_PhotoAlbum_DreamBigLittleOneWhite_mood_1_ed947bb4-8ad7-426e-8b68-cfd1460b56b2.jpg?v=1764759081,6,,,,,,,,,,,,,,,,,,,,,,,
baby-album-dream-big-little-one-beige,,,,,,,,,,,,,,,,,,,,,,,,,,,,,,,https://cdn.shopify.com/s/files/1/0724/3038/7509/files/Printworks_photo-album_dream-big-white_3.jpg?v=1764759081,7,,,,,,,,,,,,,,,,,,,,,,,
wedding-album-a-story-of-love,A Story of Love,"<p>Make your wedding day memories last forever, or bring the perfect gift to the newlyweds with our beautiful photo album A Story of Love, featuring a white cloth cover with silver foiled text.</p>
<p><meta charset=""utf-8"">The photo album includes 30 pages of high-quality white photo paper in the size 28x21 cm (60 pages if used double-sided), ready for your memories. Easily attach your photos with our <a href=""https://printworksmarket.com/products/photo-album-photo-stickers"">stickers</a> or <a href=""https://printworksmarket.com/collections/photo-album-accessories/products/photo-album-photo-corners"">corners.</a> The album can hold up to 40 pages, and extra <a href=""https://printworksmarket.com/products/photo-paper-large-white-10-pack"">photo paper</a> (large) is available if you need more space.<br><br><meta charset=""utf-8"">Place the photo album on your coffee table to keep those moments always within reach while elevating your home decor.</p>",Printworks,Wedding Photo Album,Wedding Photo Album,"Large Photo Albums, medium-bag, YGroup_PhotoAlbums",true,Title,Default Title,,,,,,,,PW00606,1300,shopify,deny,manual,55,,true,true,,,,,,https://cdn.shopify.com/s/files/1/0724/3038/7509/files/Printworks_photo-album_a-story-of-love.jpg?v=1743596077,1,,false,,,,"Vendor: Printworks
Type: Wedding Photo Album
Weight: 1300g",,,,,,,,,,,,,,kg,,,active
wedding-album-a-story-of-love,,,,,,,,,,,,,,,,,,,,,,,,,,,,,,,https://cdn.shopify.com/s/files/1/0724/3038/7509/files/Printworks_PhotoAlbum_AStoryOfLove_mood_2.jpg?v=1743596077,2,,,,,,,,,,,,,,,,,,,,,,,
wedding-album-a-story-of-love,,,,,,,,,,,,,,,,,,,,,,,,,,,,,,,https://cdn.shopify.com/s/files/1/0724/3038/7509/files/Printworks_photo-album_a-story-of-love_2_9dffdb0c-2e77-472e-899c-16abd79c371a.jpg?v=1764758975,3,,,,,,,,,,,,,,,,,,,,,,,
wedding-album-a-story-of-love,,,,,,,,,,,,,,,,,,,,,,,,,,,,,,,https://cdn.shopify.com/s/files/1/0724/3038/7509/files/Printworks_PhotoAlbum_AStoryOfLove_mood_3.jpg?v=1764758975,4,,,,,,,,,,,,,,,,,,,,,,,
wedding-album-a-story-of-love,,,,,,,,,,,,,,,,,,,,,,,,,,,,,,,https://cdn.shopify.com/s/files/1/0724/3038/7509/files/Printworks_PhotoAlbum_AStoryOfLove_mood_1.jpg?v=1764758975,5,,,,,,,,,,,,,,,,,,,,,,,
wedding-album-a-story-of-love,,,,,,,,,,,,,,,,,,,,,,,,,,,,,,,https://cdn.shopify.com/s/files/1/0724/3038/7509/files/Printworks_photo-album_a-story-of-love_3.jpg?v=1764758975,6,,,,,,,,,,,,,,,,,,,,,,,
wedding-album-a-love-story,A Love Story,"<p><meta charset=""utf-8"">Make your wedding day memories last forever, or bring the perfect gift to the newlyweds with our beautiful photo album A Love Story, featuring a white cloth cover with gold foiled text.</p>
<p><meta charset=""utf-8"">The photo album includes 30 pages of high-quality white photo paper in the size 28x21 cm (60 pages if used double-sided), ready for your memories. Easily attach your photos with our <a href=""https://printworksmarket.com/products/photo-album-photo-stickers"">stickers</a> or <a href=""https://printworksmarket.com/collections/photo-album-accessories/products/photo-album-photo-corners"">corners.</a> The album can hold up to 40 pages, and extra <a href=""https://printworksmarket.com/products/photo-paper-large-white-10-pack"">photo paper</a> (large) is available if you need more space.<br><br><meta charset=""utf-8"">Place the photo album on your coffee table to keep those moments always within reach while elevating your home decor.<br></p>",Printworks,Wedding Photo Album,Wedding Photo Album,"Large Photo Albums, medium-bag, YGroup_PhotoAlbums",true,Title,Default Title,,,,,,,,PW00605,1300,shopify,deny,manual,55,,true,true,,,,,,https://cdn.shopify.com/s/files/1/0724/3038/7509/files/Printworks_photo-album_a-love-story.jpg?v=1743596080,1,,false,,,,"Vendor: Printworks
Type: Wedding Photo Album
Weight: 1300g",,,,,,,,,,,,,,kg,,,active
wedding-album-a-love-story,,,,,,,,,,,,,,,,,,,,,,,,,,,,,,,https://cdn.shopify.com/s/files/1/0724/3038/7509/files/Printworks_PhotoAlbum_ALoveStory_mood_1.jpg?v=1743596080,2,,,,,,,,,,,,,,,,,,,,,,,
wedding-album-a-love-story,,,,,,,,,,,,,,,,,,,,,,,,,,,,,,,https://cdn.shopify.com/s/files/1/0724/3038/7509/files/Printworks_photo-album_a-love-story_2_5b2063ff-22b4-4501-9e1a-598faf8fdf5d.jpg?v=1764758900,3,,,,,,,,,,,,,,,,,,,,,,,
wedding-album-a-love-story,,,,,,,,,,,,,,,,,,,,,,,,,,,,,,,https://cdn.shopify.com/s/files/1/0724/3038/7509/files/Printworks_PhotoAlbum_Wedding_mood_8.jpg?v=1764758900,4,,,,,,,,,,,,,,,,,,,,,,,
wedding-album-a-love-story,,,,,,,,,,,,,,,,,,,,,,,,,,,,,,,https://cdn.shopify.com/s/files/1/0724/3038/7509/files/Printworks_PhotoAlbum_ALoveStory_mood_10kopiera.jpg?v=1764758900,5,,,,,,,,,,,,,,,,,,,,,,,
wedding-album-a-love-story,,,,,,,,,,,,,,,,,,,,,,,,,,,,,,,https://cdn.shopify.com/s/files/1/0724/3038/7509/files/Printworks_PhotoAlbum_ALoveStory_mood_2.jpg?v=1764758900,6,,,,,,,,,,,,,,,,,,,,,,,
wedding-album-a-love-story,,,,,,,,,,,,,,,,,,,,,,,,,,,,,,,https://cdn.shopify.com/s/files/1/0724/3038/7509/files/Printworks_photo-album_a-love-story_3.jpg?v=1764758900,7,,,,,,,,,,,,,,,,,,,,,,,
storage-box-precious-things-grey,"Precious Things, Grey","<p><meta charset=""utf-8""><span data-mce-fragment=""1"">Discover our storage boxes – a new level of organization that seamlessly elevate your home's decor. When closed, the box looks like an elegant coffee table book, while inside, it features six compartments (three large, three small) to keep your essentials like keys, jewelry, pens, and headphones in order. </span></p>
<p><span data-mce-fragment=""1"">As you keep your belongings neatly tucked away, these boxes also double as a stylish interior detail. The boxes are covered in cloth with a foil print and come in green, orange, grey, or pink to match your taste and elevate your décor effortlessly.</span></p>",Printworks,Storage Box,Storage Box,"medium-bag, YGroup_Storagebox",true,Title,Default Title,,,,,,,,PW00601,1000,shopify,deny,manual,40,,true,true,,,,,,https://cdn.shopify.com/s/files/1/0724/3038/7509/files/Printworks_storage-box_grey_3.jpg?v=1743596059,1,,false,,,,"Vendor: Printworks
Type: Storage Box
Weight: 1000g",,,,,,,,,,,,,,kg,,,active
storage-box-precious-things-grey,,,,,,,,,,,,,,,,,,,,,,,,,,,,,,,https://cdn.shopify.com/s/files/1/0724/3038/7509/files/Printworks_storage-box_grey_2_6bf9253c-bcf9-4288-824b-e1bf61e7f182.jpg?v=1764772051,2,,,,,,,,,,,,,,,,,,,,,,,
storage-box-precious-things-grey,,,,,,,,,,,,,,,,,,,,,,,,,,,,,,,https://cdn.shopify.com/s/files/1/0724/3038/7509/files/Printworks_StorageBox_PreciousGrey_mood_1.jpg?v=1764772051,3,,,,,,,,,,,,,,,,,,,,,,,
storage-box-precious-things-grey,,,,,,,,,,,,,,,,,,,,,,,,,,,,,,,https://cdn.shopify.com/s/files/1/0724/3038/7509/files/Printworks_storage-box_grey.jpg?v=1764772051,4,,,,,,,,,,,,,,,,,,,,,,,
storage-box-orange,"Precious Things, Orange","<meta charset=""utf-8"">
<p data-mce-fragment=""1""><span data-mce-fragment=""1"">Discover our storage boxes – a new level of organization that seamlessly elevate your home's decor. When closed, the box looks like an elegant coffee table book, while inside, it features six compartments (three large, three small) to keep your essentials like keys, jewelry, pens, and headphones in order.</span></p>
<p data-mce-fragment=""1""><span data-mce-fragment=""1"">As you keep your belongings neatly tucked away, these boxes also double as a stylish interior detail. The boxes are covered in cloth with a foil print and come in green, orange, grey, or pink to match your taste and elevate your décor effortlessly.</span></p>",Printworks,Storage Box,Storage Box,"medium-bag, YGroup_Storagebox",true,Title,Default Title,,,,,,,,PW00602,1000,shopify,deny,manual,40,,true,true,,,,,,https://cdn.shopify.com/s/files/1/0724/3038/7509/files/Printworks_storage-box_yellow_3.jpg?v=1743596064,1,,false,,,,"Vendor: Printworks
Type: Storage Box
Weight: 1000g",,,,,,,,,,,,,,kg,,,active
storage-box-orange,,,,,,,,,,,,,,,,,,,,,,,,,,,,,,,https://cdn.shopify.com/s/files/1/0724/3038/7509/files/Printworks_storage-box_yellow_2_652e0d19-9faa-47ef-bee6-e442ca132b09.jpg?v=1764772092,2,,,,,,,,,,,,,,,,,,,,,,,
storage-box-orange,,,,,,,,,,,,,,,,,,,,,,,,,,,,,,,https://cdn.shopify.com/s/files/1/0724/3038/7509/files/Printworks_StorageBox_PreciousYellow_mood_1.jpg?v=1764772092,3,,,,,,,,,,,,,,,,,,,,,,,
storage-box-orange,,,,,,,,,,,,,,,,,,,,,,,,,,,,,,,https://cdn.shopify.com/s/files/1/0724/3038/7509/files/Printworks_storage-box_yellow.jpg?v=1764772092,4,,,,,,,,,,,,,,,,,,,,,,,
storage-box-precious-things-green,"Precious Things, Green","<p><meta charset=""utf-8""><span data-mce-fragment=""1"">Discover our storage boxes – a new level of organization that seamlessly elevate your home's decor. When closed, the box looks like an elegant coffee table book, while inside, it features six compartments (three large, three small) to keep your essentials like keys, jewelry, pens, and headphones in order. </span></p>
<p><span data-mce-fragment=""1"">As you keep your belongings neatly tucked away, these boxes also double as a stylish interior detail. The boxes are covered in cloth with a foil print and come in green, orange, grey, or pink to match your taste and elevate your décor effortlessly.</span></p>",Printworks,Storage Box,Storage Box,"medium-bag, YGroup_Storagebox",true,Title,Default Title,,,,,,,,PW00600,1000,shopify,deny,manual,40,,true,true,,,,,,https://cdn.shopify.com/s/files/1/0724/3038/7509/files/Printworks_storage-box_green_3.jpg?v=1743596061,1,,false,,,,"Vendor: Printworks
Type: Storage Box
Weight: 1000g",,,,,,,,,,,,,,kg,,,active
storage-box-precious-things-green,,,,,,,,,,,,,,,,,,,,,,,,,,,,,,,https://cdn.shopify.com/s/files/1/0724/3038/7509/files/Printworks_storage-box_green_2_de6a63bd-f190-490d-a044-3c973a5183c8.jpg?v=1764772027,2,,,,,,,,,,,,,,,,,,,,,,,
storage-box-precious-things-green,,,,,,,,,,,,,,,,,,,,,,,,,,,,,,,https://cdn.shopify.com/s/files/1/0724/3038/7509/files/Printworks_StorageBox_PreciousGreen_mood_2.jpg?v=1764772027,3,,,,,,,,,,,,,,,,,,,,,,,
storage-box-precious-things-green,,,,,,,,,,,,,,,,,,,,,,,,,,,,,,,https://cdn.shopify.com/s/files/1/0724/3038/7509/files/Printworks_StorageBox_PreciousGreen_mood_1.jpg?v=1764772027,4,,,,,,,,,,,,,,,,,,,,,,,
storage-box-precious-things-green,,,,,,,,,,,,,,,,,,,,,,,,,,,,,,,https://cdn.shopify.com/s/files/1/0724/3038/7509/files/Printworks_storage-box_green.jpg?v=1764772027,5,,,,,,,,,,,,,,,,,,,,,,,
photo-book-every-picture-tells-a-story,Every Picture Tells a Story,"<p><meta charset=""utf-8"">Discover our innovative photo book Every Picture Tells a Story, featuring a hardcover bookshelf design covered in dark grey cloth with black text.<br><br><meta charset=""utf-8"">The photo book includes 40 pages of high-quality white photo paper <meta charset=""utf-8""><meta charset=""utf-8"">in the size 18x26,5 cm (80 pages if used double-sided), ready for your memories. <meta charset=""utf-8"">Easily attach your photos with our <a href=""https://printworksmarket.com/products/photo-album-photo-stickers"">stickers</a> or <a href=""https://printworksmarket.com/collections/photo-album-accessories/products/photo-album-photo-corners"">corners.</a> <br></p>
<p><meta charset=""utf-8"">Please note, the binding technique of this album allows it to expand as you place photos on every page. It's designed so that once filled with photos, and not before, it takes on the shape of a 90-degree coffee table book.</p>",Printworks,Photo Book,Photo Book,"small-bag, YGroup_PhotoBook",true,Title,Default Title,,,,,,,,PW00581,500,shopify,deny,manual,35,,true,true,,,,,,https://cdn.shopify.com/s/files/1/0724/3038/7509/files/Printworks_photo-book_every-picture-tells-a-story.jpg?v=1743596089,1,,false,,,,"Vendor: Printworks
Type: Photo Book
Weight: 500g",,,,,,,,,,,,,,kg,,,active
photo-book-every-picture-tells-a-story,,,,,,,,,,,,,,,,,,,,,,,,,,,,,,,https://cdn.shopify.com/s/files/1/0724/3038/7509/files/Printworks_PhotoBook_EveryPictureTellsAStory_mood_1.jpg?v=1743596089,2,,,,,,,,,,,,,,,,,,,,,,,
photo-book-every-picture-tells-a-story,,,,,,,,,,,,,,,,,,,,,,,,,,,,,,,https://cdn.shopify.com/s/files/1/0724/3038/7509/files/Printworks_photo-book_every-picture-tells-a-story_2.jpg?v=1743596090,3,,,,,,,,,,,,,,,,,,,,,,,
photo-book-every-picture-tells-a-story,,,,,,,,,,,,,,,,,,,,,,,,,,,,,,,https://cdn.shopify.com/s/files/1/0724/3038/7509/files/Printworks_PhotoBook_EveryPictureTellsAStory_mood_2.jpg?v=1743596090,4,,,,,,,,,,,,,,,,,,,,,,,
photo-book-every-picture-tells-a-story,,,,,,,,,,,,,,,,,,,,,,,,,,,,,,,https://cdn.shopify.com/s/files/1/0724/3038/7509/files/Printworks_photo-book_every-picture-tells-a-story_3.jpg?v=1743596090,5,,,,,,,,,,,,,,,,,,,,,,,
photo-album-moments-that-matters-the-most,"Moments that Matter the Most, Blue","<p><meta charset=""utf-8"">Discover our bestselling Moments that Matter the Most coffee table photo album, featuring an elegant sky blue cloth cover with gold foiled text. <br><br><meta charset=""utf-8"">The photo album includes 30 pages of high-quality white photo paper in the size 28x21 cm (60 pages if used double-sided), ready for your memories. Easily attach your photos with our <a href=""https://printworksmarket.com/products/photo-album-photo-stickers"">stickers</a> or <a href=""https://printworksmarket.com/collections/photo-album-accessories/products/photo-album-photo-corners"">corners.</a> The album can hold up to 40 pages, and extra <a href=""https://printworksmarket.com/products/photo-paper-large-white-10-pack"">photo paper</a> (large) is available if you need more space.<br><br><meta charset=""utf-8"">Place the photo album on your coffee table to keep those moments always within reach while elevating your home decor.<span><br></span></p>",Printworks,Photo Album,Photo Album,"Large Photo Albums, medium-bag, YGroup_PhotoAlbums",true,Title,Default Title,,,,,,,,PW00599,1300,shopify,deny,manual,55,,true,true,,,,,,https://cdn.shopify.com/s/files/1/0724/3038/7509/files/Printworks_photo-album_moments-that-matters-the-most-blue.jpg?v=1743596074,1,,false,,,,"Vendor: Printworks
Type: Photo Album
Weight: 1300g",,,,,,,,,,,,,,kg,,,active
photo-album-moments-that-matters-the-most,,,,,,,,,,,,,,,,,,,,,,,,,,,,,,,https://cdn.shopify.com/s/files/1/0724/3038/7509/files/Printworks_PhotoAlbum_MomentsThatMattersTheMostBlue_mood_1.jpg?v=1771331704,2,,,,,,,,,,,,,,,,,,,,,,,
photo-album-moments-that-matters-the-most,,,,,,,,,,,,,,,,,,,,,,,,,,,,,,,https://cdn.shopify.com/s/files/1/0724/3038/7509/files/Printworks_photo-album_moments-that-matters-the-most-blue_2_7f000e5c-0845-4a78-926c-a4a758025cc4.jpg?v=1771331704,3,,,,,,,,,,,,,,,,,,,,,,,
photo-album-moments-that-matters-the-most,,,,,,,,,,,,,,,,,,,,,,,,,,,,,,,https://cdn.shopify.com/s/files/1/0724/3038/7509/files/Printworks_PhotoAlbum_MomentsThatMattersTheMost_Blue_mood_5.jpg?v=1771331704,4,,,,,,,,,,,,,,,,,,,,,,,
photo-album-moments-that-matters-the-most,,,,,,,,,,,,,,,,,,,,,,,,,,,,,,,https://cdn.shopify.com/s/files/1/0724/3038/7509/files/Printworks_PhotoAlbum_MomentsThatMattersTheMostBlue_mood_2.jpg?v=1770893344,5,,,,,,,,,,,,,,,,,,,,,,,
photo-album-moments-that-matters-the-most,,,,,,,,,,,,,,,,,,,,,,,,,,,,,,,https://cdn.shopify.com/s/files/1/0724/3038/7509/files/Printworks_photo-album_moments-that-matters-the-most-blue_3.jpg?v=1770893344,6,,,,,,,,,,,,,,,,,,,,,,,
photo-album-happy-times,Happy Times,"<p><meta charset=""utf-8"">Discover our Happy Times coffee table photo album, featuring an elegant grey cloth cover with gold foiled text. <br><br><meta charset=""utf-8"">The photo album includes 30 pages of high-quality black photo paper in the size 28x21 cm (60 pages if used double-sided), ready for your memories. Easily attach your photos with our <a href=""https://printworksmarket.com/products/photo-album-photo-stickers"">stickers</a> or <a href=""https://printworksmarket.com/collections/photo-album-accessories/products/photo-album-photo-corners"">corners.</a> The album can hold up to 40 pages, and extra <meta charset=""utf-8""><a href=""https://printworksmarket.com/products/photo-album-10-pack-refill-paper-l"">photo paper</a> (large) is available if you need more space.<br><br>Place the photo album on your coffee table to keep those moments always within reach while elevating your home decor.<span><br></span></p>",Printworks,Photo Album,Photo Album,"Large Photo Albums, medium-bag, YGroup_PhotoAlbums",true,Title,Default Title,,,,,,,,PW00598,1300,shopify,deny,manual,55,,true,true,,,,,,https://cdn.shopify.com/s/files/1/0724/3038/7509/files/Printworks_photo-album_happy-times.jpg?v=1743596071,1,,false,,,,"Vendor: Printworks
Type: Photo Album
Weight: 1300g",,,,,,,,,,,,,,kg,,,active
photo-album-happy-times,,,,,,,,,,,,,,,,,,,,,,,,,,,,,,,https://cdn.shopify.com/s/files/1/0724/3038/7509/files/Printworks_PhotoAlbum_HappyTimes_mood_1.jpg?v=1743596072,2,,,,,,,,,,,,,,,,,,,,,,,
photo-album-happy-times,,,,,,,,,,,,,,,,,,,,,,,,,,,,,,,https://cdn.shopify.com/s/files/1/0724/3038/7509/files/Printworks_photo-album_happy-times_2_f4a2d032-b8e3-4d9a-8bad-ee795f60d076.jpg?v=1764766694,3,,,,,,,,,,,,,,,,,,,,,,,
photo-album-happy-times,,,,,,,,,,,,,,,,,,,,,,,,,,,,,,,https://cdn.shopify.com/s/files/1/0724/3038/7509/files/Printworks_PhotoAlbum_HappyTimes_mood_2.jpg?v=1764766694,4,,,,,,,,,,,,,,,,,,,,,,,
photo-album-happy-times,,,,,,,,,,,,,,,,,,,,,,,,,,,,,,,https://cdn.shopify.com/s/files/1/0724/3038/7509/files/Printworks_PhotoAlbum_HappyTimes_mood_3.jpg?v=1764766694,5,,,,,,,,,,,,,,,,,,,,,,,
photo-album-happy-times,,,,,,,,,,,,,,,,,,,,,,,,,,,,,,,https://cdn.shopify.com/s/files/1/0724/3038/7509/files/Printworks_photo-album_happy-times_3.jpg?v=1764766694,6,,,,,,,,,,,,,,,,,,,,,,,
drawing-paper-pad,Drawing Paper,"<meta charset=""utf-8""><span>Explore our premium drawing paper - your creative companion. This set includes 50 sheets of 150 GSM FSC Certified ivory white paper, measuring 21x30 cm (A4) with a hot-pressed finish. Perfect for sketches, whether you're a seasoned artist or a budding enthusiast. Elevate your creative space with this elegant addition to your desk, kids' room, or home office.</span>",Printworks,Paper Pad,Paper Pad,,true,Title,Default Title,,,,,,,,PW00573,300,shopify,deny,manual,9,,true,true,,,,,,https://cdn.shopify.com/s/files/1/0724/3038/7509/files/Printworks_drawing-paper.jpg?v=1743596057,1,,false,,,,"Vendor: Printworks
Type: Paper Pad
Weight: 300g",,,,,,,,,,,,,,kg,,,active
drawing-paper-pad,,,,,,,,,,,,,,,,,,,,,,,,,,,,,,,https://cdn.shopify.com/s/files/1/0724/3038/7509/files/Printworks_Art_DrawingPaper_mood_1.jpg?v=1743596057,2,,,,,,,,,,,,,,,,,,,,,,,
photo-paper-large-white-10-pack,"Photo paper, White 10-pack L","<p><meta charset=""utf-8""> Elevate your album with white refill photo papers designed to fit our large albums (28x21 cm). This pack includes 10 sheets of 230 gsm acid-free white photo paper, <meta charset=""utf-8"">ensuring your cherished memories are preserved in timeless quality.<br data-mce-fragment=""1""><br data-mce-fragment=""1"">If you ordered an album with black pages but prefer white, these refill papers offer the perfect solution. Customize your album to match your aesthetic. If the album you've ordered already comes with original white papers, these refill papers are ideal if you need more space for your photos. Our albums originally feature 30 pages, and we recommend adding a maximum of 10 additional pages. </p>",Printworks,Refill Photo Paper,Refill Photo Paper,Large Photo Album Accessories,true,Title,Default Title,,,,,,,,PW00612,130,shopify,deny,manual,9,,true,true,,,,,,https://cdn.shopify.com/s/files/1/0724/3038/7509/files/Printworks_refill-papper_white-large.jpg?v=1743596015,1,,false,,,,"Vendor: Printworks
Type: Refill Photo Paper
Weight: 130g",,,,,,,,,,,,,,kg,,,active
photo-paper-large-white-10-pack,,,,,,,,,,,,,,,,,,,,,,,,,,,,,,,https://cdn.shopify.com/s/files/1/0724/3038/7509/files/Printworks_refill-papper_white-large_4_8b3b4f86-2150-42a3-a314-1e39f8dd8035.jpg?v=1764771777,2,,,,,,,,,,,,,,,,,,,,,,,
photo-paper-large-white-10-pack,,,,,,,,,,,,,,,,,,,,,,,,,,,,,,,https://cdn.shopify.com/s/files/1/0724/3038/7509/files/Printworks_refill-papper_white-large_2_223bfc40-169a-4198-b525-ca7bed5df750.jpg?v=1764771777,3,,,,,,,,,,,,,,,,,,,,,,,
photo-paper-large-white-10-pack,,,,,,,,,,,,,,,,,,,,,,,,,,,,,,,https://cdn.shopify.com/s/files/1/0724/3038/7509/files/Printworks_refill-papper_white-large_3_bbd39631-bcd2-43f1-b91c-924e3377bc3a.jpg?v=1764771777,4,,,,,,,,,,,,,,,,,,,,,,,
coffee-table-photo-book-life,"Life, Beige","<p><meta charset=""utf-8"">Discover our bestselling photo book Life, featuring a beautiful hardcover bookshelf design covered in beige cloth with white text.<br><br>The photo book includes 40 pages of high-quality white photo paper <meta charset=""utf-8""><meta charset=""utf-8"">in the size 18x26,5 cm (80 pages if used double-sided), ready for your memories. <meta charset=""utf-8"">Easily attach your photos with our <a href=""https://printworksmarket.com/products/photo-album-photo-stickers"">stickers</a> or <a href=""https://printworksmarket.com/collections/photo-album-accessories/products/photo-album-photo-corners"">corners.</a> <br></p>
<p><meta charset=""utf-8"">Please note, the binding technique of this album allows it to expand as you place photos on every page. It's designed so that once filled with photos, and not before, it takes on the shape of a 90-degree coffee table book.</p>
<p>Find our larger version of Life as a coffee table album <a href=""https://printworksmarket.com/collections/photo-albums/products/life-large-beige"">here</a>. </p>",Printworks,Photo Book,Photo Book,"Bookshelf Albums, small-bag, YGroup_PhotoBook",true,Title,Default Title,,,,,,,,PW00568,500,shopify,deny,manual,35,,true,true,,,,,,https://cdn.shopify.com/s/files/1/0724/3038/7509/files/Printworks_photo-book_life-beige.jpg?v=1743596017,1,,false,,,,"Vendor: Printworks
Type: Photo Book
Weight: 500g",,,,,,,,,,,,,,kg,,,active
coffee-table-photo-book-life,,,,,,,,,,,,,,,,,,,,,,,,,,,,,,,https://cdn.shopify.com/s/files/1/0724/3038/7509/files/Printworks_PhotoBook_Life_mood_4.jpg?v=1745321732,2,,,,,,,,,,,,,,,,,,,,,,,
coffee-table-photo-book-life,,,,,,,,,,,,,,,,,,,,,,,,,,,,,,,https://cdn.shopify.com/s/files/1/0724/3038/7509/files/Printworks_photo-book_life-beige_2.jpg?v=1745321732,3,,,,,,,,,,,,,,,,,,,,,,,
coffee-table-photo-book-life,,,,,,,,,,,,,,,,,,,,,,,,,,,,,,,https://cdn.shopify.com/s/files/1/0724/3038/7509/files/Printworks_PhotoBook_Life_mood_5.jpg?v=1745321732,4,,,,,,,,,,,,,,,,,,,,,,,
coffee-table-photo-book-life,,,,,,,,,,,,,,,,,,,,,,,,,,,,,,,https://cdn.shopify.com/s/files/1/0724/3038/7509/files/Printworks_PhotoBook_LifeBeige_mood_1.jpg?v=1745321732,5,,,,,,,,,,,,,,,,,,,,,,,
coffee-table-photo-book-life,,,,,,,,,,,,,,,,,,,,,,,,,,,,,,,https://cdn.shopify.com/s/files/1/0724/3038/7509/files/Printworks_photo-book_life-beige_3.jpg?v=1745321724,6,,,,,,,,,,,,,,,,,,,,,,,
chess-mirror,Chess Mirror,"<p><meta charset=""utf-8""> <meta charset=""utf-8""></p>
<p data-mce-fragment=""1""><span data-mce-fragment=""1"">""Chess Mirror"" has a spectacular design with a thin layer of mirrored acrylic on the board's surface, providing an impressive reflection. The pieces and board are made of wood, while the box is crafted from high-quality art paper. The box opens like a book, fitting perfectly with your art books on a shelf or coffee table. The cover is printed with checkered silver foil, imitating the mirror effect.</span></p>
<p data-mce-fragment=""1""><span data-mce-fragment=""1"">Immerse yourself in the world of classic board games with our exquisite Chess, perfectly designed to complement our concept of ""Coffee Table Games,"" elevating your home wherever you place it. Whether you play or display it, it's a guaranteed win.</span></p>",Printworks,Board Game,Board Game,"medium-bag, YGroup_ChessMirror",true,Title,Default Title,,,,,,,,PW00570,1000,shopify,deny,manual,125,,true,true,,,,,,https://cdn.shopify.com/s/files/1/0724/3038/7509/files/Printworks_art-of-games_chess-mirror_2_ec84e9f1-b2a0-4f73-be76-455eb93bc973.jpg?v=1764078883,1,,false,,,,"Vendor: Printworks
Type: Board Game
Weight: 1000g",,,,,,,,,,,,,,kg,,,active
chess-mirror,,,,,,,,,,,,,,,,,,,,,,,,,,,,,,,https://cdn.shopify.com/s/files/1/0724/3038/7509/files/MirrorChess.jpg?v=1771333443,2,,,,,,,,,,,,,,,,,,,,,,,
chess-mirror,,,,,,,,,,,,,,,,,,,,,,,,,,,,,,,https://cdn.shopify.com/s/files/1/0724/3038/7509/files/Printworks_art-of-games_chess-mirror_3_e342baa5-9a3e-4f5a-bc2e-824eecbbf9ca.jpg?v=1771333443,3,,,,,,,,,,,,,,,,,,,,,,,
chess-mirror,,,,,,,,,,,,,,,,,,,,,,,,,,,,,,,https://cdn.shopify.com/s/files/1/0724/3038/7509/files/Printworks_Games_ArtChessMirror_mood_1_a2c064b4-0d51-4b74-b085-10f78f8c440c.jpg?v=1771333443,4,,,,,,,,,,,,,,,,,,,,,,,
chess-mirror,,,,,,,,,,,,,,,,,,,,,,,,,,,,,,,https://cdn.shopify.com/s/files/1/0724/3038/7509/files/Printworks_Games_ArtChessMirror_mood_2_cd980890-dbb8-4eee-a124-117ac3c4bf56.jpg?v=1771333443,5,,,,,,,,,,,,,,,,,,,,,,,
chess-mirror,,,,,,,,,,,,,,,,,,,,,,,,,,,,,,,https://cdn.shopify.com/s/files/1/0724/3038/7509/files/Printworks_art-of-games_chess-mirror.jpg?v=1771333443,6,,,,,,,,,,,,,,,,,,,,,,,
chess-mirror,,,,,,,,,,,,,,,,,,,,,,,,,,,,,,,https://cdn.shopify.com/s/files/1/0724/3038/7509/files/Printworks_art-of-games_chess-mirror_4_30999911-c2bb-49e1-a716-cb531648d16d.jpg?v=1771333443,7,,,,,,,,,,,,,,,,,,,,,,,
skiss-set-emerging-artist,Emerging Artist,"<p><meta charset=""utf-8""> <meta charset=""utf-8""><span data-mce-fragment=""1"">Discover ""Emerging Artist,"" our beautiful skiss set created to elevate your artistic skills. This set helps you to advance your craft while mastering human anatomy with a wooden mannequin, allowing you to understand proportions and shapes seamlessly. </span></p>
<p><span data-mce-fragment=""1"">Featuring 25 essential pieces, this kit includes one wooden mannequin with a podium, two sharpeners, two erasers, two crayons, three pastel pencils, three charcoal pencils, two graphite pencils, and ten sketch pencils. With ""Emerging Artist,"" you have all the tools to refine your artistic journey and unleash your creative potential.</span></p>",Printworks,Skiss Set,Skiss Set,medium-bag,true,Title,Default Title,,,,,,,,PW00456,1000,shopify,deny,manual,60,,true,true,,,,,,https://cdn.shopify.com/s/files/1/0724/3038/7509/files/Printworks_emerging-artist.jpg?v=1743596023,1,,false,,,,"Vendor: Printworks
Type: Skiss Set
Weight: 1000g",,,,,,,,,,,,,,kg,,,active
skiss-set-emerging-artist,,,,,,,,,,,,,,,,,,,,,,,,,,,,,,,https://cdn.shopify.com/s/files/1/0724/3038/7509/files/Printworks_emerging-artist_2.jpg?v=1743596023,2,,,,,,,,,,,,,,,,,,,,,,,
skiss-set-emerging-artist,,,,,,,,,,,,,,,,,,,,,,,,,,,,,,,https://cdn.shopify.com/s/files/1/0724/3038/7509/files/Printworks_Art_EmergingArtist_mood_2.jpg?v=1743596023,3,,,,,,,,,,,,,,,,,,,,,,,
skiss-set-emerging-artist,,,,,,,,,,,,,,,,,,,,,,,,,,,,,,,https://cdn.shopify.com/s/files/1/0724/3038/7509/files/Printworks_Art_EmergingArtist_mood_1.jpg?v=1743596023,4,,,,,,,,,,,,,,,,,,,,,,,
skiss-set-emerging-artist,,,,,,,,,,,,,,,,,,,,,,,,,,,,,,,https://cdn.shopify.com/s/files/1/0724/3038/7509/files/Printworks_emerging-artist_3.jpg?v=1743596023,5,,,,,,,,,,,,,,,,,,,,,,,
art-of-backgammon,Art of Backgammon,"<p><meta charset=""utf-8""><span data-mce-fragment=""1"">Art of Backgammon features a 20th-century makeover with bold red and blue colors and typography, giving it an artsy impression. The set opens like a book, displaying a sleek, thin layer of acrylic board, inviting you to enjoy hours of strategic play. It also comes with easy-to-read instructions in English, French, and German. Suitable for 2 players and recommended for ages 5 and above. </span></p>
<p><span data-mce-fragment=""1"">Immerse yourself in the world of classic board games with our exquisite Backgammon, perfectly designed to complement our concept of ""Coffee Table Games,"" elevating your home wherever you place it. Whether you play or display it, it's a guaranteed win. </span><meta charset=""utf-8""><span data-mce-fragment=""1""></span></p>",Printworks,Board Game,Board Game,"medium-bag, YGroup_BackgammonClassic",true,Title,Default Title,,,,,,,,PW00544,800,shopify,deny,manual,65,,true,true,,,,,,https://cdn.shopify.com/s/files/1/0724/3038/7509/files/Printworks_art-of-games_backgammon.jpg?v=1743596026,1,,false,,,,"Vendor: Printworks
Type: Board Game
Weight: 800g",,,,,,,,,,,,,,kg,,,active
art-of-backgammon,,,,,,,,,,,,,,,,,,,,,,,,,,,,,,,https://cdn.shopify.com/s/files/1/0724/3038/7509/files/Printworks_art-of-games_backgammon_2.jpg?v=1743685783,2,,,,,,,,,,,,,,,,,,,,,,,
art-of-backgammon,,,,,,,,,,,,,,,,,,,,,,,,,,,,,,,https://cdn.shopify.com/s/files/1/0724/3038/7509/files/Printworks_Games_ArtBackgammon_mood_2.jpg?v=1743685783,3,,,,,,,,,,,,,,,,,,,,,,,
art-of-backgammon,,,,,,,,,,,,,,,,,,,,,,,,,,,,,,,https://cdn.shopify.com/s/files/1/0724/3038/7509/files/Printworks_Games_ArtBackgammon_mood_1.jpg?v=1743685783,4,,,,,,,,,,,,,,,,,,,,,,,
art-of-backgammon,,,,,,,,,,,,,,,,,,,,,,,,,,,,,,,https://cdn.shopify.com/s/files/1/0724/3038/7509/files/Printworks_Games_ArtBackgammon_mood_3.jpg?v=1743596026,5,,,,,,,,,,,,,,,,,,,,,,,
art-of-backgammon,,,,,,,,,,,,,,,,,,,,,,,,,,,,,,,https://cdn.shopify.com/s/files/1/0724/3038/7509/files/Printworks_art-of-games_backgammon_3.jpg?v=1743596026,6,,,,,,,,,,,,,,,,,,,,,,,
art-of-backgammon,,,,,,,,,,,,,,,,,,,,,,,,,,,,,,,https://cdn.shopify.com/s/files/1/0724/3038/7509/files/Printworks_art-of-games_backgammon_4.jpg?v=1743596026,7,,,,,,,,,,,,,,,,,,,,,,,
chess-clouds,Chess Clouds,"<meta charset=""utf-8""><span data-mce-fragment=""1"">Discover our unique edition, ""Chess Clouds"", featuring a spectacular design inspired by the sky. The pieces and board are made of wood, with a thin layer of acrylic mounted on the board's surface, creating an impressive reflection. The box is crafted from high-quality art paper, adorned with a printed cloud formation, and enhanced with a hot foil print in navy and white.</span><br data-mce-fragment=""1""><br data-mce-fragment=""1""><span data-mce-fragment=""1"">Immerse yourself in the world of classic board games with our exquisite Chess, perfectly designed to complement our concept of ""Coffee Table Games,"" elevating your home wherever you place it. Whether you play or display it, it's a guaranteed win.</span>",Printworks,Board Game,Board Game,medium-bag,true,Title,Default Title,,,,,,,,PW00542,900,shopify,deny,manual,65,,true,true,,,,,,https://cdn.shopify.com/s/files/1/0724/3038/7509/files/Printworks_art-of-games_chess-cloud_2_7d5b82fd-e13b-4fb0-8197-51d9b3b1be33.jpg?v=1764078419,1,,false,,,,"Vendor: Printworks
Type: Board Game
Weight: 900g",,,,,,,,,,,,,,kg,,,active
chess-clouds,,,,,,,,,,,,,,,,,,,,,,,,,,,,,,,https://cdn.shopify.com/s/files/1/0724/3038/7509/files/Printworks_Games_ArtChessCloud_mood_1.jpg?v=1764078419,2,,,,,,,,,,,,,,,,,,,,,,,
chess-clouds,,,,,,,,,,,,,,,,,,,,,,,,,,,,,,,https://cdn.shopify.com/s/files/1/0724/3038/7509/files/Printworks_art-of-games_chess-cloud_3_bd2fa576-d768-46ec-927a-fb257caf7ae2.jpg?v=1764078419,3,,,,,,,,,,,,,,,,,,,,,,,
chess-clouds,,,,,,,,,,,,,,,,,,,,,,,,,,,,,,,https://cdn.shopify.com/s/files/1/0724/3038/7509/files/Printworks_Games_ArtChessCloud_mood_3.jpg?v=1764078419,4,,,,,,,,,,,,,,,,,,,,,,,
chess-clouds,,,,,,,,,,,,,,,,,,,,,,,,,,,,,,,https://cdn.shopify.com/s/files/1/0724/3038/7509/files/Printworks_Games_ArtChessCloud_mood_2.jpg?v=1764078419,5,,,,,,,,,,,,,,,,,,,,,,,
chess-clouds,,,,,,,,,,,,,,,,,,,,,,,,,,,,,,,https://cdn.shopify.com/s/files/1/0724/3038/7509/files/Printworks_art-of-games_chess-cloud_bfe4f733-2251-4e5c-91d3-0c989c7f8a9b.jpg?v=1764078419,6,,,,,,,,,,,,,,,,,,,,,,,
chess-clouds,,,,,,,,,,,,,,,,,,,,,,,,,,,,,,,https://cdn.shopify.com/s/files/1/0724/3038/7509/files/Printworks_art-of-games_chess-cloud_4_12254980-7a80-4c49-9631-6fdacde11c5a.jpg?v=1764078419,7,,,,,,,,,,,,,,,,,,,,,,,
double-playing-cards,Playing Cards,"<p><meta charset=""utf-8""><span data-mce-fragment=""1"">Discover our Playing Cards with an aesthetic twist. Featuring a refined palette and distinctive graphics, these cards infuse playful colors into any home interior, making them equally appealing for gameplay or display. As a bonus, this set includes two decks of cards, doubling your enjoyment.</span></p>",Printworks,Game,Game,small-bag,true,Title,Default Title,,,,,,,,PW00457,260,shopify,deny,manual,15,,true,true,,,,,,https://cdn.shopify.com/s/files/1/0724/3038/7509/files/Printworks_play-games_playing-cards.jpg?v=1743596032,1,,false,,,,"Vendor: Printworks
Type: Game
Weight: 260g",,,,,,,,,,,,,,kg,,,active
double-playing-cards,,,,,,,,,,,,,,,,,,,,,,,,,,,,,,,https://cdn.shopify.com/s/files/1/0724/3038/7509/files/Printworks_Games_PlayPlayingCards_mood_1.jpg?v=1743596032,2,,,,,,,,,,,,,,,,,,,,,,,
double-playing-cards,,,,,,,,,,,,,,,,,,,,,,,,,,,,,,,https://cdn.shopify.com/s/files/1/0724/3038/7509/files/Printworks_Games_PlayPlayingCards_mood_2.jpg?v=1743596032,3,,,,,,,,,,,,,,,,,,,,,,,
double-playing-cards,,,,,,,,,,,,,,,,,,,,,,,,,,,,,,,https://cdn.shopify.com/s/files/1/0724/3038/7509/files/Printworks_play-games_playing-cards_2_ca68b417-2aaa-4fe4-ba56-aa05d9116b99.jpg?v=1764771163,4,,,,,,,,,,,,,,,,,,,,,,,
photo-album-little-moments-big-memories,Little Moments Big Memories,"<p><meta charset=""utf-8"">Discover our bookshelf album <meta charset=""utf-8"">Little Moments Big Memories, featuring a hardcover bookshelf design covered in light pink cloth with white text – a stylish alternative to our traditional box-like coffee table albums. <br><br><meta charset=""utf-8"">The bookshelf album includes 40 pages of high-quality white photo paper <meta charset=""utf-8"">in the size <meta charset=""utf-8""><meta charset=""utf-8""><span></span><span></span><span>13,5x20 cm </span>(80 pages if used double-sided), ready for your memories.<meta charset=""utf-8""> Easily attach your photos with our <a href=""https://printworksmarket.com/products/photo-album-photo-stickers"">stickers</a> or <a href=""https://printworksmarket.com/collections/photo-album-accessories/products/photo-album-photo-corners"">corners.</a> </p>
<p><meta charset=""utf-8"">Please note, the binding technique of this album allows it to expand as you place photos on every page. It's designed so that once filled with photos, and not before, it takes on the shape of a 90-degree coffee table book. </p>",Printworks,Bookshelf Album,Bookshelf Album,"small-bag, YGroup_BookshelfAlbums",true,Title,Default Title,,,,,,,,PW00528,325,shopify,deny,manual,25,,true,true,,,,,,https://cdn.shopify.com/s/files/1/0724/3038/7509/files/Printworks_photo-book_little-moments-big-memories_3a549b6d-8076-41eb-8dad-9c5c984e47c8.jpg?v=1743596037,1,,false,,,,"Vendor: Printworks
Type: Bookshelf Album
Weight: 325g",,,,,,,,,,,,,,kg,,,active
photo-album-little-moments-big-memories,,,,,,,,,,,,,,,,,,,,,,,,,,,,,,,https://cdn.shopify.com/s/files/1/0724/3038/7509/files/Printworks_PhotoBook_Little-Moments-Big-Memories_mood_1_1cf70188-2656-4f4a-93f2-591405c1e2a9.jpg?v=1743596037,2,,,,,,,,,,,,,,,,,,,,,,,
photo-album-little-moments-big-memories,,,,,,,,,,,,,,,,,,,,,,,,,,,,,,,https://cdn.shopify.com/s/files/1/0724/3038/7509/files/Printworks_photo-book_little-moments-big-memories_2_3ccf8405-00a4-41d4-a16f-891250d52ccd.jpg?v=1743596038,3,,,,,,,,,,,,,,,,,,,,,,,
photo-album-little-moments-big-memories,,,,,,,,,,,,,,,,,,,,,,,,,,,,,,,https://cdn.shopify.com/s/files/1/0724/3038/7509/files/Printworks_photo-book_little-moments-big-memories_3_308ffbdf-ac0b-4536-94cb-4f2972fe6c97.jpg?v=1743596038,4,,,,,,,,,,,,,,,,,,,,,,,
scented-candles-volcano,Volcano,"<p><meta charset=""utf-8""><span data-mce-fragment=""1"">Discover our scented soy candle in a beautiful ceramic vessel inspired by elements of nature. Once the candle has burnt out - reuse the ceramic as a small vase, pencil holder, or place it as a decorative object on a shelf. </span><span data-mce-fragment=""1"">Net weight is 425g. The estimated burning time is approx 85 hrs. </span></p>
<p><strong>Scent </strong></p>
<p><span data-mce-fragment=""1"">Top: </span><span data-mce-fragment=""1"">Black Currant &amp; Lime </span></p>
<p><span data-mce-fragment=""1"">Heart: Jasmin </span></p>
<p><span data-mce-fragment=""1"">Bottom: Cedar Wood + Vanilla </span></p>
<p><em>Other available variants: Sand, Cloud</em><br></p>",Scented Candle,Scented Candle,Scented Candle,YGroup_Candle,true,Title,Default Title,,,,,,,,PW00547,700,shopify,deny,manual,25,,true,true,,,,,,https://cdn.shopify.com/s/files/1/0724/3038/7509/files/Printworks_candle_vulcano.jpg?v=1743596128,1,,false,,,,"Vendor: Scented Candle
Type: Scented Candle
Weight: 700g",,,,,,,,,,,,,,kg,,,active
scented-candles-volcano,,,,,,,,,,,,,,,,,,,,,,,,,,,,,,,https://cdn.shopify.com/s/files/1/0724/3038/7509/files/Printworks_Candle_Volcano_mood_1.jpg?v=1743596128,2,,,,,,,,,,,,,,,,,,,,,,,
scented-candles-volcano,,,,,,,,,,,,,,,,,,,,,,,,,,,,,,,https://cdn.shopify.com/s/files/1/0724/3038/7509/files/Printworks_Candle_Volcano_mood_2.jpg?v=1743596129,3,,,,,,,,,,,,,,,,,,,,,,,
scented-candles-volcano,,,,,,,,,,,,,,,,,,,,,,,,,,,,,,,https://cdn.shopify.com/s/files/1/0724/3038/7509/files/Printworks_Candle_Volcano_mood_3.jpg?v=1743596129,4,,,,,,,,,,,,,,,,,,,,,,,
coffee-table-photo-book-the-wonder-years,The Wonder Years,"<p><meta charset=""utf-8"">Discover our innovative photo book The Wonder Years, <meta charset=""utf-8"">featuring a beautiful hardcover bookshelf design covered in grey cloth with silver foiled text.<br><br>The photo book includes 40 pages of high-quality white photo paper <meta charset=""utf-8""><meta charset=""utf-8""><span></span><span></span><span>in the size 18x26,5 cm</span> (80 pages if used double-sided), ready for your memories. <meta charset=""utf-8"">Easily attach your photos with our <a href=""https://printworksmarket.com/products/photo-album-photo-stickers"">stickers</a> or <a href=""https://printworksmarket.com/collections/photo-album-accessories/products/photo-album-photo-corners"">corners.</a> <br></p>
<p><meta charset=""utf-8"">Please note, the binding technique of this album allows it to expand as you place photos on every page. It's designed so that once filled with photos, and not before, it takes on the shape of a 90-degree coffee table book.</p>",Printworks,Photo Book,Photo Book,"Bookshelf Albums, small-bag, YGroup_PhotoBook",true,Title,Default Title,,,,,,,,PW00569,500,shopify,deny,manual,35,,true,true,,,,,,https://cdn.shopify.com/s/files/1/0724/3038/7509/files/Printworks_photo-book_the-wonder-years.jpg?v=1743596139,1,,false,,,,"Vendor: Printworks
Type: Photo Book
Weight: 500g",,,,,,,,,,,,,,kg,,,active
coffee-table-photo-book-the-wonder-years,,,,,,,,,,,,,,,,,,,,,,,,,,,,,,,https://cdn.shopify.com/s/files/1/0724/3038/7509/files/Printworks_PhotoBook_TheWonderYears_mood_4.jpg?v=1745321077,2,,,,,,,,,,,,,,,,,,,,,,,
coffee-table-photo-book-the-wonder-years,,,,,,,,,,,,,,,,,,,,,,,,,,,,,,,https://cdn.shopify.com/s/files/1/0724/3038/7509/files/Printworks_photo-book_the-wonder-years_2_e08610a6-2458-4d7d-bce7-861f69cb5f60.jpg?v=1764769340,3,,,,,,,,,,,,,,,,,,,,,,,
coffee-table-photo-book-the-wonder-years,,,,,,,,,,,,,,,,,,,,,,,,,,,,,,,https://cdn.shopify.com/s/files/1/0724/3038/7509/files/Printworks_PhotoBook_TheWonderYears_mood_3.jpg?v=1764769340,4,,,,,,,,,,,,,,,,,,,,,,,
coffee-table-photo-book-the-wonder-years,,,,,,,,,,,,,,,,,,,,,,,,,,,,,,,https://cdn.shopify.com/s/files/1/0724/3038/7509/files/Printworks_photo-book_the-wonder-years_3.jpg?v=1764769340,5,,,,,,,,,,,,,,,,,,,,,,,
12-colour-pencils-graphite,"Graphite, 12 pack","<p><meta charset=""utf-8""><span data-mce-fragment=""1"">Discover our Graphite Color Pencils, a must-have set for sketching, drawing, and shading. These solid graphite pencils, also known as woodless pencils, offer a range of 12 grades, spanning from hard to soft. Each pencil is meticulously crafted from high-quality graphite, ensuring smooth and precise lines. With a lacquer coating, these pencils keep your hands clean while you create your next masterpiece. </span></p>
<p><span data-mce-fragment=""1"">The set includes the following grades: 4H, 2H, H, HB, B, 2B, 3B, 4B, 6B, 8B, 10B, and 12B.</span></p>",Printworks,Color Pencils,Color Pencils,"small-bag, YGroup_ColorPencils",true,Title,Default Title,,,,,,,,PW00566,157,shopify,deny,manual,20,,true,true,,,,,,https://cdn.shopify.com/s/files/1/0724/3038/7509/files/Printworks_pencils_graphite_03ec9a2d-f8c9-4e46-9af6-e5b36aa22f38.jpg?v=1764758326,1,,false,,,,"Vendor: Printworks
Type: Color Pencils
Weight: 157g",,,,,,,,,,,,,,kg,,,active
12-colour-pencils-graphite,,,,,,,,,,,,,,,,,,,,,,,,,,,,,,,https://cdn.shopify.com/s/files/1/0724/3038/7509/files/Printworks_pencils_graphite_2_ff1e568f-46e7-4f42-a2c9-7bf2ec6b7381.jpg?v=1764758326,2,,,,,,,,,,,,,,,,,,,,,,,
12-colour-pencils-graphite,,,,,,,,,,,,,,,,,,,,,,,,,,,,,,,https://cdn.shopify.com/s/files/1/0724/3038/7509/files/Printworks_Art_GraphitePencils_mood_1.jpg?v=1764758326,3,,,,,,,,,,,,,,,,,,,,,,,
12-color-pencils-aquarelle,"Aquarelle, 12 pack","<meta charset=""utf-8""><span data-mce-fragment=""1"">Discover our Aquarelle Color Pencils, the perfect set for watercolor enthusiasts. These high-quality linden wood pencils are entirely water soluble, allowing you to create stunning watercolor effects with just a wet brush. With rich pigmentation and a 3.0 mm core, this set inspires creativity for beginners and self-made artists. Unleash your artistic potential with our Aquarelle pencils.</span>",Printworks,Color Pencils,Color Pencils,"small-bag, YGroup_ColorPencils",true,Title,Default Title,,,,,,,,PW00567,157,shopify,deny,manual,20,,true,true,,,,,,https://cdn.shopify.com/s/files/1/0724/3038/7509/files/Printworks_pencils_aquarelle_70a04fd7-497b-4e06-b7c8-7e091317b400.jpg?v=1764758255,1,,false,,,,"Vendor: Printworks
Type: Color Pencils
Weight: 157g",,,,,,,,,,,,,,kg,,,active
12-color-pencils-aquarelle,,,,,,,,,,,,,,,,,,,,,,,,,,,,,,,https://cdn.shopify.com/s/files/1/0724/3038/7509/files/Printworks_pencils_aquarelle_2_d50b82e7-a1b3-405d-b60e-a72ab5a9b300.jpg?v=1764758255,2,,,,,,,,,,,,,,,,,,,,,,,
12-color-pencils-aquarelle,,,,,,,,,,,,,,,,,,,,,,,,,,,,,,,https://cdn.shopify.com/s/files/1/0724/3038/7509/files/Printworks_Art_AquarellePencils_mood_2.jpg?v=1764758255,3,,,,,,,,,,,,,,,,,,,,,,,
frame-book-beige,"Great Art, Beige","<p data-mce-fragment=""1""><span data-mce-fragment=""1"">Discover our innovative Frame Book, the perfect solution for preserving and showcasing your children's artwork or your own creative masterpieces. Say goodbye to the dilemma of what to do with cherished drawings, as this book provides a dedicated home for them.</span></p>
<p data-mce-fragment=""1""><span data-mce-fragment=""1"">Inside this beige Frame Book, you'll discover 19 built-in frames designed to fit a special drawing perfectly. Slide the artwork into the frames, and on the adjacent page, write down notes or messages from the artist, adding a personal touch and capturing the story behind each piece.</span></p>",Printworks,Frame Book,Frame Book,"large-bag, YGroup_FrameBook",true,Title,Default Title,,,,,,,,PW00444,940,shopify,deny,manual,35,,true,true,,,,,,https://cdn.shopify.com/s/files/1/0724/3038/7509/files/Printworks_frame-book_beige_3.jpg?v=1743596146,1,,false,,,,"Vendor: Printworks
Type: Frame Book
Weight: 940g",,,,,,,,,,,,,,kg,,,active
frame-book-beige,,,,,,,,,,,,,,,,,,,,,,,,,,,,,,,https://cdn.shopify.com/s/files/1/0724/3038/7509/files/Printworks_frame-book_beige_3_a6b63af7-dddc-44bf-8dc1-5052795fef3d.jpg?v=1764085674,2,,,,,,,,,,,,,,,,,,,,,,,
frame-book-beige,,,,,,,,,,,,,,,,,,,,,,,,,,,,,,,https://cdn.shopify.com/s/files/1/0724/3038/7509/files/Printworks_frame-book_beige_4_0235e932-93d4-4117-8269-d1744620b091.jpg?v=1764085674,3,,,,,,,,,,,,,,,,,,,,,,,
frame-book-beige,,,,,,,,,,,,,,,,,,,,,,,,,,,,,,,https://cdn.shopify.com/s/files/1/0724/3038/7509/files/Printworks_frame-book_beige_2_a7c681b7-c638-44f0-9fc8-970868ded8b3.jpg?v=1764085674,4,,,,,,,,,,,,,,,,,,,,,,,
frame-book-beige,,,,,,,,,,,,,,,,,,,,,,,,,,,,,,,https://cdn.shopify.com/s/files/1/0724/3038/7509/files/Printworks_FrameBook_Beige_mood_2.jpg?v=1764085674,5,,,,,,,,,,,,,,,,,,,,,,,
frame-book-beige,,,,,,,,,,,,,,,,,,,,,,,,,,,,,,,https://cdn.shopify.com/s/files/1/0724/3038/7509/files/Printworks_FrameBook_Beige_mood_1.jpg?v=1764085674,6,,,,,,,,,,,,,,,,,,,,,,,
frame-book-beige,,,,,,,,,,,,,,,,,,,,,,,,,,,,,,,https://cdn.shopify.com/s/files/1/0724/3038/7509/files/Printworks_frame-book_beige.jpg?v=1764085674,7,,,,,,,,,,,,,,,,,,,,,,,
frame-book-grey,"Great Art, Grey","<p><meta charset=""utf-8""><span>Discover our innovative Frame Book, the perfect solution for preserving and showcasing your children's artwork or your own creative masterpieces. Say goodbye to the dilemma of what to do with cherished drawings, as this book provides a dedicated home for them. </span></p>
<p><span>Inside this grey Frame Book, you'll discover 19 built-in frames designed to fit a special drawing perfectly. Slide the artwork into the frames, and on the adjacent page, write down notes or messages from the artist, adding a personal touch and capturing the story behind each piece.</span></p>",Printworks,Frame Book,Frame Book,"large-bag, YGroup_FrameBook",true,Title,Default Title,,,,,,,,PW00445,940,shopify,deny,manual,35,,true,true,,,,,,https://cdn.shopify.com/s/files/1/0724/3038/7509/files/Printworks_frame-book_grey_3.jpg?v=1743596150,1,,false,,,,"Vendor: Printworks
Type: Frame Book
Weight: 940g",,,,,,,,,,,,,,kg,,,active
frame-book-grey,,,,,,,,,,,,,,,,,,,,,,,,,,,,,,,https://cdn.shopify.com/s/files/1/0724/3038/7509/files/Printworks_frame-book_grey_3_05c6a12e-7026-4ff2-8bfc-6570a61db39d.jpg?v=1764086023,2,,,,,,,,,,,,,,,,,,,,,,,
frame-book-grey,,,,,,,,,,,,,,,,,,,,,,,,,,,,,,,https://cdn.shopify.com/s/files/1/0724/3038/7509/files/Printworks_frame-book_grey_4_c32e7230-54e6-4746-8eb2-8dea1a64e69d.jpg?v=1764086023,3,,,,,,,,,,,,,,,,,,,,,,,
frame-book-grey,,,,,,,,,,,,,,,,,,,,,,,,,,,,,,,https://cdn.shopify.com/s/files/1/0724/3038/7509/files/Printworks_frame-book_grey_2_2bcba474-f2cd-4f50-ade5-9067de097e6d.jpg?v=1764086023,4,,,,,,,,,,,,,,,,,,,,,,,
frame-book-grey,,,,,,,,,,,,,,,,,,,,,,,,,,,,,,,https://cdn.shopify.com/s/files/1/0724/3038/7509/files/Printworks_FrameBook_Grey_mood_1.jpg?v=1764086023,5,,,,,,,,,,,,,,,,,,,,,,,
frame-book-grey,,,,,,,,,,,,,,,,,,,,,,,,,,,,,,,https://cdn.shopify.com/s/files/1/0724/3038/7509/files/Printworks_frame-book_grey.jpg?v=1764086023,6,,,,,,,,,,,,,,,,,,,,,,,
frame-book-black,"Great Art, Black","<p data-mce-fragment=""1""><span data-mce-fragment=""1"">Discover our innovative Frame Book, the perfect solution for preserving and showcasing your children's artwork or your own creative masterpieces. Say goodbye to the dilemma of what to do with cherished drawings, as this book provides a dedicated home for them.</span></p>
<p data-mce-fragment=""1""><span data-mce-fragment=""1"">Inside this black Frame Book, you'll discover 19 built-in frames designed to fit a special drawing perfectly. Slide the artwork into the frames, and on the adjacent page, write down notes or messages from the artist, adding a personal touch and capturing the story behind each piece.</span></p>",Printworks,Frame Book,Frame Book,"large-bag, YGroup_FrameBook",true,Title,Default Title,,,,,,,,PW00446,940,shopify,deny,manual,35,,true,true,,,,,,https://cdn.shopify.com/s/files/1/0724/3038/7509/files/Printworks_frame-book_black_3.jpg?v=1743596154,1,,false,,,,"Vendor: Printworks
Type: Frame Book
Weight: 940g",,,,,,,,,,,,,,kg,,,active
frame-book-black,,,,,,,,,,,,,,,,,,,,,,,,,,,,,,,https://cdn.shopify.com/s/files/1/0724/3038/7509/files/Printworks_frame-book_black_3_b1383b9c-428e-4d62-9ab2-18a404692056.jpg?v=1764085798,2,,,,,,,,,,,,,,,,,,,,,,,
frame-book-black,,,,,,,,,,,,,,,,,,,,,,,,,,,,,,,https://cdn.shopify.com/s/files/1/0724/3038/7509/files/Printworks_frame-book_black_4_897a4230-ca38-4418-bd42-848462ef6627.jpg?v=1764085798,3,,,,,,,,,,,,,,,,,,,,,,,
frame-book-black,,,,,,,,,,,,,,,,,,,,,,,,,,,,,,,https://cdn.shopify.com/s/files/1/0724/3038/7509/files/Printworks_frame-book_black_2_333e86a4-c537-4647-b785-4007d603d5e7.jpg?v=1764085798,4,,,,,,,,,,,,,,,,,,,,,,,
frame-book-black,,,,,,,,,,,,,,,,,,,,,,,,,,,,,,,https://cdn.shopify.com/s/files/1/0724/3038/7509/files/Printworks_FrameBook_Black_mood_1.jpg?v=1764085798,5,,,,,,,,,,,,,,,,,,,,,,,
frame-book-black,,,,,,,,,,,,,,,,,,,,,,,,,,,,,,,https://cdn.shopify.com/s/files/1/0724/3038/7509/files/Printworks_frame-book_black.jpg?v=1764085798,6,,,,,,,,,,,,,,,,,,,,,,,
guest-book-beige-yellow,"Be My Guest, Beige/Yellow","<p><meta charset=""utf-8""><span data-mce-fragment=""1"">Guest Books are a beautiful way to preserve cherished memories from special occasions. With an elegant design and high-quality pages, this guest book provides enough space to write heartfelt messages and well wishes. It is not just a book for your event—it becomes a walk down memory lane, allowing you to relive beautiful moments for years. Place it on your coffee table or shelf to keep your precious memories within reach while elevating your home decor. </span></p>
<p><span data-mce-fragment=""1"">The Guest Book contains 100 pages and has an elegant beige slipcase to protect and store the yellow-colored book.</span></p>",Printworks,Guest Book,Guest Book,"small-bag, YGroup_GuestBook",true,Title,Default Title,,,,,,,,PW00322,800,shopify,deny,manual,30,,true,true,,,,,,https://cdn.shopify.com/s/files/1/0724/3038/7509/files/Printworks_guest-book_beige.jpg?v=1743596158,1,,false,,,,"Vendor: Printworks
Type: Guest Book
Weight: 800g",,,,,,,,,,,,,,kg,,,active
guest-book-beige-yellow,,,,,,,,,,,,,,,,,,,,,,,,,,,,,,,https://cdn.shopify.com/s/files/1/0724/3038/7509/files/Printworks_guest-book_beige_2.jpg?v=1743596158,2,,,,,,,,,,,,,,,,,,,,,,,
guest-book-beige-yellow,,,,,,,,,,,,,,,,,,,,,,,,,,,,,,,https://cdn.shopify.com/s/files/1/0724/3038/7509/files/Printworks_GuestBook_GreyYellow_mood_1.jpg?v=1743596158,3,,,,,,,,,,,,,,,,,,,,,,,
guest-book-beige-yellow,,,,,,,,,,,,,,,,,,,,,,,,,,,,,,,https://cdn.shopify.com/s/files/1/0724/3038/7509/files/Printworks_guest-book_beige_4.jpg?v=1743596159,4,,,,,,,,,,,,,,,,,,,,,,,
guest-book-beige-yellow,,,,,,,,,,,,,,,,,,,,,,,,,,,,,,,https://cdn.shopify.com/s/files/1/0724/3038/7509/files/Printworks_GuestBook_GreyYellow_mood_2.jpg?v=1743596159,5,,,,,,,,,,,,,,,,,,,,,,,
guest-book-green-blue,"Be My Guest, Green/Blue","<p><meta charset=""utf-8""><span data-mce-fragment=""1"">Guest Books are a beautiful way to preserve cherished memories from special occasions. With an elegant design and high-quality pages, this guest book provides enough space to write heartfelt messages and well wishes. It is not just a book for your event—it becomes a walk down memory lane, allowing you to relive beautiful moments for years. Place it on your coffee table or shelf to keep your precious memories within reach while elevating your home decor. </span></p>
<p><span data-mce-fragment=""1"">The Guest Book contains 100 pages and has an elegant green slipcase to protect and store the blue-colored book.</span></p>",Printworks,Guest Book,Guest Book,"small-bag, YGroup_GuestBook",true,Title,Default Title,,,,,,,,PW00374,800,shopify,deny,manual,30,,true,true,,,,,,https://cdn.shopify.com/s/files/1/0724/3038/7509/files/Printworks_guest-book_green.jpg?v=1743596162,1,,false,,,,"Vendor: Printworks
Type: Guest Book
Weight: 800g",,,,,,,,,,,,,,kg,,,active
guest-book-green-blue,,,,,,,,,,,,,,,,,,,,,,,,,,,,,,,https://cdn.shopify.com/s/files/1/0724/3038/7509/files/Printworks_guest-book_green_2.jpg?v=1743596162,2,,,,,,,,,,,,,,,,,,,,,,,
guest-book-green-blue,,,,,,,,,,,,,,,,,,,,,,,,,,,,,,,https://cdn.shopify.com/s/files/1/0724/3038/7509/files/Printworks_GuestBook_GreenBlue_mood_1.jpg?v=1743596162,3,,,,,,,,,,,,,,,,,,,,,,,
guest-book-green-blue,,,,,,,,,,,,,,,,,,,,,,,,,,,,,,,https://cdn.shopify.com/s/files/1/0724/3038/7509/files/Printworks_GuestBook_GreenBlue_mood_2.jpg?v=1743596162,4,,,,,,,,,,,,,,,,,,,,,,,
guest-book-green-blue,,,,,,,,,,,,,,,,,,,,,,,,,,,,,,,https://cdn.shopify.com/s/files/1/0724/3038/7509/files/Printworks_guest-book_green_4.jpg?v=1743596162,5,,,,,,,,,,,,,,,,,,,,,,,
guest-book-green-blue,,,,,,,,,,,,,,,,,,,,,,,,,,,,,,,https://cdn.shopify.com/s/files/1/0724/3038/7509/files/Printworks_guest-book_green_3.jpg?v=1743596163,6,,,,,,,,,,,,,,,,,,,,,,,
guest-book-grey-navy,"Be My Guest, Grey/Navy","<p><meta charset=""utf-8""><span data-mce-fragment=""1"">Guest Books are a beautiful way to preserve cherished memories from special occasions. With an elegant design and high-quality pages, this guest book provides enough space to write heartfelt messages and well wishes. It is not just a book for your event—it becomes a walk down memory lane, allowing you to relive beautiful moments for years. Place it on your coffee table or shelf to keep your precious memories within reach while elevating your home decor. </span></p>
<p><span data-mce-fragment=""1"">The Guest Book contains 100 pages and has an elegant grey slipcase to protect and store the navy-colored book.</span></p>",Printworks,Guest Book,Guest Book,"small-bag, YGroup_GuestBook",true,Title,Default Title,,,,,,,,PW00373,800,shopify,deny,manual,30,,true,true,,,,,,https://cdn.shopify.com/s/files/1/0724/3038/7509/files/Printworks_guest-book_grey.jpg?v=1743596165,1,,false,,,,"Vendor: Printworks
Type: Guest Book
Weight: 800g",,,,,,,,,,,,,,kg,,,active
guest-book-grey-navy,,,,,,,,,,,,,,,,,,,,,,,,,,,,,,,https://cdn.shopify.com/s/files/1/0724/3038/7509/files/Printworks_guest-book_grey_2.jpg?v=1743596165,2,,,,,,,,,,,,,,,,,,,,,,,
guest-book-grey-navy,,,,,,,,,,,,,,,,,,,,,,,,,,,,,,,https://cdn.shopify.com/s/files/1/0724/3038/7509/files/Printworks_GuestBook_GreyBlue_mood_1.jpg?v=1743596165,3,,,,,,,,,,,,,,,,,,,,,,,
guest-book-grey-navy,,,,,,,,,,,,,,,,,,,,,,,,,,,,,,,https://cdn.shopify.com/s/files/1/0724/3038/7509/files/Printworks_guest-book_grey_4.jpg?v=1743596165,4,,,,,,,,,,,,,,,,,,,,,,,
guest-book-grey-navy,,,,,,,,,,,,,,,,,,,,,,,,,,,,,,,https://cdn.shopify.com/s/files/1/0724/3038/7509/files/Printworks_guest-book_grey_3.jpg?v=1743596165,5,,,,,,,,,,,,,,,,,,,,,,,
guest-book-rust-pink,"Be My Guest, Rust/Pink","<p><meta charset=""utf-8""><span data-mce-fragment=""1"">Guest Books are a beautiful way to preserve cherished memories from special occasions. With an elegant design and high-quality pages, this guest book provides enough space to write heartfelt messages and well wishes. It is not just a book for your event—it becomes a walk down memory lane, allowing you to relive beautiful moments for years. Place it on your coffee table or shelf to keep your precious memories within reach while elevating your home decor. </span></p>
<p><span data-mce-fragment=""1"">The Guest Book contains 100 pages and has an elegant rust slipcase to protect and store the pink-colored book.</span></p>",Printworks,Guest Book,Guest Book,"small-bag, YGroup_GuestBook",true,Title,Default Title,,,,,,,,PW00375,800,shopify,deny,manual,30,,true,true,,,,,,https://cdn.shopify.com/s/files/1/0724/3038/7509/files/Printworks_guest-book_rust.jpg?v=1743596167,1,,false,,,,"Vendor: Printworks
Type: Guest Book
Weight: 800g",,,,,,,,,,,,,,kg,,,active
guest-book-rust-pink,,,,,,,,,,,,,,,,,,,,,,,,,,,,,,,https://cdn.shopify.com/s/files/1/0724/3038/7509/files/Printworks_guest-book_rust_2.jpg?v=1743596168,2,,,,,,,,,,,,,,,,,,,,,,,
guest-book-rust-pink,,,,,,,,,,,,,,,,,,,,,,,,,,,,,,,https://cdn.shopify.com/s/files/1/0724/3038/7509/files/Printworks_GuestBook_PinkRust_mood_1.jpg?v=1743596168,3,,,,,,,,,,,,,,,,,,,,,,,
guest-book-rust-pink,,,,,,,,,,,,,,,,,,,,,,,,,,,,,,,https://cdn.shopify.com/s/files/1/0724/3038/7509/files/Printworks_guest-book_rust_4.jpg?v=1743596168,4,,,,,,,,,,,,,,,,,,,,,,,
guest-book-rust-pink,,,,,,,,,,,,,,,,,,,,,,,,,,,,,,,https://cdn.shopify.com/s/files/1/0724/3038/7509/files/Printworks_guest-book_rust_3.jpg?v=1743596168,5,,,,,,,,,,,,,,,,,,,,,,,
12-colour-pencils-classic,"Classic, 12 pack","<meta charset=""utf-8""><span data-mce-fragment=""1"">Discover our Classic Color Pencils, the perfect set for coloring enthusiasts and self-made artists. Made with high-quality linden wood, these 4.0 mm pencils offer a soft and extra thick core for flawless drawings and extended lifespan. This set includes all 12 essential colors to bring your creations to life. Elevate your art with our versatile and reliable color pencils.</span>",Printworks,Color Pencils,Color Pencils,"small-bag, YGroup_ColorPencils",true,Title,Default Title,,,,,,,,PW00117,157,shopify,deny,manual,20,,true,true,,,,,,https://cdn.shopify.com/s/files/1/0724/3038/7509/files/Printworks_pencils_classic_8298145f-4ae4-4c5e-ae9e-6cedf3bc8a5a.jpg?v=1764758292,1,,false,,,,"Vendor: Printworks
Type: Color Pencils
Weight: 157g",,,,,,,,,,,,,,kg,,,active
12-colour-pencils-classic,,,,,,,,,,,,,,,,,,,,,,,,,,,,,,,https://cdn.shopify.com/s/files/1/0724/3038/7509/files/Printworks_pencils_classic_2_4848d604-0966-49b2-943a-ca28d1f27449.jpg?v=1764758292,2,,,,,,,,,,,,,,,,,,,,,,,
12-colour-pencils-metallic,"Metallic, 12 pack","<meta charset=""utf-8""><span data-mce-fragment=""1"">Discover our Metallic Color Pencils, the perfect set for coloring enthusiasts and self-made artists. Made with high-quality linden wood, these 3.0 mm pencils feature a soft, thick core for precise drawings and long-lasting performance. This set includes all 12 essential metallic colors to unleash your creativity. Elevate your art with our shimmering and reliable metallic pencils.</span>",Printworks,Color Pencils,Color Pencils,"small-bag, YGroup_ColorPencils",true,Title,Default Title,,,,,,,,PW00357,157,shopify,deny,manual,20,,true,true,,,,,,https://cdn.shopify.com/s/files/1/0724/3038/7509/files/Printworks_pencils_metalic_51269b0a-12ab-4e32-b10e-8d2091fd3650.jpg?v=1764758350,1,,false,,,,"Vendor: Printworks
Type: Color Pencils
Weight: 157g",,,,,,,,,,,,,,kg,,,active
12-colour-pencils-metallic,,,,,,,,,,,,,,,,,,,,,,,,,,,,,,,https://cdn.shopify.com/s/files/1/0724/3038/7509/files/Printworks_pencils_metalic_2_18a976c1-5395-46d8-b0fb-7018e248023b.jpg?v=1764758350,2,,,,,,,,,,,,,,,,,,,,,,,
12-colour-pencils-neon,"Neon, 12 pack","<meta charset=""utf-8""><span data-mce-fragment=""1"">Discover our Neon Color Pencils, the perfect set for coloring enthusiasts and self-made artists. Made with high-quality linden wood, these 3.0 mm pencils feature a soft and extra thick core for vibrant drawings and extended lifespan. This set includes all 12 essential neon colors you need to unleash your creativity. Elevate your art with our dynamic and reliable neon pencils.</span>",Printworks,Color Pencils,Color Pencils,"small-bag, YGroup_ColorPencils",true,Title,Default Title,,,,,,,,PW00127,157,shopify,deny,manual,20,,true,true,,,,,,https://cdn.shopify.com/s/files/1/0724/3038/7509/files/Printworks_pencils_neon_3c471946-0b09-4d19-9db7-c76adda4e6e3.jpg?v=1764758402,1,,false,,,,"Vendor: Printworks
Type: Color Pencils
Weight: 157g",,,,,,,,,,,,,,kg,,,active
12-colour-pencils-neon,,,,,,,,,,,,,,,,,,,,,,,,,,,,,,,https://cdn.shopify.com/s/files/1/0724/3038/7509/files/Printworks_pencils_neon_3f1c07ba-a936-475d-86a4-aff1a397006d.jpg?v=1764758402,2,,,,,,,,,,,,,,,,,,,,,,,
12-colour-pencils-skin-tone,"Skin tone, 12 pack","<meta charset=""utf-8""><span data-mce-fragment=""1"">Enhance your portraits and drawings with our Skin Tone Color Pencils, offering a diverse palette to shade and highlight with precision. With a soft 4.0 mm core, these high-quality linden wood pencils create flawless lines and ensure longevity. The set includes 12 skin tone colors, providing everything you need to bring your artwork to life. Perfect for artists and portrait enthusiasts.</span>",Printworks,Color Pencils,Color Pencils,"small-bag, YGroup_ColorPencils",true,Title,Default Title,,,,,,,,PW00505,157,shopify,deny,manual,20,,true,true,,,,,,https://cdn.shopify.com/s/files/1/0724/3038/7509/files/Printworks_pencils_skin-tone_06329912-e723-4509-888b-6bd1688e49c4.jpg?v=1764758428,1,,false,,,,"Vendor: Printworks
Type: Color Pencils
Weight: 157g",,,,,,,,,,,,,,kg,,,active
12-colour-pencils-skin-tone,,,,,,,,,,,,,,,,,,,,,,,,,,,,,,,https://cdn.shopify.com/s/files/1/0724/3038/7509/files/Printworks_pencils_skin-tone_2_41d3c15f-e7d2-4398-865a-9c801e886ca6.jpg?v=1764758428,2,,,,,,,,,,,,,,,,,,,,,,,
24-colour-pencils-classic,"Classic, 24 pack","<p>Discover our set of 24 Classic Color Pencils, the essential collection for coloring enthusiasts. With a soft and extra thick core, these pencils ensure perfect drawings and an extended lifespan. The box contains all 24 primary colors you need to get started, making it the ideal choice for unleashing your creativity. Elevate your coloring experience with our high-quality classic pencils.</p>",Printworks,Color Pencils,Color Pencils,"small-bag, YGroup_ColorPencils",true,Title,Default Title,,,,,,,,PW00118,350,shopify,deny,manual,27,,true,true,,,,,,https://cdn.shopify.com/s/files/1/0724/3038/7509/files/Printworks_pencils_classic24.jpg?v=1743596180,1,,false,,,,"Vendor: Printworks
Type: Color Pencils
Weight: 350g",,,,,,,,,,,,,,kg,,,active
24-colour-pencils-classic,,,,,,,,,,,,,,,,,,,,,,,,,,,,,,,https://cdn.shopify.com/s/files/1/0724/3038/7509/files/Printworks_pencils_classic24_2.jpg?v=1743596180,2,,,,,,,,,,,,,,,,,,,,,,,
memo-game-iconic-buildings,"Iconic Buildings, Memo","<p><meta charset=""utf-8""><span data-mce-fragment=""1"">Match iconic buildings with their cities - experience an educational memo game introducing you to impressive architectural complexity and important historical significance. It's an enjoyable activity to share with friends or your children - visit the world of great architecture without even packing a bag. Bon Voyage! </span></p>
<p><span data-mce-fragment=""1"">This set includes 50 cards (25 pairs) adorned with beautiful illustrations.</span></p>",Printworks,Memo Game,Memo Game,"small-bag, YGroup_MemoGame",true,Title,Default Title,,,,,,,,PW00450,300,shopify,deny,manual,25,,true,true,,,,,,https://cdn.shopify.com/s/files/1/0724/3038/7509/files/Printworks_memo_building_2_e2bbea49-e7bf-4d5e-84e2-34f8a15a93d2.jpg?v=1764756955,1,,false,,,,"Vendor: Printworks
Type: Memo Game
Weight: 300g",,,,,,,,,,,,,,kg,,,active
memo-game-iconic-buildings,,,,,,,,,,,,,,,,,,,,,,,,,,,,,,,https://cdn.shopify.com/s/files/1/0724/3038/7509/files/Printworks_memo_building_0bc203c4-1cab-4bef-8d76-de65b39f3961.jpg?v=1764756954,2,,,,,,,,,,,,,,,,,,,,,,,
memo-game-movie,Movie,"<p><meta charset=""utf-8""><span data-mce-fragment=""1"">This engaging memo game will put your knowledge of classic movies to the test. Your task? Identify iconic film characters solely by their costumes and match them with famous quotes from the same movie. It's the perfect after-dinner game, promising a nostalgic trip down memory lane. And while you're at it, don't forget the popcorn (not included in the game) for a complete cinematic experience!</span></p>",Printworks,Memo Game,Memo Game,"small-bag, YGroup_MemoGame",true,Title,Default Title,,,,,,,,PW00447,300,shopify,deny,manual,25,,true,true,,,,,,https://cdn.shopify.com/s/files/1/0724/3038/7509/files/Printworks_memo_movie_2_de76c7dd-f2c1-4bbd-b00d-607f834e4eda.jpg?v=1764757028,1,,false,,,,"Vendor: Printworks
Type: Memo Game
Weight: 300g",,,,,,,,,,,,,,kg,,,active
memo-game-movie,,,,,,,,,,,,,,,,,,,,,,,,,,,,,,,https://cdn.shopify.com/s/files/1/0724/3038/7509/files/Printworks_memo_movie_467d60d6-f54c-44a5-a23a-0919df6bd029.jpg?v=1764757057,2,,,,,,,,,,,,,,,,,,,,,,,
memo-game-music,Music,"<meta charset=""utf-8""><span>This memo game will put your music knowledge to the ultimate test. Your challenge? Identify iconic artists solely by their costumes and match them with lyrics from their most recognizable songs. And if you discover yourself singing a triumphant tune with your best ""shower"" voice after a win, it's all in good fun!</span>",Printworks,Memo Game,Memo Game,"small-bag, YGroup_MemoGame",true,Title,Default Title,,,,,,,,PW00396,300,shopify,deny,manual,25,,true,true,,,,,,https://cdn.shopify.com/s/files/1/0724/3038/7509/files/Printworks_memo_music_2_c0e35f0a-9485-4cf7-bc1c-e16cde349dfd.jpg?v=1764757078,1,,false,,,,"Vendor: Printworks
Type: Memo Game
Weight: 300g",,,,,,,,,,,,,,kg,,,active
memo-game-music,,,,,,,,,,,,,,,,,,,,,,,,,,,,,,,https://cdn.shopify.com/s/files/1/0724/3038/7509/files/Printworks_memo_music_7f6ae6dd-c8fc-4a5d-8e8a-28a25bfe98e2.jpg?v=1764757078,2,,,,,,,,,,,,,,,,,,,,,,,
trivia-game-movie-geek,Movie Geek,"<meta charset=""utf-8""><span data-mce-fragment=""1"">Who among your friends is the ultimate movie geek? Let's settle it right here, right now. The rules are straightforward: drag a card to challenge your opponent. Your friend must identify the character on the card and the movie in which that character stars. If they fail, return the card to the deck, and let the next person take a shot. If they succeed, they're primed for some in-depth, hardcore questions about that film to earn extra points. Let the battle of the movie enthusiasts begin!</span>",Printworks,Trivia Game,Trivia Game,"small-bag, YGroup_MemoGame",true,Title,Default Title,,,,,,,,PW00142,700,shopify,deny,manual,30,,true,true,,,,,,https://cdn.shopify.com/s/files/1/0724/3038/7509/files/Printworks_movie-geek.jpg?v=1743596190,1,,false,,,,"Vendor: Printworks
Type: Trivia Game
Weight: 700g",,,,,,,,,,,,,,kg,,,active
trivia-game-movie-geek,,,,,,,,,,,,,,,,,,,,,,,,,,,,,,,https://cdn.shopify.com/s/files/1/0724/3038/7509/files/Printworks_movie-geek_2.jpg?v=1743596190,2,,,,,,,,,,,,,,,,,,,,,,,
classic-art-of-chess,The Art of Chess,"<p><meta charset=""utf-8""><span>Discover ""Art of Chess"" - a special edition of our Classic Chess set. This design features wooden pieces, a board with a thin layer of acrylic for a reflective effect, and a high-quality art paper box with a striking black and silver foil stamp, inviting you to enjoy hours of strategic play. It also includes easy-to-read instructions in English, French, and German. Suitable for two players and recommended for ages 5 and above. </span></p>
<p><span>Immerse yourself in the world of classic board games with our exquisite Chess, perfectly designed to complement our concept of ""Coffee Table Games."" This Chess combines timeless appeal with contemporary elegance, making it a beautiful addition to your home. Whether you play or display it, it's a guaranteed win. </span><br></p>",Printworks,Board Game,Board Game,"medium-bag, YGroup_ChessClassic",true,Title,Default Title,,,,,,,,PW00531,900,shopify,deny,manual,65,,true,true,,,,,,https://cdn.shopify.com/s/files/1/0724/3038/7509/files/Printworks_art-of-games_chess_2.jpg?v=1764078348,1,,false,,,,"Vendor: Printworks
Type: Board Game
Weight: 900g",,,,,,,,,,,,,,kg,,,active
classic-art-of-chess,,,,,,,,,,,,,,,,,,,,,,,,,,,,,,,https://cdn.shopify.com/s/files/1/0724/3038/7509/files/Printworks_Games_ArtChess_mood_1_12a30da1-7a50-4bed-afcb-299a79905cb7.jpg?v=1764078348,2,,,,,,,,,,,,,,,,,,,,,,,
classic-art-of-chess,,,,,,,,,,,,,,,,,,,,,,,,,,,,,,,https://cdn.shopify.com/s/files/1/0724/3038/7509/files/Printworks_art-of-games_chess_3.jpg?v=1764078354,3,,,,,,,,,,,,,,,,,,,,,,,
classic-art-of-chess,,,,,,,,,,,,,,,,,,,,,,,,,,,,,,,https://cdn.shopify.com/s/files/1/0724/3038/7509/files/Printworks_Games_ArtChess_mood_3_391703a3-42c3-42cf-803f-5094d2781b80.jpg?v=1770898631,4,,,,,,,,,,,,,,,,,,,,,,,
classic-art-of-chess,,,,,,,,,,,,,,,,,,,,,,,,,,,,,,,https://cdn.shopify.com/s/files/1/0724/3038/7509/files/Printworks_art-of-games_chess.jpg?v=1770898631,5,,,,,,,,,,,,,,,,,,,,,,,
classic-art-of-chess,,,,,,,,,,,,,,,,,,,,,,,,,,,,,,,https://cdn.shopify.com/s/files/1/0724/3038/7509/files/Printworks_Games_ArtChess_mood_2_37351b0c-e74e-424a-a2c6-2b6870f0501f.jpg?v=1770898631,6,,,,,,,,,,,,,,,,,,,,,,,
classic-art-of-chess,,,,,,,,,,,,,,,,,,,,,,,,,,,,,,,https://cdn.shopify.com/s/files/1/0724/3038/7509/files/Printworks_art-of-games_chess_3_OLD.jpg?v=1770898631,7,,,,,,,,,,,,,,,,,,,,,,,
classic-kalaha,"Kalaha, Classic","<p><meta charset=""utf-8""><span data-mce-fragment=""1"">Explore our modern version of the timeless game of Kalaha, which traces its origins back 3600 years. Crafted entirely from lacquered wood, the board folds into a compact form for storage. Inside its vibrant pink packaging, the set includes 48 beautiful gemstone pieces, adding a touch of elegance to your gaming experience. </span></p>
<p><span data-mce-fragment=""1"">Immerse yourself in the world of classic games with our exquisite Kalaha, perfectly designed to complement our concept of ""Coffee Table Games,"" elevating your home wherever you place it. Whether you play or display it, it's a guaranteed win.</span></p>",Printworks,Board Game,Board Game,medium-bag,true,Title,Default Title,,,,,,,,PW00541,900,shopify,deny,manual,60,,true,true,,,,,,https://cdn.shopify.com/s/files/1/0724/3038/7509/files/Printworks_classic-games_kalahaOLD.jpg?v=1764080439,1,,false,,,,"Vendor: Printworks
Type: Board Game
Weight: 900g",,,,,,,,,,,,,,kg,,,active
classic-kalaha,,,,,,,,,,,,,,,,,,,,,,,,,,,,,,,https://cdn.shopify.com/s/files/1/0724/3038/7509/files/Printworks_Games_ClassicKalaha_mood_1.jpg?v=1764080439,2,,,,,,,,,,,,,,,,,,,,,,,
classic-kalaha,,,,,,,,,,,,,,,,,,,,,,,,,,,,,,,https://cdn.shopify.com/s/files/1/0724/3038/7509/files/Printworks_Games_ClassicKalaha_mood_3.jpg?v=1764080439,3,,,,,,,,,,,,,,,,,,,,,,,
classic-kalaha,,,,,,,,,,,,,,,,,,,,,,,,,,,,,,,https://cdn.shopify.com/s/files/1/0724/3038/7509/files/Printworks_Games_ClassicKalaha_mood_2.jpg?v=1764080439,4,,,,,,,,,,,,,,,,,,,,,,,
classic-kalaha,,,,,,,,,,,,,,,,,,,,,,,,,,,,,,,https://cdn.shopify.com/s/files/1/0724/3038/7509/files/Printworks_classic-games_kalaha_2OLD.jpg?v=1764080439,5,,,,,,,,,,,,,,,,,,,,,,,
classic-kalaha,,,,,,,,,,,,,,,,,,,,,,,,,,,,,,,https://cdn.shopify.com/s/files/1/0724/3038/7509/files/Printworks_classic-games_kalaha_3.jpg?v=1764080439,6,,,,,,,,,,,,,,,,,,,,,,,
classic-pick-up-sticks,"Pick up sticks, Classic","<p><meta charset=""utf-8""><span data-mce-fragment=""1"">Discover a modern twist to your cherished childhood game, Pick up Sticks.</span><span data-mce-fragment=""1""> </span><span data-mce-fragment=""1"">The game includes 41 wooden sticks and easy-to-read English, French, and German instructions. Suitable for up to four players, ages 4+. With your sticks in hand, let the game begin and see who can master the ultimate pick-up challenge! </span></p>
<p><span data-mce-fragment=""1"">This game is a part of our exclusive collection, ""Classic"", featuring high-quality products with beautiful palettes and typography. Enjoy hours of gameplay while also elevating your home wherever you place it. Whether you play or display it, it's a guaranteed win.</span></p>",Printworks,Game,Game,small-bag,true,Title,Default Title,,,,,,,,PW00342,100,shopify,deny,manual,25,,true,true,,,,,,https://cdn.shopify.com/s/files/1/0724/3038/7509/files/Printworks_classic-games_pick-up-sticks_8c89b3b0-b236-41c9-a52f-47bbb766a4c9.jpg?v=1764080643,1,,false,,,,"Vendor: Printworks
Type: Game
Weight: 100g",,,,,,,,,,,,,,kg,,,active
classic-pick-up-sticks,,,,,,,,,,,,,,,,,,,,,,,,,,,,,,,https://cdn.shopify.com/s/files/1/0724/3038/7509/files/Printworks_Games_ClassicPickUpSticks_mood_1.jpg?v=1764080643,2,,,,,,,,,,,,,,,,,,,,,,,
classic-pick-up-sticks,,,,,,,,,,,,,,,,,,,,,,,,,,,,,,,https://cdn.shopify.com/s/files/1/0724/3038/7509/files/Printworks_classic-games_pick-up-sticks_2_ffe91c63-fa3f-4325-a2ae-7479c639e4b4.jpg?v=1764080643,3,,,,,,,,,,,,,,,,,,,,,,,
classic-pick-up-sticks,,,,,,,,,,,,,,,,,,,,,,,,,,,,,,,https://cdn.shopify.com/s/files/1/0724/3038/7509/files/Printworks_classic-games_pick-up-sticks_3_f1350ba1-40e4-483a-bdff-9ed130b16f8e.jpg?v=1764080643,4,,,,,,,,,,,,,,,,,,,,,,,
play-backgammon,"Backgammon, Play","<p><meta charset=""utf-8""><span data-mce-fragment=""1"">Our Play - Backgammon adds an aesthetic twist that makes it equally appealing played or displayed. The set includes a foldable cardboard board and game pieces made of plastic, making it the perfect companion for backgammon enthusiasts on the go. </span></p>
<p><span data-mce-fragment=""1"">This Backgammon is a part of our affordable game collection, ""Play"", - offering unbeatable value and craftsmanship for endless hours of entertainment. With easy-to-read English, French, and German instructions, this Backgammon is suitable for up to four players and recommended for ages 5 and above. </span><meta charset=""utf-8""><span data-mce-fragment=""1""></span></p>",Printworks,Board Game,Board Game,medium-bag,true,Title,Default Title,,,,,,,,PW00507,720,shopify,deny,manual,29,,true,true,,,,,,https://cdn.shopify.com/s/files/1/0724/3038/7509/files/Printworks_play-games_backgammon_90a16f04-f010-44c6-8197-92a50782a31a.jpg?v=1764770035,1,,false,,,,"Vendor: Printworks
Type: Board Game
Weight: 720g",,,,,,,,,,,,,,kg,,,active
play-backgammon,,,,,,,,,,,,,,,,,,,,,,,,,,,,,,,https://cdn.shopify.com/s/files/1/0724/3038/7509/files/Printworks_Games_PlayBackgammon_mood_1.jpg?v=1764770035,2,,,,,,,,,,,,,,,,,,,,,,,
play-backgammon,,,,,,,,,,,,,,,,,,,,,,,,,,,,,,,https://cdn.shopify.com/s/files/1/0724/3038/7509/files/Printworks_Games_PlayBackgammon_mood_2.jpg?v=1764770035,3,,,,,,,,,,,,,,,,,,,,,,,
play-backgammon,,,,,,,,,,,,,,,,,,,,,,,,,,,,,,,https://cdn.shopify.com/s/files/1/0724/3038/7509/files/Printworks_play-games_backgammon_2_607f9c9d-b1f2-4e23-adb5-9e4ee58cdb27.jpg?v=1764770035,4,,,,,,,,,,,,,,,,,,,,,,,
play-backgammon,,,,,,,,,,,,,,,,,,,,,,,,,,,,,,,https://cdn.shopify.com/s/files/1/0724/3038/7509/files/Printworks_play-games_backgammon_3_c819b9bf-0730-414c-8edb-4197f2937c30.jpg?v=1764770035,5,,,,,,,,,,,,,,,,,,,,,,,
play-chess,"Chess, Play","<div>
<p>Our Play - Chess showcases a beautiful sky blue palette, adding a touch of playful color to any home interior. The set includes a 25x25 cm foldable chessboard made of cardboard and wooden pieces in blue and beige - making it the perfect companion for chess enthusiasts on the go.</p>
</div>
<div>This Chess is a part of our affordable game collection, ""Play,"" - offering unbeatable value and craftsmanship for endless hours of entertainment. With easy-to-read English, French, and German instructions, this Chess is suitable for two players and recommended for ages 5 and above.</div>",Printworks,Board Game,Board Game,medium-bag,true,Title,Default Title,,,,,,,,PW00508,630,shopify,deny,manual,35,,true,true,,,,,,https://cdn.shopify.com/s/files/1/0724/3038/7509/files/Printworks_play-games_chess.jpg?v=1743596219,1,,false,,,,"Vendor: Printworks
Type: Board Game
Weight: 630g",,,,,,,,,,,,,,kg,,,active
play-chess,,,,,,,,,,,,,,,,,,,,,,,,,,,,,,,https://cdn.shopify.com/s/files/1/0724/3038/7509/files/Printworks_Games_PlayChess_mood_1.jpg?v=1743596220,2,,,,,,,,,,,,,,,,,,,,,,,
play-chess,,,,,,,,,,,,,,,,,,,,,,,,,,,,,,,https://cdn.shopify.com/s/files/1/0724/3038/7509/files/Printworks_play-games_chess_2_5cc86b0e-819a-4d58-af9f-2661b9deafc0.jpg?v=1764770086,3,,,,,,,,,,,,,,,,,,,,,,,
play-chess,,,,,,,,,,,,,,,,,,,,,,,,,,,,,,,https://cdn.shopify.com/s/files/1/0724/3038/7509/files/Printworks_Games_PlayChess_mood_2.jpg?v=1764770086,4,,,,,,,,,,,,,,,,,,,,,,,
play-chess,,,,,,,,,,,,,,,,,,,,,,,,,,,,,,,https://cdn.shopify.com/s/files/1/0724/3038/7509/files/Printworks_play-games_chess_3_0a91ae71-398c-459e-8928-2519227616c2.jpg?v=1764770075,5,,,,,,,,,,,,,,,,,,,,,,,
play-chinese-checkers,"Chinese Checkers, Play","<p><meta charset=""utf-8""><span data-mce-fragment=""1"">Our Play - Chinese Checkers, features a modern twist on the world-famous game. With a beautiful design, this set looks equally impressive, played or displayed. It includes a foldable cardboard board, colored marbles as playing pieces, and a stylish box that elevates any home. </span></p>
<p><span data-mce-fragment=""1"">This product is a part of our affordable game collection, ""Play,"" - offering unbeatable value and craftsmanship for endless hours of entertainment. With easy-to-read English, French, and German instructions, our Chinese Checkers are suitable for up to 6 players and recommended for ages 4 and above. </span><meta charset=""utf-8""><span></span></p>",Printworks,Board Game,Board Game,medium-bag,true,Title,Default Title,,,,,,,,PW00539,600,shopify,deny,manual,29,,true,true,,,,,,https://cdn.shopify.com/s/files/1/0724/3038/7509/files/Printworks_play-games_chinese-checkers-1.jpg?v=1764770129,1,,false,,,,"Vendor: Printworks
Type: Board Game
Weight: 600g",,,,,,,,,,,,,,kg,,,active
play-chinese-checkers,,,,,,,,,,,,,,,,,,,,,,,,,,,,,,,https://cdn.shopify.com/s/files/1/0724/3038/7509/files/Printworks_Games_PlayChineseCheckers_mood_1.jpg?v=1764770129,2,,,,,,,,,,,,,,,,,,,,,,,
play-chinese-checkers,,,,,,,,,,,,,,,,,,,,,,,,,,,,,,,https://cdn.shopify.com/s/files/1/0724/3038/7509/files/Printworks_Games_PlayChineseCheckers_mood_2.jpg?v=1764770129,3,,,,,,,,,,,,,,,,,,,,,,,
play-chinese-checkers,,,,,,,,,,,,,,,,,,,,,,,,,,,,,,,https://cdn.shopify.com/s/files/1/0724/3038/7509/files/Printworks_play-games_chinese-checkers_2_fa17079c-3934-449e-8abc-55b2b44fd662.jpg?v=1764770129,4,,,,,,,,,,,,,,,,,,,,,,,
play-chinese-checkers,,,,,,,,,,,,,,,,,,,,,,,,,,,,,,,https://cdn.shopify.com/s/files/1/0724/3038/7509/files/Printworks_play-games_chinese-checkers_3_296316f5-3ed8-4bde-8133-7aef44a502a3.jpg?v=1764770129,5,,,,,,,,,,,,,,,,,,,,,,,
play-domino,"Domino, Play","<p><meta charset=""utf-8""><span data-mce-fragment=""1"">Experience our Play - Domino set with a modern twist. Stylish design, playful colors. Includes 28 wooden game pieces. Timeless fun reimagined. </span></p>
<p><span data-mce-fragment=""1"">This Domino is a part of our affordable game collection, ""Play,"" - offering unbeatable value and craftsmanship for endless hours of entertainment. With easy-to-read English, French, and German instructions, our Domino is suitable for up to 6 players and recommended for ages 4 and above. </span></p>",Printworks,Game,Game,small-bag,true,Title,Default Title,,,,,,,,PW00509,320,shopify,deny,manual,19,,true,true,,,,,,https://cdn.shopify.com/s/files/1/0724/3038/7509/files/Printworks_play-games_domino_028c4d85-d06e-472c-8edb-6a12d680da3c.jpg?v=1764770164,1,,false,,,,"Vendor: Printworks
Type: Game
Weight: 320g",,,,,,,,,,,,,,kg,,,active
play-domino,,,,,,,,,,,,,,,,,,,,,,,,,,,,,,,https://cdn.shopify.com/s/files/1/0724/3038/7509/files/Printworks_Games_PlayDomino_mood_1.jpg?v=1764770164,2,,,,,,,,,,,,,,,,,,,,,,,
play-domino,,,,,,,,,,,,,,,,,,,,,,,,,,,,,,,https://cdn.shopify.com/s/files/1/0724/3038/7509/files/Printworks_play-games_domino_2_f84b1b59-eba2-4376-95e6-444a676e2fec.jpg?v=1764770164,3,,,,,,,,,,,,,,,,,,,,,,,
play-four-in-a-row,"Four in a Row, Play","<p><meta charset=""utf-8""><span data-mce-fragment=""1"">Experience our Play - Four in a Row set, a stylish twist on the classic game, featuring a sober palette and distinct graphics. It is made entirely of lacquered wood, including 42 playing discs (21 of each color), featuring a durable construction that conveniently folds into a compact size. </span></p>
<p><span data-mce-fragment=""1"">This product is a part of our affordable game collection, ""Play,"" - offering unbeatable value and craftsmanship for endless hours of entertainment. With easy-to-read English, French, and German instructions, our Four in a Row is suitable for up to 2 players and recommended for ages 4 and above. </span></p>",Printworks,Board Game,Board Game,medium-bag,true,Title,Default Title,,,,,,,,PW00530,779,shopify,deny,manual,30,,true,true,,,,,,https://cdn.shopify.com/s/files/1/0724/3038/7509/files/Printworks_play-games_four-in-a-row_3431525d-17ea-4a95-873d-c90f8ac18887.jpg?v=1764770708,1,,false,,,,"Vendor: Printworks
Type: Board Game
Weight: 779g",,,,,,,,,,,,,,kg,,,active
play-four-in-a-row,,,,,,,,,,,,,,,,,,,,,,,,,,,,,,,https://cdn.shopify.com/s/files/1/0724/3038/7509/files/Printworks_Games_PlayFourInARow_mood_1.jpg?v=1764770708,2,,,,,,,,,,,,,,,,,,,,,,,
play-four-in-a-row,,,,,,,,,,,,,,,,,,,,,,,,,,,,,,,https://cdn.shopify.com/s/files/1/0724/3038/7509/files/Printworks_play-games_four-in-a-row_2.jpg?v=1764770708,3,,,,,,,,,,,,,,,,,,,,,,,
play-four-in-a-row,,,,,,,,,,,,,,,,,,,,,,,,,,,,,,,https://cdn.shopify.com/s/files/1/0724/3038/7509/files/Printworks_play-games_four-in-a-row_3.jpg?v=1764770708,4,,,,,,,,,,,,,,,,,,,,,,,
play-ludo,"Ludo, Play","<p><meta charset=""utf-8""><span data-mce-fragment=""1"">Discover our Ludo, a captivating variant of the world-famous board game known as Parchis in some countries. With a new aesthetic twist, this Ludo set adds a playful color injection to any home interior. </span></p>
<p><span data-mce-fragment=""1"">The set includes a foldable 25x25 cm cardboard board and is a part of our affordable game collection, ""Play,"" - offering unbeatable value and craftsmanship for endless hours of entertainment. With easy-to-read English, French, and German instructions, our Ludo is suitable for 2-4 players and recommended for ages 5 and above. </span><meta charset=""utf-8""><span data-mce-fragment=""1""></span></p>",Printworks,Board Game,Board Game,medium-bag,true,Title,Default Title,,,,,,,,PW00588,425,shopify,deny,manual,25,,true,true,,,,,,https://cdn.shopify.com/s/files/1/0724/3038/7509/files/Printworks_play-games_ludo.jpg?v=1743596228,1,,false,,,,"Vendor: Printworks
Type: Board Game
Weight: 425g",,,,,,,,,,,,,,kg,,,active
play-ludo,,,,,,,,,,,,,,,,,,,,,,,,,,,,,,,https://cdn.shopify.com/s/files/1/0724/3038/7509/files/Printworks_Games_PlayLudo_mood_2.jpg?v=1743596229,2,,,,,,,,,,,,,,,,,,,,,,,
play-ludo,,,,,,,,,,,,,,,,,,,,,,,,,,,,,,,https://cdn.shopify.com/s/files/1/0724/3038/7509/files/Printworks_Games_PlayLudo_mood_1.jpg?v=1743596229,3,,,,,,,,,,,,,,,,,,,,,,,
play-ludo,,,,,,,,,,,,,,,,,,,,,,,,,,,,,,,https://cdn.shopify.com/s/files/1/0724/3038/7509/files/Printworks_play-games_ludo_2_92b43e61-8778-48e4-905a-96c4eaafdcf5.jpg?v=1764771068,4,,,,,,,,,,,,,,,,,,,,,,,
play-ludo,,,,,,,,,,,,,,,,,,,,,,,,,,,,,,,https://cdn.shopify.com/s/files/1/0724/3038/7509/files/Printworks_play-games_ludo_3.jpg?v=1764771068,5,,,,,,,,,,,,,,,,,,,,,,,
play-pick-up-sticks,"Pick up sticks, Play","<p><meta charset=""utf-8""><span>Experience our Play - Pick up Sticks, featuring a new aesthetic twist on your favorite childhood game. This set's unique design, refined palette, and distinct graphics inject playful colors into any home interior. </span></p>
<p><span>This product is a part of our affordable game collection, ""Play,"" - offering unbeatable value and craftsmanship for endless hours of entertainment. With easy-to-read English, French, and German instructions, our Pick up Sticks is suitable for up to 4 players and recommended for ages 4 and above. </span></p>",Printworks,Game,Game,small-bag,true,Title,Default Title,,,,,,,,PW00510,140,shopify,deny,manual,15,,true,true,,,,,,https://cdn.shopify.com/s/files/1/0724/3038/7509/files/Printworks_play-games_pick-up-sticks_f808703e-3860-4c61-b53a-011e5cce1d68.jpg?v=1767963513,1,,false,,,,"Vendor: Printworks
Type: Game
Weight: 140g",,,,,,,,,,,,,,kg,,,active
play-pick-up-sticks,,,,,,,,,,,,,,,,,,,,,,,,,,,,,,,https://cdn.shopify.com/s/files/1/0724/3038/7509/files/Printworks_Games_PlayPickUpSticks_mood_1.jpg?v=1767963513,2,,,,,,,,,,,,,,,,,,,,,,,
play-pick-up-sticks,,,,,,,,,,,,,,,,,,,,,,,,,,,,,,,https://cdn.shopify.com/s/files/1/0724/3038/7509/files/Printworks_play-games_pick-up-sticks_2_880989d4-c0b4-47ca-b194-0ae16f3a46bb.jpg?v=1767963513,3,,,,,,,,,,,,,,,,,,,,,,,
play-pick-up-sticks,,,,,,,,,,,,,,,,,,,,,,,,,,,,,,,https://cdn.shopify.com/s/files/1/0724/3038/7509/files/Printworks_play-games_pick-up-sticks_3.jpg?v=1767963513,4,,,,,,,,,,,,,,,,,,,,,,,
play-tumbling-towers,Tumbling Tower,"<p><meta charset=""utf-8"">A classic game, now in bold red. Our Tumbling Tower adds a playful pop to any room - made of solid wood and designed to stand out. Whether you're playing with friends or adding color to your shelf, it's made to last and to be loved. Includes instructions in English, French, and German. Measures 28.5 x 8.5 x 8 cm.<br><br>Choose the color that suits your style — bold red or vibrant green/blue — and let the game double as decoration.<span><br></span></p>",Printworks,Game,Game,medium-bag,true,Title,Default Title,,,,,,,,PW00540,1100,shopify,deny,manual,30,,true,true,,,,,,https://cdn.shopify.com/s/files/1/0724/3038/7509/files/Printworks_play-games_tumbling-tower_62f8b703-f335-4488-896b-f079dabc4065.jpg?v=1771336010,1,,false,,,,"Vendor: Printworks
Type: Game
Weight: 1100g",,,,,,,,,,,,,,kg,,,active
play-tumbling-towers,,,,,,,,,,,,,,,,,,,,,,,,,,,,,,,https://cdn.shopify.com/s/files/1/0724/3038/7509/files/Printworks_Games_PlayTumblingTowers_mood_1.jpg?v=1771336010,2,,,,,,,,,,,,,,,,,,,,,,,
play-tumbling-towers,,,,,,,,,,,,,,,,,,,,,,,,,,,,,,,https://cdn.shopify.com/s/files/1/0724/3038/7509/files/Printworks_Games_PlayTumblingTowers_mood_2.jpg?v=1771336010,3,,,,,,,,,,,,,,,,,,,,,,,
play-tumbling-towers,,,,,,,,,,,,,,,,,,,,,,,,,,,,,,,https://cdn.shopify.com/s/files/1/0724/3038/7509/files/Printworks_play-games_tumbling-tower_2_ea1acb40-021d-466b-b216-05af8c424983.jpg?v=1771336010,4,,,,,,,,,,,,,,,,,,,,,,,
play-tumbling-towers,,,,,,,,,,,,,,,,,,,,,,,,,,,,,,,https://cdn.shopify.com/s/files/1/0724/3038/7509/files/Printworks_play-games_tumbling-tower_3_4ce9ca96-d23e-4733-a6b9-ca57c09c6970.jpg?v=1771336010,5,,,,,,,,,,,,,,,,,,,,,,,
play-yatzy,"Yatzy, Play","<p><meta charset=""utf-8""><meta charset=""utf-8""><meta charset=""utf-8""><meta charset=""utf-8""><meta charset=""utf-8""><meta charset=""utf-8""><meta charset=""utf-8""><span>Experience your favorite game in a new light with our ""Play - Yatzy"" set. Its stylish design makes this game look equally impressive on display or during gameplay. This set includes five blue dice, matching pencils, and a 50-page scorecard for endless rounds of fun. </span></p>
<p><span>This product is a part of our affordable game collection, ""Play,"" - offering unbeatable value and craftsmanship for endless hours of entertainment. With easy-to-read English, French, and German instructions, our Yatzy game is suitable for up to 6 players and recommended for ages 4 and above. </span></p>",Printworks,Game,Game,"small-bag, YGroup_Yatzy",true,Title,Default Title,,,,,,,,PW00511,230,shopify,deny,manual,15,,true,true,,,,,,https://cdn.shopify.com/s/files/1/0724/3038/7509/files/Printworks_play-games_yatzy_2_c22ee824-653d-44b1-8e50-be73fd6a7432.jpg?v=1764771277,1,,false,,,,"Vendor: Printworks
Type: Game
Weight: 230g",,,,,,,,,,,,,,kg,,,active
play-yatzy,,,,,,,,,,,,,,,,,,,,,,,,,,,,,,,https://cdn.shopify.com/s/files/1/0724/3038/7509/files/Printworks_Games_PlayYatzy_mood_2.jpg?v=1764771277,2,,,,,,,,,,,,,,,,,,,,,,,
play-yatzy,,,,,,,,,,,,,,,,,,,,,,,,,,,,,,,https://cdn.shopify.com/s/files/1/0724/3038/7509/files/Printworks_play-games_yatzy_5ae95c59-1d5e-4f4e-a3b7-c832902156fd.jpg?v=1764771277,3,,,,,,,,,,,,,,,,,,,,,,,
play-yatzy,,,,,,,,,,,,,,,,,,,,,,,,,,,,,,,https://cdn.shopify.com/s/files/1/0724/3038/7509/files/Printworks_Games_PlayYatzy_mood_1.jpg?v=1764771277,4,,,,,,,,,,,,,,,,,,,,,,,
play-yatzy,,,,,,,,,,,,,,,,,,,,,,,,,,,,,,,https://cdn.shopify.com/s/files/1/0724/3038/7509/files/Printworks_play-games_yatzy_3_9e134932-0d0e-4c6c-80ff-dbeb285c401b.jpg?v=1764771277,5,,,,,,,,,,,,,,,,,,,,,,,
photo-album-pencils-3-pack,"Pencils, Metallic 3-pack","<meta charset=""utf-8""><span data-mce-fragment=""1"">Discover our 3-pack of metallic pencils in colors gold, silver, and champagne designed for writing in our photo album. These pencils feature a soft 3.0 mm core, ensuring a smooth writing experience. Crafted from linden wood, they provide persistence and quality, enhancing your photo album experience.</span>",Printworks,Photo Album Accessories,Photo Album Accessories,"Bookshelf Album Accessories, Large Photo Album Accessories, skip-klaviyo, Small Photo Album Accessories",true,Title,Default Title,,,,,,,,PW00360,20,shopify,deny,manual,9,,true,true,,,,,,https://cdn.shopify.com/s/files/1/0724/3038/7509/files/Printworks_metalic-pencils_af5526f6-81ac-4cf2-8e37-85f162dcea02.jpg?v=1764757593,1,,false,,,,"Vendor: Printworks
Type: Photo Album Accessories
Weight: 20g",,,,,,,,,,,,,,kg,,,active
photo-album-10-pack-refill-paper-s,"Photo paper, Black 10-pack S","<p><meta charset=""utf-8""><span>Elevate your album with our refill photo papers, designed to fit our small albums* (19x20,5 cm). This pack includes 10 black sheets of 230 gsm acid-free photo paper, preserving your memories in timeless quality. </span></p>
<p><span>Expand your story – while our albums originally feature 30 pages, you can add more, up to a recommended 40 pages. Create a visual journey that lasts for generations.</span></p>
<p><meta charset=""utf-8""><span>*Paper size fit: Good Times (S), Happy Days, Forever Young.</span></p>",Printworks,Refill Photo Paper,Refill Photo Paper,Small Photo Album Accessories,true,Title,Default Title,,,,,,,,PW00300,100,shopify,deny,manual,9,,true,true,,,,,,https://cdn.shopify.com/s/files/1/0724/3038/7509/files/Printworks_refill-papper_black-small_cb3af879-081a-4bc1-9bd2-4e8c6b399191.jpg?v=1764771727,1,,false,,,,"Vendor: Printworks
Type: Refill Photo Paper
Weight: 100g",,,,,,,,,,,,,,kg,,,active
photo-album-10-pack-refill-paper-l,"Photo paper, Black 10-pack L","<p><meta charset=""utf-8"">Elevate your album with our refill photo papers, designed to fit our <a href=""https://printworksmarket.com/collections/large-photo-albums"" target=""_blank"" rel=""noopener noreferrer"">large albums</a> (28x21 cm). This pack includes 10 black sheets of 230 gsm acid-free photo paper, preserving your memories in timeless quality.</p>
<p><span>Expand your story – while our albums originally feature 30 pages, you can add more, up to a recommended 40 pages. Create a visual journey that lasts for generations.</span></p>",Printworks,Refill Photo Paper,Refill Photo Paper,Large Photo Album Accessories,true,Title,Default Title,,,,,,,,PW00299,130,shopify,deny,manual,9,,true,true,,,,,,https://cdn.shopify.com/s/files/1/0724/3038/7509/files/Printworks_refill-papper_black-large.jpg?v=1743596245,1,,false,,,,"Vendor: Printworks
Type: Refill Photo Paper
Weight: 130g",,,,,,,,,,,,,,kg,,,active
photo-album-10-pack-refill-paper-l,,,,,,,,,,,,,,,,,,,,,,,,,,,,,,,https://cdn.shopify.com/s/files/1/0724/3038/7509/files/Printworks_refill-papper_black-large_4_a0a57125-caba-4d86-85d7-486c6bf4cb6b.jpg?v=1764771482,2,,,,,,,,,,,,,,,,,,,,,,,
photo-album-10-pack-refill-paper-l,,,,,,,,,,,,,,,,,,,,,,,,,,,,,,,https://cdn.shopify.com/s/files/1/0724/3038/7509/files/Printworks_refill-papper_black-large_3_decea7ba-9ce9-4461-9d24-1111b69992d0.jpg?v=1764771482,3,,,,,,,,,,,,,,,,,,,,,,,
photo-album-10-pack-refill-paper-l,,,,,,,,,,,,,,,,,,,,,,,,,,,,,,,https://cdn.shopify.com/s/files/1/0724/3038/7509/files/Printworks_refill-papper_black-large_2_c6b51441-6516-4f0e-abe2-4c668f7f92f9.jpg?v=1764771482,4,,,,,,,,,,,,,,,,,,,,,,,
photo-album-moments-that-matter,Moments that Matter,"<p><meta charset=""utf-8"">Discover our bookshelf album Moments That Matter, featuring a hardcover bookshelf design covered in beige cloth with gold foiled text – a stylish alternative to our traditional box-like coffee table photo albums. <br><br><meta charset=""utf-8""><meta charset=""utf-8"">The bookshelf album includes 40 pages of high-quality white photo paper in the size <meta charset=""utf-8""><meta charset=""utf-8""><span></span><span></span><span>13,5x20 cm </span>(80 pages if used double-sided), ready for your memories.<meta charset=""utf-8""> Easily attach your photos with our <a href=""https://printworksmarket.com/products/photo-album-photo-stickers"">stickers</a> or <a href=""https://printworksmarket.com/collections/photo-album-accessories/products/photo-album-photo-corners"">corners.</a> </p>
<p><meta charset=""utf-8"">Please note, the binding technique of this album allows it to expand as you place photos on every page. It's designed so that once filled with photos, and not before, it takes on the shape of a 90-degree coffee table book. </p>",Printworks,Bookshelf Album,Bookshelf Album,"small-bag, YGroup_BookshelfAlbums",true,Title,Default Title,,,,,,,,PW00529,325,shopify,deny,manual,25,,true,true,,,,,,https://cdn.shopify.com/s/files/1/0724/3038/7509/files/Printworks_photo-book_moments-that-matter_76285249-11fc-4bb4-9943-5af696145dee.jpg?v=1743596248,1,,false,,,,"Vendor: Printworks
Type: Bookshelf Album
Weight: 325g",,,,,,,,,,,,,,kg,,,active
photo-album-moments-that-matter,,,,,,,,,,,,,,,,,,,,,,,,,,,,,,,https://cdn.shopify.com/s/files/1/0724/3038/7509/files/Printworks_PhotoBook_MomentsThatMatters_mood_1_fdaaa712-44e9-46f9-b898-7c7e8d770153.jpg?v=1743596248,2,,,,,,,,,,,,,,,,,,,,,,,
photo-album-moments-that-matter,,,,,,,,,,,,,,,,,,,,,,,,,,,,,,,https://cdn.shopify.com/s/files/1/0724/3038/7509/files/Printworks_photo-book_moments-that-matter_2_5ef9d34d-14ee-4916-8c5a-2e174cf308a2.jpg?v=1743596248,3,,,,,,,,,,,,,,,,,,,,,,,
photo-album-moments-that-matter,,,,,,,,,,,,,,,,,,,,,,,,,,,,,,,https://cdn.shopify.com/s/files/1/0724/3038/7509/files/Printworks_photo-book_moments-that-matter_3_39af4eea-37c9-41ef-ad24-2c3f5f8eb1d8.jpg?v=1743596248,4,,,,,,,,,,,,,,,,,,,,,,,
photo-album-good-times-black-l,"Good Times, Black","<p><meta charset=""utf-8"">Discover our Good Times coffee table photo album, featuring an elegant black cloth cover with gold foiled text. <br><br><meta charset=""utf-8"">The photo album includes 30 pages of high-quality black photo paper in the size 28x21 cm (60 pages if used double-sided), ready for your memories. Easily attach your photos with our <a href=""https://printworksmarket.com/products/photo-album-photo-stickers"">stickers</a> or <a href=""https://printworksmarket.com/collections/photo-album-accessories/products/photo-album-photo-corners"">corners.</a> The album can hold up to 40 pages, and extra <meta charset=""utf-8""><a href=""https://printworksmarket.com/products/photo-album-10-pack-refill-paper-l"">photo paper</a> (large) is available if you need more space.<br><br>Place the photo album on your coffee table to keep those moments always within reach while elevating your home decor.<br></p>",Printworks,Photo Album,Photo Album,"Large Photo Albums, medium-bag, YGroup_PhotoAlbums",true,Title,Default Title,,,,,,,,PW00358,1000,shopify,deny,manual,50,,true,true,,,,,,https://cdn.shopify.com/s/files/1/0724/3038/7509/files/Printworks_photo-album_good-times-black.jpg?v=1743596258,1,,false,,,,"Vendor: Printworks
Type: Photo Album
Weight: 1000g",,,,,,,,,,,,,,kg,,,active
photo-album-good-times-black-l,,,,,,,,,,,,,,,,,,,,,,,,,,,,,,,https://cdn.shopify.com/s/files/1/0724/3038/7509/files/Printworks_PhotoAlbum_GoodTimesBlack_mood_3.jpg?v=1743596259,2,,,,,,,,,,,,,,,,,,,,,,,
photo-album-good-times-black-l,,,,,,,,,,,,,,,,,,,,,,,,,,,,,,,https://cdn.shopify.com/s/files/1/0724/3038/7509/files/Printworks_photo-album_good-times-black_2.jpg?v=1743596259,3,,,,,,,,,,,,,,,,,,,,,,,
photo-album-good-times-black-l,,,,,,,,,,,,,,,,,,,,,,,,,,,,,,,https://cdn.shopify.com/s/files/1/0724/3038/7509/files/Printworks_PhotoAlbum_GoodTimesBlack_mood_2.jpg?v=1743596259,4,,,,,,,,,,,,,,,,,,,,,,,
photo-album-good-times-black-l,,,,,,,,,,,,,,,,,,,,,,,,,,,,,,,https://cdn.shopify.com/s/files/1/0724/3038/7509/files/Printworks_PhotoAlbum_GoodTimesBlack_mood_1.jpg?v=1743596259,5,,,,,,,,,,,,,,,,,,,,,,,
photo-album-good-times-black-l,,,,,,,,,,,,,,,,,,,,,,,,,,,,,,,https://cdn.shopify.com/s/files/1/0724/3038/7509/files/Printworks_PhotoAlbum_GoodTimesBlack_mood_4.jpg?v=1743596259,6,,,,,,,,,,,,,,,,,,,,,,,
photo-album-good-times-black-l,,,,,,,,,,,,,,,,,,,,,,,,,,,,,,,https://cdn.shopify.com/s/files/1/0724/3038/7509/files/Printworks_photo-album_good-times-black_3.jpg?v=1743596259,7,,,,,,,,,,,,,,,,,,,,,,,
photo-album-life-in-pictures-orange,Life In Pictures,"<p><meta charset=""utf-8"">Discover our Life in Pictures coffee table photo album, featuring an elegant terracotta cloth cover with black text.<br><br><meta charset=""utf-8"">The photo album includes 30 pages of high-quality black photo paper in the size 28x21 cm (60 pages if used double-sided), ready for your memories. Easily attach your photos with our <a href=""https://printworksmarket.com/products/photo-album-photo-stickers"">stickers</a> or <a href=""https://printworksmarket.com/collections/photo-album-accessories/products/photo-album-photo-corners"">corners.</a> The album can hold up to 40 pages, and extra <meta charset=""utf-8""><a href=""https://printworksmarket.com/products/photo-album-10-pack-refill-paper-l"">photo paper</a> (large) is available if you need more space.<br><br>Place the photo album on your coffee table to keep those moments always within reach while elevating your home decor.<br></p>",Printworks,Photo Album,Photo Album,"Large Photo Albums, medium-bag, YGroup_PhotoAlbums",true,Title,Default Title,,,,,,,,PW00152,1000,shopify,deny,manual,50,,true,true,,,,,,https://cdn.shopify.com/s/files/1/0724/3038/7509/files/Printworks_photo-album_life-in-pictures.jpg?v=1743596261,1,,false,,,,"Vendor: Printworks
Type: Photo Album
Weight: 1000g",,,,,,,,,,,,,,kg,,,active
photo-album-life-in-pictures-orange,,,,,,,,,,,,,,,,,,,,,,,,,,,,,,,https://cdn.shopify.com/s/files/1/0724/3038/7509/files/Printworks_PhotoAlbum_LifeInPictures_mood_1_53b5b3cf-27b1-44f2-8858-e1e4b594790e.jpg?v=1750232805,2,,,,,,,,,,,,,,,,,,,,,,,
photo-album-life-in-pictures-orange,,,,,,,,,,,,,,,,,,,,,,,,,,,,,,,https://cdn.shopify.com/s/files/1/0724/3038/7509/files/Printworks_photo-album_life-in-pictures_2.jpg?v=1750232805,3,,,,,,,,,,,,,,,,,,,,,,,
photo-album-life-in-pictures-orange,,,,,,,,,,,,,,,,,,,,,,,,,,,,,,,https://cdn.shopify.com/s/files/1/0724/3038/7509/files/Printworks_PhotoAlbum_LifeInPictures_mood_2.jpg?v=1750232805,4,,,,,,,,,,,,,,,,,,,,,,,
photo-album-life-in-pictures-orange,,,,,,,,,,,,,,,,,,,,,,,,,,,,,,,https://cdn.shopify.com/s/files/1/0724/3038/7509/files/Printworks_photo-album_life-in-pictures_3.jpg?v=1750232805,5,,,,,,,,,,,,,,,,,,,,,,,
photo-album-forever-young-s,Forever Young,"<p><meta charset=""utf-8"">Discover our Forever Young coffee table photo album, featuring an elegant grey cloth cover with black text. <br><br><meta charset=""utf-8"">The photo album includes 30 pages of high-quality black photo paper in the size 19x20,5 cm (60 pages if used double-sided), ready for your memories. Easily attach your photos with our <a href=""https://printworksmarket.com/products/photo-album-photo-stickers"">stickers</a> or <a href=""https://printworksmarket.com/collections/photo-album-accessories/products/photo-album-photo-corners"">corners.</a> The album can hold up to 40 pages, and extra <a href=""https://printworksmarket.com/products/photo-album-10-pack-refill-paper-s"">photo paper</a> (small) is available if you need more space.<br><br>Place the photo album on your coffee table to keep those moments always within reach while elevating your home decor.<br></p>",Printworks,Photo Album,Photo Album,"Small Photo Albums, small-bag, YGroup_PhotoAlbums",true,Title,Default Title,,,,,,,,PW00297,750,shopify,deny,manual,40,,true,true,,,,,,https://cdn.shopify.com/s/files/1/0724/3038/7509/files/Printworks_photo-album_forever-young.jpg?v=1743596264,1,,false,,,,"Vendor: Printworks
Type: Photo Album
Weight: 750g",,,,,,,,,,,,,,kg,,,active
photo-album-forever-young-s,,,,,,,,,,,,,,,,,,,,,,,,,,,,,,,https://cdn.shopify.com/s/files/1/0724/3038/7509/files/Printworks_PhotoAlbum_ForeverYoung_mood_2.jpg?v=1743596264,2,,,,,,,,,,,,,,,,,,,,,,,
photo-album-forever-young-s,,,,,,,,,,,,,,,,,,,,,,,,,,,,,,,https://cdn.shopify.com/s/files/1/0724/3038/7509/files/Printworks_photo-album_forever-young_2.jpg?v=1743596265,3,,,,,,,,,,,,,,,,,,,,,,,
photo-album-forever-young-s,,,,,,,,,,,,,,,,,,,,,,,,,,,,,,,https://cdn.shopify.com/s/files/1/0724/3038/7509/files/Printworks_PhotoAlbum_ForeverYoung_mood_1.jpg?v=1743596265,4,,,,,,,,,,,,,,,,,,,,,,,
photo-album-forever-young-s,,,,,,,,,,,,,,,,,,,,,,,,,,,,,,,https://cdn.shopify.com/s/files/1/0724/3038/7509/files/Printworks_photo-album_forever-young_3.jpg?v=1743596265,5,,,,,,,,,,,,,,,,,,,,,,,
photo-album-good-times-s,"Good Times, Yellow","<p><meta charset=""utf-8"">Discover our Good Times coffee table photo album, featuring an elegant, rusty yellow cloth cover with black text.<br><br><meta charset=""utf-8"">The photo album includes 30 pages of high-quality black photo paper in the size 19x20,5 cm (60 pages if used double-sided), ready for your memories. Easily attach your photos with our <a href=""https://printworksmarket.com/products/photo-album-photo-stickers"">stickers</a> or <a href=""https://printworksmarket.com/collections/photo-album-accessories/products/photo-album-photo-corners"">corners.</a> The album can hold up to 40 pages, and extra <a href=""https://printworksmarket.com/products/photo-album-10-pack-refill-paper-s"">photo paper</a> (small) is available if you need more space.<br><br>Place the photo album on your coffee table to keep those moments always within reach while elevating your home decor.<br></p>",Printworks,Photo Album,Photo Album,"Small Photo Albums, small-bag, YGroup_PhotoAlbums",true,Title,Default Title,,,,,,,,PW00298,750,shopify,deny,manual,40,,true,true,,,,,,https://cdn.shopify.com/s/files/1/0724/3038/7509/files/Printworks_photo-album_good-times-yellow.jpg?v=1743596266,1,,false,,,,"Vendor: Printworks
Type: Photo Album
Weight: 750g",,,,,,,,,,,,,,kg,,,active
photo-album-good-times-s,,,,,,,,,,,,,,,,,,,,,,,,,,,,,,,https://cdn.shopify.com/s/files/1/0724/3038/7509/files/Printworks_PhotoAlbum_GoodTimesYellow_mood_2.jpg?v=1743596267,2,,,,,,,,,,,,,,,,,,,,,,,
photo-album-good-times-s,,,,,,,,,,,,,,,,,,,,,,,,,,,,,,,https://cdn.shopify.com/s/files/1/0724/3038/7509/files/Printworks_photo-album_good-times-yellow_2.jpg?v=1743596267,3,,,,,,,,,,,,,,,,,,,,,,,
photo-album-good-times-s,,,,,,,,,,,,,,,,,,,,,,,,,,,,,,,https://cdn.shopify.com/s/files/1/0724/3038/7509/files/Printworks_PhotoAlbum_GoodTimesYellow_mood_1.jpg?v=1743596267,4,,,,,,,,,,,,,,,,,,,,,,,
photo-album-good-times-s,,,,,,,,,,,,,,,,,,,,,,,,,,,,,,,https://cdn.shopify.com/s/files/1/0724/3038/7509/files/Printworks_photo-album_good-times-yellow_3.jpg?v=1743596267,5,,,,,,,,,,,,,,,,,,,,,,,
photo-album-happy-days-black-s,"Happy Days, Black S","<p><meta charset=""utf-8"">Discover our Happy Days coffee table photo album, featuring an elegant black cloth cover with gold foiled text. <br><br><meta charset=""utf-8"">The photo album includes 30 pages of high-quality black photo paper in the size 19x20,5 cm (60 pages if used double-sided), ready for your memories. Easily attach your photos with our <a href=""https://printworksmarket.com/products/photo-album-photo-stickers"">stickers</a> or <a href=""https://printworksmarket.com/collections/photo-album-accessories/products/photo-album-photo-corners"">corners.</a> The album can hold up to 40 pages, and extra <a href=""https://printworksmarket.com/products/photo-album-10-pack-refill-paper-s"">photo paper</a> (small) is available if you need more space.<br><br>Place the photo album on your coffee table to keep those moments always within reach while elevating your home decor.<br></p>",Printworks,Photo Album,Photo Album,"Small Photo Albums, small-bag, YGroup_PhotoAlbums",true,Title,Default Title,,,,,,,,PW00525,750,shopify,deny,manual,40,,true,true,,,,,,https://cdn.shopify.com/s/files/1/0724/3038/7509/files/Printworks_photo-album_happy-days-black.jpg?v=1743596269,1,,false,,,,"Vendor: Printworks
Type: Photo Album
Weight: 750g",,,,,,,,,,,,,,kg,,,active
photo-album-happy-days-black-s,,,,,,,,,,,,,,,,,,,,,,,,,,,,,,,https://cdn.shopify.com/s/files/1/0724/3038/7509/files/Printworks_PhotoAlbum_HappyDaysBlack_mood_1_jpg.jpg?v=1743596269,2,,,,,,,,,,,,,,,,,,,,,,,
photo-album-happy-days-black-s,,,,,,,,,,,,,,,,,,,,,,,,,,,,,,,https://cdn.shopify.com/s/files/1/0724/3038/7509/files/Printworks_PhotoAlbum_HappyDaysBlack_mood_2_jpg.jpg?v=1743596269,3,,,,,,,,,,,,,,,,,,,,,,,
photo-album-happy-days-black-s,,,,,,,,,,,,,,,,,,,,,,,,,,,,,,,https://cdn.shopify.com/s/files/1/0724/3038/7509/files/Printworks_photo-album_happy-days-black_2.jpg?v=1743596269,4,,,,,,,,,,,,,,,,,,,,,,,
photo-album-happy-days-black-s,,,,,,,,,,,,,,,,,,,,,,,,,,,,,,,https://cdn.shopify.com/s/files/1/0724/3038/7509/files/Printworks_photo-album_happy-days-black_3.jpg?v=1743596269,5,,,,,,,,,,,,,,,,,,,,,,,
photo-album-happy-days-s,"Happy Days, White S","<p><meta charset=""utf-8"">Discover our Happy Days coffee table photo album, featuring an elegant, light grey cloth cover with white text. <br><br><meta charset=""utf-8"">The photo album includes 30 pages of high-quality black photo paper in the size 19x20,5 cm (60 pages if used double-sided), ready for your memories. Easily attach your photos with our <a href=""https://printworksmarket.com/products/photo-album-photo-stickers"">stickers</a> or <a href=""https://printworksmarket.com/collections/photo-album-accessories/products/photo-album-photo-corners"">corners.</a> The album can hold up to 40 pages, and extra <a href=""https://printworksmarket.com/products/photo-album-10-pack-refill-paper-s"">photo paper</a> (small) is available if you need more space.<br><br>Place the photo album on your coffee table to keep those moments always within reach while elevating your home decor.<br></p>",Printworks,Photo Album,Photo Album,"Small Photo Albums, small-bag, YGroup_PhotoAlbums",true,Title,Default Title,,,,,,,,PW00465,750,shopify,deny,manual,40,,true,true,,,,,,https://cdn.shopify.com/s/files/1/0724/3038/7509/files/Printworks_photo-album_happy-days-grey.jpg?v=1743596271,1,,false,,,,"Vendor: Printworks
Type: Photo Album
Weight: 750g",,,,,,,,,,,,,,kg,,,active
photo-album-happy-days-s,,,,,,,,,,,,,,,,,,,,,,,,,,,,,,,https://cdn.shopify.com/s/files/1/0724/3038/7509/files/Printworks_PhotoAlbum_HappyDays_mood_3.jpg?v=1743596271,2,,,,,,,,,,,,,,,,,,,,,,,
photo-album-happy-days-s,,,,,,,,,,,,,,,,,,,,,,,,,,,,,,,https://cdn.shopify.com/s/files/1/0724/3038/7509/files/Printworks_PhotoAlbum_HappyDays_mood_2.jpg?v=1743596271,3,,,,,,,,,,,,,,,,,,,,,,,
photo-album-happy-days-s,,,,,,,,,,,,,,,,,,,,,,,,,,,,,,,https://cdn.shopify.com/s/files/1/0724/3038/7509/files/Printworks_PhotoAlbum_HappyDays_mood_1.jpg?v=1743596271,4,,,,,,,,,,,,,,,,,,,,,,,
photo-album-happy-days-s,,,,,,,,,,,,,,,,,,,,,,,,,,,,,,,https://cdn.shopify.com/s/files/1/0724/3038/7509/files/Printworks_photo-album_happy-days-grey_2.jpg?v=1743596272,5,,,,,,,,,,,,,,,,,,,,,,,
photo-album-happy-days-s,,,,,,,,,,,,,,,,,,,,,,,,,,,,,,,https://cdn.shopify.com/s/files/1/0724/3038/7509/files/Printworks_photo-album_happy-days-grey_3.jpg?v=1743596272,6,,,,,,,,,,,,,,,,,,,,,,,
photo-album-hello-beautiful,Hello Beautiful,"<p><meta charset=""utf-8"">Discover our Hello Beautiful coffee table photo album, featuring an elegant, white cloth cover with gold foiled text and silkscreen printed tulips in pink and orange. <br><br>The photo album includes 30 pages of high-quality black photo paper in the size 28x21 cm (60 pages if used double-sided), ready for your memories. Easily attach your photos with our <a href=""https://printworksmarket.com/products/photo-album-photo-stickers"">stickers</a> or <a href=""https://printworksmarket.com/collections/photo-album-accessories/products/photo-album-photo-corners"">corners.</a> The album can hold up to 40 pages, and extra <meta charset=""utf-8""><a href=""https://printworksmarket.com/products/photo-album-10-pack-refill-paper-l"">photo paper</a> (large) is available if you need more space.<br><br>Place the photo album on your coffee table to keep those moments always within reach while elevating your home decor.</p>",Printworks,Photo Album,Photo Album,"Large Photo Albums, medium-bag, YGroup_PhotoAlbums",true,Title,Default Title,,,,,,,,PW00516,1300,shopify,deny,manual,55,,true,true,,,,,,https://cdn.shopify.com/s/files/1/0724/3038/7509/files/Printworks_photo-album_hello-beautiful.jpg?v=1743596273,1,,false,,,,"Vendor: Printworks
Type: Photo Album
Weight: 1300g",,,,,,,,,,,,,,kg,,,active
photo-album-hello-beautiful,,,,,,,,,,,,,,,,,,,,,,,,,,,,,,,https://cdn.shopify.com/s/files/1/0724/3038/7509/files/Printworks_PhotoAlbum_HelloBeautiful_mood_1.jpg?v=1743596274,2,,,,,,,,,,,,,,,,,,,,,,,
photo-album-hello-beautiful,,,,,,,,,,,,,,,,,,,,,,,,,,,,,,,https://cdn.shopify.com/s/files/1/0724/3038/7509/files/Printworks_photo-album_hello-beautiful_2_e634d1fc-c001-4d34-825a-3cf15dab0c99.jpg?v=1764767099,3,,,,,,,,,,,,,,,,,,,,,,,
photo-album-hello-beautiful,,,,,,,,,,,,,,,,,,,,,,,,,,,,,,,https://cdn.shopify.com/s/files/1/0724/3038/7509/files/Printworks_PhotoAlbum_HelloBeautiful_mood_2.jpg?v=1764767099,4,,,,,,,,,,,,,,,,,,,,,,,
photo-album-hello-beautiful,,,,,,,,,,,,,,,,,,,,,,,,,,,,,,,https://cdn.shopify.com/s/files/1/0724/3038/7509/files/Printworks_photo-album_hello-beautiful_3.jpg?v=1764767099,5,,,,,,,,,,,,,,,,,,,,,,,
photo-album-life-in-harmony,Life in Harmony,"<p><meta charset=""utf-8"">Discover our Life in Harmony coffee table photo album, featuring an elegant white cloth cover with blue text. <br><br><meta charset=""utf-8"">The photo album includes 30 pages of high-quality black photo paper in the size 28x21 cm (60 pages if used double-sided), ready for your memories. Easily attach your photos with our <a href=""https://printworksmarket.com/products/photo-album-photo-stickers"">stickers</a> or <a href=""https://printworksmarket.com/collections/photo-album-accessories/products/photo-album-photo-corners"">corners.</a> The album can hold up to 40 pages, and extra <meta charset=""utf-8""><a href=""https://printworksmarket.com/products/photo-album-10-pack-refill-paper-l"">photo paper</a> (large) is available if you need more space.<br><br>Place the photo album on your coffee table to keep those moments always within reach while elevating your home decor.<br></p>",Printworks,Photo Album,Photo Album,"Large Photo Albums, medium-bag, YGroup_PhotoAlbums",true,Title,Default Title,,,,,,,,PW00555,1300,shopify,deny,manual,55,,true,true,,,,,,https://cdn.shopify.com/s/files/1/0724/3038/7509/files/Printworks_photo-album_life-in-harmony.jpg?v=1743596276,1,,false,,,,"Vendor: Printworks
Type: Photo Album
Weight: 1300g",,,,,,,,,,,,,,kg,,,active
photo-album-life-in-harmony,,,,,,,,,,,,,,,,,,,,,,,,,,,,,,,https://cdn.shopify.com/s/files/1/0724/3038/7509/files/Printworks_PhotoAlbum_LifeInHarmony_mood_1.jpg?v=1743596276,2,,,,,,,,,,,,,,,,,,,,,,,
photo-album-life-in-harmony,,,,,,,,,,,,,,,,,,,,,,,,,,,,,,,https://cdn.shopify.com/s/files/1/0724/3038/7509/files/Printworks_photo-album_life-in-harmony_2_b55ca510-f050-4c4d-9975-dbd5001ceeb1.jpg?v=1764767436,3,,,,,,,,,,,,,,,,,,,,,,,
photo-album-life-in-harmony,,,,,,,,,,,,,,,,,,,,,,,,,,,,,,,https://cdn.shopify.com/s/files/1/0724/3038/7509/files/Printworks_PhotoAlbum_LifeInHarmony_mood_2.jpg?v=1764767436,4,,,,,,,,,,,,,,,,,,,,,,,
photo-album-life-in-harmony,,,,,,,,,,,,,,,,,,,,,,,,,,,,,,,https://cdn.shopify.com/s/files/1/0724/3038/7509/files/Printworks_PhotoAlbum_LifeInHarmony_mood_3.jpg?v=1764767436,5,,,,,,,,,,,,,,,,,,,,,,,
photo-album-life-in-harmony,,,,,,,,,,,,,,,,,,,,,,,,,,,,,,,https://cdn.shopify.com/s/files/1/0724/3038/7509/files/Printworks_photo-album_life-in-harmony_3.jpg?v=1764767436,6,,,,,,,,,,,,,,,,,,,,,,,
photo-album-its-about-us,It's About Us,"<p><meta charset=""utf-8"">Discover our It's About Us coffee table photo album, featuring an elegant, multicolor cloth cover in black, gold, and white with gold foiled text. <br><br><meta charset=""utf-8"">The photo album includes 30 pages of high-quality black photo paper in the size 28x21 cm (60 pages if used double-sided), ready for your memories. Easily attach your photos with our <a href=""https://printworksmarket.com/products/photo-album-photo-stickers"">stickers</a> or <a href=""https://printworksmarket.com/collections/photo-album-accessories/products/photo-album-photo-corners"">corners.</a> The album can hold up to 40 pages, and extra <meta charset=""utf-8""><a href=""https://printworksmarket.com/products/photo-album-10-pack-refill-paper-l"">photo paper</a> (large) is available if you need more space.<br><br>Place the photo album on your coffee table to keep those moments always within reach while elevating your home decor.<br></p>",Printworks,Photo Album,Photo Album,"Large Photo Albums, medium-bag, YGroup_PhotoAlbums",true,Title,Default Title,,,,,,,,PW00514,1300,shopify,deny,manual,55,,true,true,,,,,,https://cdn.shopify.com/s/files/1/0724/3038/7509/files/Printworks_photo-album_its-about-us.jpg?v=1743596278,1,,false,,,,"Vendor: Printworks
Type: Photo Album
Weight: 1300g",,,,,,,,,,,,,,kg,,,active
photo-album-its-about-us,,,,,,,,,,,,,,,,,,,,,,,,,,,,,,,https://cdn.shopify.com/s/files/1/0724/3038/7509/files/Printworks_PhotoAlbum_ItAboutUs_mood_4.jpg?v=1745321499,2,,,,,,,,,,,,,,,,,,,,,,,
photo-album-its-about-us,,,,,,,,,,,,,,,,,,,,,,,,,,,,,,,https://cdn.shopify.com/s/files/1/0724/3038/7509/files/Printworks_photo-album_its-about-us_2_8afcc18c-ee9a-4339-93b8-2a6a0de84982.jpg?v=1764767146,3,,,,,,,,,,,,,,,,,,,,,,,
photo-album-its-about-us,,,,,,,,,,,,,,,,,,,,,,,,,,,,,,,https://cdn.shopify.com/s/files/1/0724/3038/7509/files/Printworks_PhotoAlbum_ItsAboutUs_mood_4.jpg?v=1764767146,4,,,,,,,,,,,,,,,,,,,,,,,
photo-album-its-about-us,,,,,,,,,,,,,,,,,,,,,,,,,,,,,,,https://cdn.shopify.com/s/files/1/0724/3038/7509/files/Printworks_PhotoAlbum_ItsAboutUs_mood_2.jpg?v=1764767146,5,,,,,,,,,,,,,,,,,,,,,,,
photo-album-its-about-us,,,,,,,,,,,,,,,,,,,,,,,,,,,,,,,https://cdn.shopify.com/s/files/1/0724/3038/7509/files/Printworks_photo-album_its-about-us_3.jpg?v=1764767146,6,,,,,,,,,,,,,,,,,,,,,,,
photo-album-life-is-a-journey,Life is a Journey,"<p><meta charset=""utf-8"">Discover our Life is a Journey coffee table photo album, featuring an elegant, turquoise cloth cover with white text.<br><br>The photo album includes 30 pages of high-quality black photo paper in the size 28x21 cm (60 pages if used double-sided), ready for your memories. Easily attach your photos with our <a href=""https://printworksmarket.com/products/photo-album-photo-stickers"">stickers</a> or <a href=""https://printworksmarket.com/collections/photo-album-accessories/products/photo-album-photo-corners"">corners.</a> The album can hold up to 40 pages, and extra <meta charset=""utf-8""><a href=""https://printworksmarket.com/products/photo-album-10-pack-refill-paper-l"">photo paper</a> (large) is available if you need more space.<br><br>Place the photo album on your coffee table to keep those moments always within reach while elevating your home decor.</p>",Printworks,Photo Album,Photo Album,"Large Photo Albums, medium-bag, YGroup_PhotoAlbums",true,Title,Default Title,,,,,,,,PW00553,1300,shopify,deny,manual,55,,true,true,,,,,,https://cdn.shopify.com/s/files/1/0724/3038/7509/files/Printworks_photo-album_life-is-a-journey.jpg?v=1743596280,1,,false,,,,"Vendor: Printworks
Type: Photo Album
Weight: 1300g",,,,,,,,,,,,,,kg,,,active
photo-album-life-is-a-journey,,,,,,,,,,,,,,,,,,,,,,,,,,,,,,,https://cdn.shopify.com/s/files/1/0724/3038/7509/files/Printworks_PhotoAlbum_LifeIsAJourney_mood_2.jpg?v=1743596280,2,,,,,,,,,,,,,,,,,,,,,,,
photo-album-life-is-a-journey,,,,,,,,,,,,,,,,,,,,,,,,,,,,,,,https://cdn.shopify.com/s/files/1/0724/3038/7509/files/Printworks_photo-album_life-is-a-journey_2_5e369774-b08b-4482-b7a4-dd9111a6f7c4.jpg?v=1764767497,3,,,,,,,,,,,,,,,,,,,,,,,
photo-album-life-is-a-journey,,,,,,,,,,,,,,,,,,,,,,,,,,,,,,,https://cdn.shopify.com/s/files/1/0724/3038/7509/files/Printworks_PhotoAlbum_LifeIsAJourney_mood_3.jpg?v=1764767497,4,,,,,,,,,,,,,,,,,,,,,,,
photo-album-life-is-a-journey,,,,,,,,,,,,,,,,,,,,,,,,,,,,,,,https://cdn.shopify.com/s/files/1/0724/3038/7509/files/Printworks_PhotoAlbum_LifeIsAJourney_mood_1.jpg?v=1764767497,5,,,,,,,,,,,,,,,,,,,,,,,
photo-album-life-is-a-journey,,,,,,,,,,,,,,,,,,,,,,,,,,,,,,,https://cdn.shopify.com/s/files/1/0724/3038/7509/files/Printworks_photo-album_life-is-a-journey_3.jpg?v=1764767497,6,,,,,,,,,,,,,,,,,,,,,,,
photo-album-picture-perfect,"Picture Perfect, Cerise","<p><meta charset=""utf-8"">Discover our Picture Perfect coffee table photo album, featuring a vibrant, cerise cloth cover with orange text.<br><br><meta charset=""utf-8"">The photo album includes 30 pages of high-quality black photo paper in the size 28x21 cm (60 pages if used double-sided), ready for your memories. Easily attach your photos with our <a href=""https://printworksmarket.com/products/photo-album-photo-stickers"">stickers</a> or <a href=""https://printworksmarket.com/collections/photo-album-accessories/products/photo-album-photo-corners"">corners.</a> The album can hold up to 40 pages, and extra <meta charset=""utf-8""><a href=""https://printworksmarket.com/products/photo-album-10-pack-refill-paper-l"">photo paper</a> (large) is available if you need more space.<br><br>Place the photo album on your coffee table to keep those moments always within reach while elevating your home decor.<br></p>",Printworks,Photo Album,Photo Album,"Large Photo Albums, medium-bag, YGroup_PhotoAlbums",true,Title,Default Title,,,,,,,,PW00554,1300,shopify,deny,manual,55,,true,true,,,,,,https://cdn.shopify.com/s/files/1/0724/3038/7509/files/Printworks_photo-album_picture-perfect-pink.jpg?v=1743596283,1,,false,,,,"Vendor: Printworks
Type: Photo Album
Weight: 1300g",,,,,,,,,,,,,,kg,,,active
photo-album-picture-perfect,,,,,,,,,,,,,,,,,,,,,,,,,,,,,,,https://cdn.shopify.com/s/files/1/0724/3038/7509/files/PicturePerfect-pink.jpg?v=1771338503,2,,,,,,,,,,,,,,,,,,,,,,,
photo-album-picture-perfect,,,,,,,,,,,,,,,,,,,,,,,,,,,,,,,https://cdn.shopify.com/s/files/1/0724/3038/7509/files/Printworks_photo-album_picture-perfect-pink_2_9e535aa2-561b-4e9e-9804-b98fa668c912.jpg?v=1771338503,3,,,,,,,,,,,,,,,,,,,,,,,
photo-album-picture-perfect,,,,,,,,,,,,,,,,,,,,,,,,,,,,,,,https://cdn.shopify.com/s/files/1/0724/3038/7509/files/Printworks_PhotoAlbum_PicturePerfectPink_mood_5.jpg?v=1771338524,4,,,,,,,,,,,,,,,,,,,,,,,
photo-album-picture-perfect,,,,,,,,,,,,,,,,,,,,,,,,,,,,,,,https://cdn.shopify.com/s/files/1/0724/3038/7509/files/Printworks_PhotoAlbum_PicturePerfectPink_mood_1.jpg?v=1771338503,5,,,,,,,,,,,,,,,,,,,,,,,
photo-album-picture-perfect,,,,,,,,,,,,,,,,,,,,,,,,,,,,,,,https://cdn.shopify.com/s/files/1/0724/3038/7509/files/Printworks_photo-album_picture-perfect-pink_3.jpg?v=1771338503,6,,,,,,,,,,,,,,,,,,,,,,,
photo-album-you-are-the-sunshine,You are the Sunshine,"<p>Discover our beautiful You Are The Sunshine coffee table photo album, featuring an elegant beige cloth cover. <br><br>The photo album includes 30 pages of high-quality black photo paper in the size 28x21 cm (60 pages if used double-sided), ready for your memories. Easily attach your photos with our <a href=""https://printworksmarket.com/products/photo-album-photo-stickers"">stickers</a> or <a href=""https://printworksmarket.com/collections/photo-album-accessories/products/photo-album-photo-corners"">corners.</a> The album can hold up to 40 pages, and extra <meta charset=""utf-8""><a href=""https://printworksmarket.com/products/photo-album-10-pack-refill-paper-l"">photo paper</a> (large) is available if you need more space.<br><br>Place the photo album on your coffee table to keep those moments always within reach while elevating your home decor.<br></p>",Printworks,Photo Album,Photo Album,"Large Photo Albums, medium-bag, YGroup_PhotoAlbums",true,Title,Default Title,,,,,,,,PW00513,1300,shopify,deny,manual,55,,true,true,,,,,,https://cdn.shopify.com/s/files/1/0724/3038/7509/files/Printworks_photo-album_you-are-the-sunshine-of-my-life.jpg?v=1743596285,1,,false,,,,"Vendor: Printworks
Type: Photo Album
Weight: 1300g",,,,,,,,,,,,,,kg,,,active
photo-album-you-are-the-sunshine,,,,,,,,,,,,,,,,,,,,,,,,,,,,,,,https://cdn.shopify.com/s/files/1/0724/3038/7509/files/Printworks_PhotoAlbum_YouAreTheSunshineOfMyLife_mood_1.jpg?v=1743596285,2,,,,,,,,,,,,,,,,,,,,,,,
photo-album-you-are-the-sunshine,,,,,,,,,,,,,,,,,,,,,,,,,,,,,,,https://cdn.shopify.com/s/files/1/0724/3038/7509/files/Printworks_photo-album_you-are-the-sunshine-of-my-life_2_75dbc5e4-6e3d-470c-96ef-ff85e5dee1cc.jpg?v=1764769028,3,,,,,,,,,,,,,,,,,,,,,,,
photo-album-you-are-the-sunshine,,,,,,,,,,,,,,,,,,,,,,,,,,,,,,,https://cdn.shopify.com/s/files/1/0724/3038/7509/files/Printworks_PhotoAlbum_YouAreTheSunshineOfMyLife_mood_2.jpg?v=1764769028,4,,,,,,,,,,,,,,,,,,,,,,,
photo-album-you-are-the-sunshine,,,,,,,,,,,,,,,,,,,,,,,,,,,,,,,https://cdn.shopify.com/s/files/1/0724/3038/7509/files/Printworks_photo-album_you-are-the-sunshine-of-my-life_3.jpg?v=1764769028,5,,,,,,,,,,,,,,,,,,,,,,,
puzzle-bee-wildlife-pattern,"Bee, 500 pieces","<p><meta charset=""utf-8""><span data-mce-fragment=""1"">Discover our ""Bee"" Puzzle - 500 pieces of captivating fun. Discover the world of bees as you assemble this 500-piece puzzle. It's not just a challenge; it's a moment of relaxation and stress relief. Once finished, it becomes a beautiful piece of art to decorate your space.</span></p>",Printworks,Puzzle,Puzzle,"small-bag, YGroup_Puzzle",true,Title,Default Title,,,,,,,,PW00519,500,shopify,deny,manual,20,,true,true,,,,,,https://cdn.shopify.com/s/files/1/0724/3038/7509/files/Printworks_puzzles_bee.jpg?v=1743596290,1,,false,,,,"Vendor: Printworks
Type: Puzzle
Weight: 500g",,,,,,,,,,,,,,kg,,,active
puzzle-bee-wildlife-pattern,,,,,,,,,,,,,,,,,,,,,,,,,,,,,,,https://cdn.shopify.com/s/files/1/0724/3038/7509/files/Printworks_puzzles_bee_2.jpg?v=1743596290,2,,,,,,,,,,,,,,,,,,,,,,,
puzzle-bee-wildlife-pattern,,,,,,,,,,,,,,,,,,,,,,,,,,,,,,,https://cdn.shopify.com/s/files/1/0724/3038/7509/files/Printworks_Puzzle_Bee_mood_1.jpg?v=1743596290,3,,,,,,,,,,,,,,,,,,,,,,,
puzzle-bee-wildlife-pattern,,,,,,,,,,,,,,,,,,,,,,,,,,,,,,,https://cdn.shopify.com/s/files/1/0724/3038/7509/files/Printworks_Puzzle_Bee_mood_2.jpg?v=1743596290,4,,,,,,,,,,,,,,,,,,,,,,,
puzzle-mandrill,"Mandrill, 100 pieces","<p><meta charset=""utf-8""><span data-mce-fragment=""1"">Elevate your mind with our compact Mandrill Puzzle, designed for both kids with an eye for aesthetics and young-at-heart adults seeking a satisfying, quick meditative experience on the go. Its small size makes it perfect for flexibility. </span></p>
<p><span data-mce-fragment=""1"">Includes 100 pieces.</span></p>",Printworks,Puzzle,Puzzle,"small-bag, YGroup_Puzzle",true,Title,Default Title,,,,,,,,PW00533,226,shopify,deny,manual,18,,true,true,,,,,,https://cdn.shopify.com/s/files/1/0724/3038/7509/files/Printworks_puzzles_mandrill.jpg?v=1743596317,1,,false,,,,"Vendor: Printworks
Type: Puzzle
Weight: 226g",,,,,,,,,,,,,,kg,,,active
puzzle-mandrill,,,,,,,,,,,,,,,,,,,,,,,,,,,,,,,https://cdn.shopify.com/s/files/1/0724/3038/7509/files/Printworks_Puzzle_Mandrill_mood_1.jpg?v=1744382629,2,,,,,,,,,,,,,,,,,,,,,,,
puzzle-mandrill,,,,,,,,,,,,,,,,,,,,,,,,,,,,,,,https://cdn.shopify.com/s/files/1/0724/3038/7509/files/Printworks_puzzles_mandrill_2.jpg?v=1744382629,3,,,,,,,,,,,,,,,,,,,,,,,
